# Blender 4.4.3
# www.blender.org
o SM_3D-Tall_PedestrainBridge_V1.0
v -15.337286 0.000000 0.000000
v -15.337286 4.000000 0.000000
v -11.662711 4.000000 0.000000
v -11.890369 3.725000 0.000000
v -7.911502 3.749866 0.000000
v -10.599281 4.005177 0.000000
v -6.990369 7.800000 0.000000
v -4.933199 7.224999 0.000000
v -11.890369 0.025000 0.000000
v -6.911502 0.049866 0.000000
v -6.995628 5.648434 0.000000
v -10.597731 4.420289 0.000000
v -10.198405 4.418707 0.000000
v -10.196913 4.818033 0.000000
v -9.797588 4.816453 0.000000
v -9.796095 5.215777 0.000000
v -9.396771 5.214198 0.000000
v -9.395277 5.613522 0.000000
v -8.995955 5.611944 0.000000
v -8.994459 6.011267 0.000000
v -8.595138 6.009690 0.000000
v -8.593641 6.409011 0.000000
v -8.194321 6.407435 0.000000
v -8.192823 6.806756 0.000000
v -7.793504 6.805182 0.000000
v -7.792006 7.204500 0.000000
v -7.392687 7.202927 0.000000
v -7.391188 7.602245 0.000000
v -6.991870 7.600673 0.000000
v 0.000000 7.800138 0.000000
v 0.000000 7.205968 0.000000
v -15.337286 0.000000 5.500000
v -11.662711 0.000000 5.500000
v -15.337286 0.250000 5.500000
v -15.337286 4.000000 1.750000
v -15.337286 0.250000 5.125000
v -15.337286 0.625000 5.125000
v -15.337286 0.625000 4.750000
v -15.337286 1.000000 4.750000
v -15.337286 1.000000 4.375000
v -15.337286 1.375000 4.375000
v -15.337286 1.375000 4.000000
v -15.337286 1.750000 4.000000
v -15.337286 1.750000 3.625000
v -15.337286 2.125000 3.625000
v -15.337286 2.125000 3.250000
v -15.337286 2.500000 3.250000
v -15.337286 2.500000 2.875000
v -15.337286 2.875000 2.875000
v -15.337286 2.875000 2.500000
v -15.337286 3.250000 2.500000
v -15.337286 3.250000 2.125000
v -15.337286 3.625000 2.125000
v -15.337286 3.625000 1.750000
v -11.662711 4.000000 1.816818
v -11.662711 0.250000 5.500000
v -11.662711 3.725000 1.816818
v -11.662711 3.625000 2.125000
v -11.662711 3.250000 2.125000
v -11.662711 3.250000 2.500000
v -11.662711 2.875000 2.500000
v -11.662711 2.875000 2.875000
v -11.662711 2.500000 2.875000
v -11.662711 2.500000 3.250000
v -11.662711 2.125000 3.250000
v -11.662711 2.125000 3.625000
v -11.662711 1.750000 3.625000
v -11.662711 1.750000 4.000000
v -11.662711 1.375000 4.000000
v -11.662711 1.375000 4.375000
v -11.662711 1.000000 4.375000
v -11.662711 1.000000 4.750000
v -11.662711 0.625000 4.750000
v -11.662711 0.625000 5.125000
v -11.662711 0.250000 5.125000
v -7.911502 3.749866 1.816818
v -10.599281 4.005177 1.816818
v -6.990369 7.800000 1.816818
v -4.933199 7.224999 1.816818
v -11.662711 0.025000 2.625000
v -6.911502 0.049866 2.625000
v -6.995628 5.648434 1.816818
v -10.597731 4.420288 1.816818
v -6.991870 7.600673 1.816818
v -7.391188 7.602245 1.816818
v -7.392687 7.202928 1.816818
v -7.792006 7.204501 1.816818
v -7.793504 6.805182 1.816818
v -8.192823 6.806756 1.816818
v -8.194321 6.407436 1.816818
v -8.593641 6.409011 1.816818
v -8.595138 6.009690 1.816818
v -8.994460 6.011267 1.816818
v -8.995955 5.611944 1.816818
v -9.395277 5.613522 1.816818
v -9.396771 5.214199 1.816818
v -9.796096 5.215777 1.816818
v -9.797588 4.816453 1.816818
v -10.196914 4.818033 1.816818
v -10.198405 4.418707 1.816818
v 0.000000 7.801680 1.481681
v 0.000000 7.205969 1.816818
v 0.000000 7.800138 1.816818
v -11.750000 4.931240 1.300043
v -11.770000 4.931240 1.699959
v -11.770000 4.968760 1.699959
v -11.770000 4.901240 1.669959
v -11.770000 4.998760 1.669959
v -12.204240 4.931240 1.696719
v -12.204240 4.968760 1.696719
v -11.804323 4.968760 1.699719
v -11.804323 4.931240 1.699719
v -12.204240 0.940847 6.451719
v -12.174240 4.901240 1.696719
v -12.204240 0.978367 6.451719
v -12.174240 1.010847 5.301719
v -11.804323 0.978367 6.451719
v -12.174240 4.998760 1.696719
v -11.804323 1.040846 5.301720
v -11.804323 1.078367 5.301720
v -11.834323 4.901240 1.696719
v -12.204240 1.078367 5.301719
v -11.834323 4.998760 1.696719
v -12.204240 1.040846 5.301719
v -11.801943 4.901240 1.673558
v -11.801943 4.998760 1.673558
v -12.204240 4.831240 1.901719
v -12.204240 4.868760 1.901719
v -11.804323 4.868760 1.901719
v -11.804323 4.831240 1.901719
v -12.174240 4.801240 1.901719
v -12.174240 4.898760 1.901719
v -11.834323 4.801240 1.901719
v -11.834323 4.898760 1.901719
v -11.804323 0.940847 6.451719
v -12.174240 1.108367 5.301719
v -12.193475 0.924572 6.478844
v -11.834323 1.010847 5.301720
v -12.174240 0.940847 6.501719
v -11.834323 1.108367 5.301720
v -12.193475 0.994642 6.478844
v -12.200983 4.968760 1.465622
v -12.028932 4.968760 1.298087
v -12.200983 4.931240 1.465622
v -12.028932 4.931240 1.298087
v -12.170888 4.901240 1.496484
v -11.997841 4.901240 1.328555
v -12.056365 4.901240 1.427566
v -11.997841 4.998760 1.328555
v -12.170888 4.998760 1.496484
v -12.056365 4.998760 1.427566
v -12.174240 0.910847 5.501719
v -11.804323 0.940847 5.501719
v -11.804323 0.978367 5.501719
v -12.204240 0.978367 5.501719
v -12.204240 0.940847 5.501719
v -12.174240 1.008367 5.501719
v -11.834323 0.910847 5.501719
v -11.834323 1.008367 5.501719
v -12.174240 0.978367 6.501719
v -11.834323 0.940847 6.501719
v -11.834323 0.910847 6.471719
v -11.815087 0.994642 6.478844
v -11.834323 0.978367 6.501719
v -11.997726 3.616158 1.873865
v -11.997726 4.831310 1.873865
v -11.948229 3.616158 1.894367
v -11.948229 4.816310 1.894367
v -11.927726 3.616158 1.943865
v -11.927726 4.781310 1.943865
v -11.948229 3.616158 1.993362
v -11.948229 4.746310 1.993362
v -11.997726 3.616158 2.013865
v -11.997726 4.731310 2.013865
v -12.047224 3.616158 1.993362
v -12.047224 4.746310 1.993362
v -12.067726 3.616158 1.943865
v -12.067726 4.781310 1.943865
v -12.047224 3.616158 1.894367
v -12.047224 4.816310 1.894367
v -12.047224 3.991594 2.659300
v -12.047224 2.856098 2.659300
v -12.067726 3.956594 2.708797
v -12.067726 2.856098 2.708797
v -12.047224 3.921594 2.758295
v -12.047224 2.856098 2.758295
v -11.997726 3.906594 2.778797
v -11.997726 2.856098 2.778797
v -11.948229 3.921594 2.758295
v -11.948229 2.856098 2.758295
v -11.927726 3.956594 2.708797
v -11.927726 2.856098 2.708797
v -11.948229 3.991594 2.659300
v -11.948229 2.856098 2.659300
v -11.997726 4.006594 2.638797
v -11.997726 2.856098 2.638797
v -12.047224 3.150814 3.398012
v -12.047224 2.109102 3.398012
v -12.067726 3.115814 3.447509
v -12.067726 2.109102 3.447509
v -12.047224 3.080814 3.497007
v -12.047224 2.109102 3.497007
v -11.997726 3.065814 3.517509
v -11.997726 2.109102 3.517509
v -11.948229 3.080814 3.497007
v -11.948229 2.109102 3.497007
v -11.927726 3.115814 3.447509
v -11.927726 2.109102 3.447509
v -11.948229 3.150814 3.398012
v -11.948229 2.109102 3.398012
v -11.997726 3.165814 3.377509
v -11.997726 2.109102 3.377509
v -12.047224 2.329161 4.149936
v -12.047224 1.324193 4.149936
v -12.067726 2.294161 4.199434
v -12.067726 1.324193 4.199434
v -12.047224 2.259161 4.248931
v -12.047224 1.324193 4.248931
v -11.997726 2.244161 4.269433
v -11.997726 1.324193 4.269433
v -11.948229 2.259161 4.248931
v -11.948229 1.324193 4.248931
v -11.927726 2.294161 4.199434
v -11.927726 1.324193 4.199434
v -11.948229 2.329161 4.149936
v -11.948229 1.324193 4.149936
v -11.997726 2.344162 4.129434
v -11.997726 1.324193 4.129434
v -12.047224 1.526688 4.869548
v -12.047224 0.471482 4.869548
v -12.067726 1.491688 4.919045
v -12.067726 0.471482 4.919045
v -12.047224 1.456688 4.968543
v -12.047224 0.471482 4.968543
v -11.997726 1.441688 4.989045
v -11.997726 0.471482 4.989045
v -11.948229 1.456688 4.968543
v -11.948229 0.471482 4.968543
v -11.927726 1.491688 4.919045
v -11.927726 0.471482 4.919045
v -11.948229 1.526688 4.869548
v -11.948229 0.471482 4.869548
v -11.997726 1.541688 4.849045
v -11.997726 0.471482 4.849045
v -11.997726 0.010258 5.521623
v -11.997726 0.958259 5.521623
v -11.948229 0.010258 5.542126
v -11.948229 0.958259 5.542126
v -11.927726 0.010258 5.591623
v -11.927726 0.958259 5.591623
v -11.948229 0.010258 5.641121
v -11.948229 0.958259 5.641121
v -11.997726 0.010258 5.661623
v -11.997726 0.958259 5.661623
v -12.047224 0.010258 5.641121
v -12.047224 0.958259 5.641121
v -12.067726 0.010258 5.591623
v -12.067726 0.958259 5.591623
v -12.047224 0.010258 5.542126
v -12.047224 0.958259 5.542126
v -11.997726 0.010258 6.221623
v -11.997726 0.958259 6.221623
v -11.948229 0.010258 6.242126
v -11.948229 0.958259 6.242126
v -11.927726 0.010258 6.291623
v -11.927726 0.958259 6.291623
v -11.948229 0.010258 6.341121
v -11.948229 0.958259 6.341121
v -11.997726 0.010258 6.361623
v -11.997726 0.958259 6.361623
v -12.047224 0.010258 6.341121
v -12.047224 0.958259 6.341121
v -12.067726 0.010258 6.291623
v -12.067726 0.958259 6.291623
v -12.047224 0.010258 6.242126
v -12.047224 0.958259 6.242126
v -11.997726 3.979456 1.429552
v -11.997726 4.948652 1.429552
v -11.948229 3.979456 1.450054
v -11.948229 4.948652 1.450054
v -11.927726 3.979456 1.499552
v -11.927726 4.948652 1.499552
v -11.948229 3.979456 1.549049
v -11.948229 4.948652 1.549049
v -11.997726 3.979456 1.569552
v -11.997726 4.948652 1.569552
v -12.047224 3.979456 1.549049
v -12.047224 4.948652 1.549049
v -12.067726 3.979456 1.499552
v -12.067726 4.948652 1.499552
v -12.047224 3.979456 1.450054
v -12.047224 4.948652 1.450054
v -15.204241 4.931240 1.696719
v -15.204241 4.968760 1.696719
v -14.804323 4.968760 1.699719
v -14.804323 4.931240 1.699719
v -15.204241 0.940847 6.451719
v -15.174240 4.901240 1.696719
v -15.204241 0.978367 6.451719
v -15.174240 1.010847 5.301719
v -14.804323 0.978367 6.451719
v -15.174240 4.998760 1.696719
v -14.804323 1.040846 5.301720
v -14.804323 1.078367 5.301720
v -14.834324 4.901240 1.696719
v -15.204241 1.078367 5.301719
v -14.834324 4.998760 1.696719
v -15.204241 1.040846 5.301719
v -15.204241 4.831240 1.901719
v -15.204241 4.868760 1.901719
v -14.804323 4.868760 1.901719
v -14.804323 4.831240 1.901719
v -15.174240 4.801240 1.901719
v -15.174240 4.898760 1.901719
v -14.834324 4.801240 1.901719
v -14.834324 4.898760 1.901719
v -14.804323 0.940847 6.451719
v -15.174240 1.108367 5.301719
v -15.193476 0.924572 6.478844
v -14.834324 1.010847 5.301720
v -15.174240 0.940847 6.501719
v -14.834324 1.108367 5.301720
v -15.193476 0.994642 6.478844
v -15.174240 0.910847 5.501719
v -14.804323 0.940847 5.501719
v -14.804323 0.978367 5.501719
v -15.204241 0.978367 5.501719
v -15.204241 0.940847 5.501719
v -15.174240 1.008367 5.501719
v -14.834324 0.910847 5.501719
v -14.834324 1.008367 5.501719
v -15.174240 0.978367 6.501719
v -14.834324 0.940847 6.501719
v -14.834324 0.910847 6.471719
v -14.834324 1.008367 6.471719
v -14.834324 0.978367 6.501719
v -14.997726 3.616158 1.873865
v -14.997726 4.831310 1.873865
v -14.948229 3.616158 1.894367
v -14.948229 4.816310 1.894367
v -14.927727 3.616158 1.943865
v -14.927727 4.781310 1.943865
v -14.948229 3.616158 1.993362
v -14.948229 4.746310 1.993362
v -14.997726 3.616158 2.013865
v -14.997726 4.731310 2.013865
v -15.047224 3.616158 1.993362
v -15.047224 4.746310 1.993362
v -15.067726 3.616158 1.943865
v -15.067726 4.781310 1.943865
v -15.047224 3.616158 1.894367
v -15.047224 4.816310 1.894367
v -15.047224 3.991594 2.659300
v -15.047224 2.856098 2.659300
v -15.067726 3.956594 2.708797
v -15.067726 2.856098 2.708797
v -15.047224 3.921594 2.758295
v -15.047224 2.856098 2.758295
v -14.997726 3.906594 2.778797
v -14.997726 2.856098 2.778797
v -14.948229 3.921594 2.758295
v -14.948229 2.856098 2.758295
v -14.927727 3.956594 2.708797
v -14.927727 2.856098 2.708797
v -14.948229 3.991594 2.659300
v -14.948229 2.856098 2.659300
v -14.997726 4.006594 2.638797
v -14.997726 2.856098 2.638797
v -15.047224 3.150814 3.398012
v -15.047224 2.109102 3.398012
v -15.067726 3.115814 3.447509
v -15.067726 2.109102 3.447509
v -15.047224 3.080814 3.497007
v -15.047224 2.109102 3.497007
v -14.997726 3.065814 3.517509
v -14.997726 2.109102 3.517509
v -14.948229 3.080814 3.497007
v -14.948229 2.109102 3.497007
v -14.927727 3.115814 3.447509
v -14.927727 2.109102 3.447509
v -14.948229 3.150814 3.398012
v -14.948229 2.109102 3.398012
v -14.997726 3.165814 3.377509
v -14.997726 2.109102 3.377509
v -15.047224 2.329161 4.149936
v -15.047224 1.324193 4.149936
v -15.067726 2.294161 4.199434
v -15.067726 1.324193 4.199434
v -15.047224 2.259161 4.248931
v -15.047224 1.324193 4.248931
v -14.997726 2.244161 4.269433
v -14.997726 1.324193 4.269433
v -14.948229 2.259161 4.248931
v -14.948229 1.324193 4.248931
v -14.927727 2.294161 4.199434
v -14.927727 1.324193 4.199434
v -14.948229 2.329161 4.149936
v -14.948229 1.324193 4.149936
v -14.997726 2.344162 4.129434
v -14.997726 1.324193 4.129434
v -15.047224 1.526688 4.869548
v -15.047224 0.471482 4.869548
v -15.067726 1.491688 4.919045
v -15.067726 0.471482 4.919045
v -15.047224 1.456688 4.968543
v -15.047224 0.471482 4.968543
v -14.997726 1.441688 4.989045
v -14.997726 0.471482 4.989045
v -14.948229 1.456688 4.968543
v -14.948229 0.471482 4.968543
v -14.927727 1.491688 4.919045
v -14.927727 0.471482 4.919045
v -14.948229 1.526688 4.869548
v -14.948229 0.471482 4.869548
v -14.997726 1.541688 4.849045
v -14.997726 0.471482 4.849045
v -14.997726 0.010258 5.521623
v -14.997726 0.958259 5.521623
v -14.948229 0.010258 5.542126
v -14.948229 0.958259 5.542126
v -14.927727 0.010258 5.591623
v -14.927727 0.958259 5.591623
v -14.948229 0.010258 5.641121
v -14.948229 0.958259 5.641121
v -14.997726 0.010258 5.661623
v -14.997726 0.958259 5.661623
v -15.047224 0.010258 5.641121
v -15.047224 0.958259 5.641121
v -15.067726 0.010258 5.591623
v -15.067726 0.958259 5.591623
v -15.047224 0.010258 5.542126
v -15.047224 0.958259 5.542126
v -14.997726 0.010258 6.221623
v -14.997726 0.958259 6.221623
v -14.948229 0.010258 6.242126
v -14.948229 0.958259 6.242126
v -14.927727 0.010258 6.291623
v -14.927727 0.958259 6.291623
v -14.948229 0.010258 6.341121
v -14.948229 0.958259 6.341121
v -14.997726 0.010258 6.361623
v -14.997726 0.958259 6.361623
v -15.047224 0.010258 6.341121
v -15.047224 0.958259 6.341121
v -15.067726 0.010258 6.291623
v -15.067726 0.958259 6.291623
v -15.047224 0.010258 6.242126
v -15.047224 0.958259 6.242126
v -14.804323 4.968760 0.000000
v -14.804323 4.931240 0.000000
v -14.997726 4.000651 1.029552
v -14.997726 4.948652 1.029552
v -14.948229 4.000651 1.050054
v -14.948229 4.948652 1.050054
v -14.927726 4.000651 1.099552
v -14.927726 4.948652 1.099552
v -14.948229 4.000651 1.149049
v -14.948229 4.948652 1.149049
v -14.997726 4.000651 1.169552
v -14.997726 4.948652 1.169552
v -15.047224 4.000651 1.149049
v -15.047224 4.948652 1.149049
v -15.067726 4.000651 1.099552
v -15.067726 4.948652 1.099552
v -15.047224 4.000651 1.050054
v -15.047224 4.948652 1.050054
v -14.997726 4.000651 0.329552
v -14.997726 4.948652 0.329552
v -14.948229 4.000651 0.350054
v -14.948229 4.948652 0.350054
v -14.927726 4.000651 0.399552
v -14.927726 4.948652 0.399552
v -14.948229 4.000651 0.449049
v -14.948229 4.948652 0.449049
v -14.997726 4.000651 0.469552
v -14.997726 4.948652 0.469552
v -15.047224 4.000651 0.449049
v -15.047224 4.948652 0.449049
v -15.067726 4.000651 0.399552
v -15.067726 4.948652 0.399552
v -15.047224 4.000651 0.350054
v -15.047224 4.948652 0.350054
v -14.834324 4.998760 0.000000
v -15.174240 4.998760 0.000000
v -15.174240 4.901240 0.000000
v -15.204241 4.931240 0.000000
v -14.834324 4.901240 0.000000
v -15.204241 4.968760 0.000000
v -6.980000 8.931240 1.300043
v -7.000000 8.998760 1.330043
v -7.000000 8.998760 1.669959
v -0.527916 7.750079 1.429552
v -0.527916 8.948652 1.429552
v -0.478418 7.750079 1.450054
v -0.478418 8.948652 1.450054
v -0.457915 7.750079 1.499552
v -0.457915 8.948652 1.499552
v -0.478418 7.750079 1.549049
v -0.478418 8.948652 1.549049
v -0.527916 7.750079 1.569552
v -0.527916 8.948652 1.569552
v -0.577413 7.750079 1.549049
v -0.577413 8.948652 1.549049
v -0.597916 7.750079 1.499552
v -0.597916 8.948652 1.499552
v -0.577413 7.750079 1.450054
v -0.577413 8.948652 1.450054
v -1.527916 7.750079 1.429552
v -1.527916 8.948652 1.429552
v -1.478418 7.750079 1.450054
v -1.478418 8.948652 1.450054
v -1.457915 7.750079 1.499552
v -1.457915 8.948652 1.499552
v -1.478418 7.750079 1.549049
v -1.478418 8.948652 1.549049
v -1.527916 7.750079 1.569552
v -1.527916 8.948652 1.569552
v -1.577413 7.750079 1.549049
v -1.577413 8.948652 1.549049
v -1.597916 7.750079 1.499552
v -1.597916 8.948652 1.499552
v -1.577413 7.750079 1.450054
v -1.577413 8.948652 1.450054
v -2.527916 7.750079 1.429552
v -2.527916 8.948652 1.429552
v -2.478418 7.750079 1.450054
v -2.478418 8.948652 1.450054
v -2.457915 7.750079 1.499552
v -2.457915 8.948652 1.499552
v -2.478418 7.750079 1.549049
v -2.478418 8.948652 1.549049
v -2.527916 7.750079 1.569552
v -2.527916 8.948652 1.569552
v -2.577413 7.750079 1.549049
v -2.577413 8.948652 1.549049
v -2.597916 7.750079 1.499552
v -2.597916 8.948652 1.499552
v -2.577413 7.750079 1.450054
v -2.577413 8.948652 1.450054
v -3.527916 7.750079 1.429552
v -3.527916 8.948652 1.429552
v -3.478418 7.750079 1.450054
v -3.478418 8.948652 1.450054
v -3.457915 7.750079 1.499552
v -3.457915 8.948652 1.499552
v -3.478418 7.750079 1.549049
v -3.478418 8.948652 1.549049
v -3.527916 7.750079 1.569552
v -3.527916 8.948652 1.569552
v -3.577413 7.750079 1.549049
v -3.577413 8.948652 1.549049
v -3.597916 7.750079 1.499552
v -3.597916 8.948652 1.499552
v -3.577413 7.750079 1.450054
v -3.577413 8.948652 1.450054
v -4.527916 7.750079 1.429552
v -4.527916 8.948652 1.429552
v -4.478418 7.750079 1.450054
v -4.478418 8.948652 1.450054
v -4.457915 7.750079 1.499552
v -4.457915 8.948652 1.499552
v -4.478418 7.750079 1.549049
v -4.478418 8.948652 1.549049
v -4.527916 7.750079 1.569552
v -4.527916 8.948652 1.569552
v -4.577414 7.750079 1.549049
v -4.577414 8.948652 1.549049
v -4.597916 7.750079 1.499552
v -4.597916 8.948652 1.499552
v -4.577414 7.750079 1.450054
v -4.577414 8.948652 1.450054
v -5.527916 7.750079 1.429552
v -5.527916 8.948652 1.429552
v -5.478418 7.750079 1.450054
v -5.478418 8.948652 1.450054
v -5.457915 7.750079 1.499552
v -5.457915 8.948652 1.499552
v -5.478418 7.750079 1.549049
v -5.478418 8.948652 1.549049
v -5.527916 7.750079 1.569552
v -5.527916 8.948652 1.569552
v -5.577414 7.750079 1.549049
v -5.577414 8.948652 1.549049
v -5.597916 7.750079 1.499552
v -5.597916 8.948652 1.499552
v -5.577414 7.750079 1.450054
v -5.577414 8.948652 1.450054
v -6.527916 7.750079 1.429552
v -6.527916 8.948652 1.429552
v -6.478418 7.750079 1.450054
v -6.478418 8.948652 1.450054
v -6.457915 7.750079 1.499552
v -6.457915 8.948652 1.499552
v -6.478418 7.750079 1.549049
v -6.478418 8.948652 1.549049
v -6.527916 7.750079 1.569552
v -6.527916 8.948652 1.569552
v -6.577414 7.750079 1.549049
v -6.577414 8.948652 1.549049
v -6.597916 7.750079 1.499552
v -6.597916 8.948652 1.499552
v -6.577414 7.750079 1.450054
v -6.577414 8.948652 1.450054
v -10.604819 5.010847 1.332843
v -11.764820 4.978367 1.302843
v -6.999820 8.901239 1.332843
v -7.002820 8.931240 1.702760
v -7.002820 8.968760 1.702760
v -6.999820 8.968760 1.302843
v 0.000000 8.968760 1.699959
v 0.000000 8.931240 1.300043
v 0.000000 8.998760 1.330043
v 0.000000 8.998760 1.669959
v 0.000000 8.931240 1.699959
v 0.000000 8.968760 1.300043
v 0.000000 8.901239 1.330043
v 0.000000 8.901239 1.669959
v -10.604820 5.040846 1.702760
v -10.604820 5.078367 1.702760
v -6.999820 8.901239 1.672760
v -10.604819 5.078367 1.302843
v -10.604819 5.040846 1.302843
v -7.204820 8.831240 1.302843
v -7.204820 8.868760 1.302843
v -7.204820 8.868760 1.702760
v -7.204820 8.831240 1.702760
v -7.204820 8.801240 1.332843
v -7.204820 8.898760 1.332843
v -7.204820 8.801240 1.672760
v -7.204820 8.898760 1.672760
v -10.604819 5.108367 1.332843
v -11.764820 4.910847 1.332843
v -10.604820 5.010847 1.672760
v -10.604820 5.108367 1.672760
v -10.804820 4.910847 1.332843
v -10.804820 4.940846 1.702760
v -10.804820 4.978367 1.702760
v -10.804820 4.978367 1.302843
v -10.804820 4.940846 1.302843
v -10.804820 5.008368 1.332843
v -10.804820 4.910847 1.672760
v -10.804820 5.008368 1.672760
v -11.764820 5.008368 1.332843
v -7.098643 7.571403 1.509356
v -7.098643 8.893320 1.509356
v -7.119146 7.571403 1.558854
v -7.119146 8.878320 1.558854
v -7.168643 7.571403 1.579357
v -7.168643 8.843320 1.579357
v -7.218141 7.571403 1.558854
v -7.218141 8.808319 1.558854
v -7.238643 7.571403 1.509356
v -7.238643 8.793320 1.509356
v -7.218141 7.571403 1.459859
v -7.218141 8.808319 1.459859
v -7.168643 7.571403 1.439357
v -7.168643 8.843320 1.439357
v -7.119146 7.571403 1.459859
v -7.119146 8.878320 1.459859
v -7.938674 7.989572 1.459859
v -7.938674 6.769823 1.459859
v -7.988172 7.954572 1.439357
v -7.988172 6.769823 1.439357
v -8.037670 7.919572 1.459859
v -8.037670 6.769823 1.459859
v -8.058172 7.904572 1.509356
v -8.058172 6.769823 1.509356
v -8.037670 7.919572 1.558854
v -8.037670 6.769823 1.558854
v -7.988172 7.954572 1.579357
v -7.988172 6.769823 1.579357
v -7.938674 7.989572 1.558854
v -7.938674 6.769823 1.558854
v -7.918171 8.004570 1.509356
v -7.918171 6.769823 1.509356
v -8.731309 7.104980 1.459859
v -8.731309 5.979014 1.459859
v -8.780807 7.069981 1.439357
v -8.780807 5.979014 1.439357
v -8.830304 7.034980 1.459859
v -8.830304 5.979014 1.459859
v -8.850807 7.019980 1.509356
v -8.850807 5.979014 1.509356
v -8.830304 7.034980 1.558854
v -8.830304 5.979014 1.558854
v -8.780807 7.069981 1.579357
v -8.780807 5.979014 1.579357
v -8.731309 7.104980 1.558854
v -8.731309 5.979014 1.558854
v -8.710807 7.119980 1.509356
v -8.710807 5.979014 1.509356
v -9.519037 6.224565 1.459859
v -9.519037 5.170838 1.459859
v -9.568535 6.189565 1.439357
v -9.568535 5.170838 1.439357
v -9.618032 6.154565 1.459859
v -9.618032 5.170838 1.459859
v -9.638535 6.139565 1.509356
v -9.638535 5.170838 1.509356
v -9.618032 6.154565 1.558854
v -9.618032 5.170838 1.558854
v -9.568535 6.189565 1.579357
v -9.568535 5.170838 1.579357
v -9.519037 6.224565 1.558854
v -9.519037 5.170838 1.558854
v -9.498535 6.239565 1.509356
v -9.498535 5.170838 1.509356
v -10.337650 5.332568 1.459859
v -10.337650 4.277363 1.459859
v -10.387148 5.297568 1.439357
v -10.387148 4.277363 1.439357
v -10.436646 5.262568 1.459859
v -10.436646 4.277363 1.459859
v -10.457148 5.247568 1.509356
v -10.457148 4.277363 1.509356
v -10.436646 5.262568 1.558854
v -10.436646 4.277363 1.558854
v -10.387148 5.297568 1.579357
v -10.387148 4.277363 1.579357
v -10.337650 5.332568 1.558854
v -10.337650 4.277363 1.558854
v -10.317148 5.347569 1.509356
v -10.317148 4.277363 1.509356
v -10.749723 3.952022 1.459357
v -10.749723 4.958259 1.459357
v -10.770226 3.952022 1.508854
v -10.770226 4.958259 1.508854
v -10.819724 3.952022 1.529357
v -10.819724 4.958259 1.529357
v -10.869222 3.952022 1.508854
v -10.869222 4.958259 1.508854
v -10.889725 3.952022 1.459357
v -10.889725 4.958259 1.459357
v -10.869222 3.952022 1.409859
v -10.869222 4.958259 1.409859
v -10.819724 3.952022 1.389357
v -10.819724 4.958259 1.389357
v -10.770226 3.952022 1.409859
v -10.770226 4.958259 1.409859
v -11.449724 3.952022 1.459357
v -11.449724 4.958259 1.459357
v -11.470226 3.952022 1.508854
v -11.470226 4.958259 1.508854
v -11.519724 3.952022 1.529357
v -11.519724 4.958259 1.529357
v -11.569221 3.952022 1.508854
v -11.569221 4.958259 1.508854
v -11.589724 3.952022 1.459357
v -11.589724 4.958259 1.459357
v -11.569221 3.952022 1.409859
v -11.569221 4.958259 1.409859
v -11.519724 3.952022 1.389357
v -11.519724 4.958259 1.389357
v -11.470226 3.952022 1.409859
v -11.470226 4.958259 1.409859
v 15.337286 0.000000 0.000000
v 15.337286 4.000000 0.000000
v 11.662711 4.000000 0.000000
v 11.890369 3.725000 0.000000
v 7.911502 3.749866 0.000000
v 10.599281 4.005177 0.000000
v 6.990369 7.800000 0.000000
v 4.933199 7.224999 0.000000
v 11.890369 0.025000 0.000000
v 6.911502 0.049866 0.000000
v 6.995628 5.648434 0.000000
v 10.597731 4.420289 0.000000
v 10.198405 4.418707 0.000000
v 10.196913 4.818033 0.000000
v 9.797588 4.816453 0.000000
v 9.796095 5.215777 0.000000
v 9.396771 5.214198 0.000000
v 9.395277 5.613522 0.000000
v 8.995955 5.611944 0.000000
v 8.994459 6.011267 0.000000
v 8.595138 6.009690 0.000000
v 8.593641 6.409011 0.000000
v 8.194321 6.407435 0.000000
v 8.192823 6.806756 0.000000
v 7.793504 6.805182 0.000000
v 7.792006 7.204500 0.000000
v 7.392687 7.202927 0.000000
v 7.391188 7.602245 0.000000
v 6.991870 7.600673 0.000000
v 15.337286 0.000000 5.500000
v 11.662711 0.000000 5.500000
v 15.337286 0.250000 5.500000
v 15.337286 4.000000 1.750000
v 15.337286 0.250000 5.125000
v 15.337286 0.625000 5.125000
v 15.337286 0.625000 4.750000
v 15.337286 1.000000 4.750000
v 15.337286 1.000000 4.375000
v 15.337286 1.375000 4.375000
v 15.337286 1.375000 4.000000
v 15.337286 1.750000 4.000000
v 15.337286 1.750000 3.625000
v 15.337286 2.125000 3.625000
v 15.337286 2.125000 3.250000
v 15.337286 2.500000 3.250000
v 15.337286 2.500000 2.875000
v 15.337286 2.875000 2.875000
v 15.337286 2.875000 2.500000
v 15.337286 3.250000 2.500000
v 15.337286 3.250000 2.125000
v 15.337286 3.625000 2.125000
v 15.337286 3.625000 1.750000
v 11.662711 4.000000 1.816818
v 11.662711 0.250000 5.500000
v 11.662711 3.725000 1.816818
v 11.662711 3.625000 2.125000
v 11.662711 3.250000 2.125000
v 11.662711 3.250000 2.500000
v 11.662711 2.875000 2.500000
v 11.662711 2.875000 2.875000
v 11.662711 2.500000 2.875000
v 11.662711 2.500000 3.250000
v 11.662711 2.125000 3.250000
v 11.662711 2.125000 3.625000
v 11.662711 1.750000 3.625000
v 11.662711 1.750000 4.000000
v 11.662711 1.375000 4.000000
v 11.662711 1.375000 4.375000
v 11.662711 1.000000 4.375000
v 11.662711 1.000000 4.750000
v 11.662711 0.625000 4.750000
v 11.662711 0.625000 5.125000
v 11.662711 0.250000 5.125000
v 7.911502 3.749866 1.816818
v 10.599281 4.005177 1.816818
v 6.990369 7.800000 1.816818
v 4.933199 7.224999 1.816818
v 11.662711 0.025000 2.625000
v 6.911502 0.049866 2.625000
v 6.995628 5.648434 1.816818
v 10.597731 4.420288 1.816818
v 6.991870 7.600673 1.816818
v 7.391188 7.602245 1.816818
v 7.392687 7.202928 1.816818
v 7.792006 7.204501 1.816818
v 7.793504 6.805182 1.816818
v 8.192823 6.806756 1.816818
v 8.194321 6.407436 1.816818
v 8.593641 6.409011 1.816818
v 8.595138 6.009690 1.816818
v 8.994460 6.011267 1.816818
v 8.995955 5.611944 1.816818
v 9.395277 5.613522 1.816818
v 9.396771 5.214199 1.816818
v 9.796096 5.215777 1.816818
v 9.797588 4.816453 1.816818
v 10.196914 4.818033 1.816818
v 10.198405 4.418707 1.816818
v 11.750000 4.931240 1.300043
v 11.770000 4.931240 1.699959
v 11.770000 4.968760 1.699959
v 11.770000 4.901240 1.669959
v 11.770000 4.998760 1.669959
v 12.204240 4.931240 1.696719
v 12.204240 4.968760 1.696719
v 11.804323 4.968760 1.699719
v 11.804323 4.931240 1.699719
v 12.204240 0.940847 6.451719
v 12.174240 4.901240 1.696719
v 12.204240 0.978367 6.451719
v 12.174240 1.010847 5.301719
v 11.804323 0.978367 6.451719
v 12.174240 4.998760 1.696719
v 11.804323 1.040846 5.301720
v 11.804323 1.078367 5.301720
v 11.834323 4.901240 1.696719
v 12.204240 1.078367 5.301719
v 11.834323 4.998760 1.696719
v 12.204240 1.040846 5.301719
v 11.801943 4.901240 1.673558
v 11.801943 4.998760 1.673558
v 12.204240 4.831240 1.901719
v 12.204240 4.868760 1.901719
v 11.804323 4.868760 1.901719
v 11.804323 4.831240 1.901719
v 12.174240 4.801240 1.901719
v 12.174240 4.898760 1.901719
v 11.834323 4.801240 1.901719
v 11.834323 4.898760 1.901719
v 11.804323 0.940847 6.451719
v 12.174240 1.108367 5.301719
v 12.193475 0.924572 6.478844
v 11.834323 1.010847 5.301720
v 12.174240 0.940847 6.501719
v 11.834323 1.108367 5.301720
v 12.193475 0.994642 6.478844
v 12.200983 4.968760 1.465622
v 12.028932 4.968760 1.298087
v 12.200983 4.931240 1.465622
v 12.028932 4.931240 1.298087
v 12.170888 4.901240 1.496484
v 11.997841 4.901240 1.328555
v 12.056365 4.901240 1.427566
v 11.997841 4.998760 1.328555
v 12.170888 4.998760 1.496484
v 12.056365 4.998760 1.427566
v 12.174240 0.910847 5.501719
v 11.804323 0.940847 5.501719
v 11.804323 0.978367 5.501719
v 12.204240 0.978367 5.501719
v 12.204240 0.940847 5.501719
v 12.174240 1.008367 5.501719
v 11.834323 0.910847 5.501719
v 11.834323 1.008367 5.501719
v 12.174240 0.978367 6.501719
v 11.834323 0.940847 6.501719
v 11.834323 0.910847 6.471719
v 11.815087 0.994642 6.478844
v 11.834323 0.978367 6.501719
v 11.997726 3.616158 1.873865
v 11.997726 4.831310 1.873865
v 11.948229 3.616158 1.894367
v 11.948229 4.816310 1.894367
v 11.927726 3.616158 1.943865
v 11.927726 4.781310 1.943865
v 11.948229 3.616158 1.993362
v 11.948229 4.746310 1.993362
v 11.997726 3.616158 2.013865
v 11.997726 4.731310 2.013865
v 12.047224 3.616158 1.993362
v 12.047224 4.746310 1.993362
v 12.067726 3.616158 1.943865
v 12.067726 4.781310 1.943865
v 12.047224 3.616158 1.894367
v 12.047224 4.816310 1.894367
v 12.047224 3.991594 2.659300
v 12.047224 2.856098 2.659300
v 12.067726 3.956594 2.708797
v 12.067726 2.856098 2.708797
v 12.047224 3.921594 2.758295
v 12.047224 2.856098 2.758295
v 11.997726 3.906594 2.778797
v 11.997726 2.856098 2.778797
v 11.948229 3.921594 2.758295
v 11.948229 2.856098 2.758295
v 11.927726 3.956594 2.708797
v 11.927726 2.856098 2.708797
v 11.948229 3.991594 2.659300
v 11.948229 2.856098 2.659300
v 11.997726 4.006594 2.638797
v 11.997726 2.856098 2.638797
v 12.047224 3.150814 3.398012
v 12.047224 2.109102 3.398012
v 12.067726 3.115814 3.447509
v 12.067726 2.109102 3.447509
v 12.047224 3.080814 3.497007
v 12.047224 2.109102 3.497007
v 11.997726 3.065814 3.517509
v 11.997726 2.109102 3.517509
v 11.948229 3.080814 3.497007
v 11.948229 2.109102 3.497007
v 11.927726 3.115814 3.447509
v 11.927726 2.109102 3.447509
v 11.948229 3.150814 3.398012
v 11.948229 2.109102 3.398012
v 11.997726 3.165814 3.377509
v 11.997726 2.109102 3.377509
v 12.047224 2.329161 4.149936
v 12.047224 1.324193 4.149936
v 12.067726 2.294161 4.199434
v 12.067726 1.324193 4.199434
v 12.047224 2.259161 4.248931
v 12.047224 1.324193 4.248931
v 11.997726 2.244161 4.269433
v 11.997726 1.324193 4.269433
v 11.948229 2.259161 4.248931
v 11.948229 1.324193 4.248931
v 11.927726 2.294161 4.199434
v 11.927726 1.324193 4.199434
v 11.948229 2.329161 4.149936
v 11.948229 1.324193 4.149936
v 11.997726 2.344162 4.129434
v 11.997726 1.324193 4.129434
v 12.047224 1.526688 4.869548
v 12.047224 0.471482 4.869548
v 12.067726 1.491688 4.919045
v 12.067726 0.471482 4.919045
v 12.047224 1.456688 4.968543
v 12.047224 0.471482 4.968543
v 11.997726 1.441688 4.989045
v 11.997726 0.471482 4.989045
v 11.948229 1.456688 4.968543
v 11.948229 0.471482 4.968543
v 11.927726 1.491688 4.919045
v 11.927726 0.471482 4.919045
v 11.948229 1.526688 4.869548
v 11.948229 0.471482 4.869548
v 11.997726 1.541688 4.849045
v 11.997726 0.471482 4.849045
v 11.997726 0.010258 5.521623
v 11.997726 0.958259 5.521623
v 11.948229 0.010258 5.542126
v 11.948229 0.958259 5.542126
v 11.927726 0.010258 5.591623
v 11.927726 0.958259 5.591623
v 11.948229 0.010258 5.641121
v 11.948229 0.958259 5.641121
v 11.997726 0.010258 5.661623
v 11.997726 0.958259 5.661623
v 12.047224 0.010258 5.641121
v 12.047224 0.958259 5.641121
v 12.067726 0.010258 5.591623
v 12.067726 0.958259 5.591623
v 12.047224 0.010258 5.542126
v 12.047224 0.958259 5.542126
v 11.997726 0.010258 6.221623
v 11.997726 0.958259 6.221623
v 11.948229 0.010258 6.242126
v 11.948229 0.958259 6.242126
v 11.927726 0.010258 6.291623
v 11.927726 0.958259 6.291623
v 11.948229 0.010258 6.341121
v 11.948229 0.958259 6.341121
v 11.997726 0.010258 6.361623
v 11.997726 0.958259 6.361623
v 12.047224 0.010258 6.341121
v 12.047224 0.958259 6.341121
v 12.067726 0.010258 6.291623
v 12.067726 0.958259 6.291623
v 12.047224 0.010258 6.242126
v 12.047224 0.958259 6.242126
v 11.997726 3.979456 1.429552
v 11.997726 4.948652 1.429552
v 11.948229 3.979456 1.450054
v 11.948229 4.948652 1.450054
v 11.927726 3.979456 1.499552
v 11.927726 4.948652 1.499552
v 11.948229 3.979456 1.549049
v 11.948229 4.948652 1.549049
v 11.997726 3.979456 1.569552
v 11.997726 4.948652 1.569552
v 12.047224 3.979456 1.549049
v 12.047224 4.948652 1.549049
v 12.067726 3.979456 1.499552
v 12.067726 4.948652 1.499552
v 12.047224 3.979456 1.450054
v 12.047224 4.948652 1.450054
v 15.204241 4.931240 1.696719
v 15.204241 4.968760 1.696719
v 14.804323 4.968760 1.699719
v 14.804323 4.931240 1.699719
v 15.204241 0.940847 6.451719
v 15.174240 4.901240 1.696719
v 15.204241 0.978367 6.451719
v 15.174240 1.010847 5.301719
v 14.804323 0.978367 6.451719
v 15.174240 4.998760 1.696719
v 14.804323 1.040846 5.301720
v 14.804323 1.078367 5.301720
v 14.834324 4.901240 1.696719
v 15.204241 1.078367 5.301719
v 14.834324 4.998760 1.696719
v 15.204241 1.040846 5.301719
v 15.204241 4.831240 1.901719
v 15.204241 4.868760 1.901719
v 14.804323 4.868760 1.901719
v 14.804323 4.831240 1.901719
v 15.174240 4.801240 1.901719
v 15.174240 4.898760 1.901719
v 14.834324 4.801240 1.901719
v 14.834324 4.898760 1.901719
v 14.804323 0.940847 6.451719
v 15.174240 1.108367 5.301719
v 15.193476 0.924572 6.478844
v 14.834324 1.010847 5.301720
v 15.174240 0.940847 6.501719
v 14.834324 1.108367 5.301720
v 15.193476 0.994642 6.478844
v 15.174240 0.910847 5.501719
v 14.804323 0.940847 5.501719
v 14.804323 0.978367 5.501719
v 15.204241 0.978367 5.501719
v 15.204241 0.940847 5.501719
v 15.174240 1.008367 5.501719
v 14.834324 0.910847 5.501719
v 14.834324 1.008367 5.501719
v 15.174240 0.978367 6.501719
v 14.834324 0.940847 6.501719
v 14.834324 0.910847 6.471719
v 14.834324 1.008367 6.471719
v 14.834324 0.978367 6.501719
v 14.997726 3.616158 1.873865
v 14.997726 4.831310 1.873865
v 14.948229 3.616158 1.894367
v 14.948229 4.816310 1.894367
v 14.927727 3.616158 1.943865
v 14.927727 4.781310 1.943865
v 14.948229 3.616158 1.993362
v 14.948229 4.746310 1.993362
v 14.997726 3.616158 2.013865
v 14.997726 4.731310 2.013865
v 15.047224 3.616158 1.993362
v 15.047224 4.746310 1.993362
v 15.067726 3.616158 1.943865
v 15.067726 4.781310 1.943865
v 15.047224 3.616158 1.894367
v 15.047224 4.816310 1.894367
v 15.047224 3.991594 2.659300
v 15.047224 2.856098 2.659300
v 15.067726 3.956594 2.708797
v 15.067726 2.856098 2.708797
v 15.047224 3.921594 2.758295
v 15.047224 2.856098 2.758295
v 14.997726 3.906594 2.778797
v 14.997726 2.856098 2.778797
v 14.948229 3.921594 2.758295
v 14.948229 2.856098 2.758295
v 14.927727 3.956594 2.708797
v 14.927727 2.856098 2.708797
v 14.948229 3.991594 2.659300
v 14.948229 2.856098 2.659300
v 14.997726 4.006594 2.638797
v 14.997726 2.856098 2.638797
v 15.047224 3.150814 3.398012
v 15.047224 2.109102 3.398012
v 15.067726 3.115814 3.447509
v 15.067726 2.109102 3.447509
v 15.047224 3.080814 3.497007
v 15.047224 2.109102 3.497007
v 14.997726 3.065814 3.517509
v 14.997726 2.109102 3.517509
v 14.948229 3.080814 3.497007
v 14.948229 2.109102 3.497007
v 14.927727 3.115814 3.447509
v 14.927727 2.109102 3.447509
v 14.948229 3.150814 3.398012
v 14.948229 2.109102 3.398012
v 14.997726 3.165814 3.377509
v 14.997726 2.109102 3.377509
v 15.047224 2.329161 4.149936
v 15.047224 1.324193 4.149936
v 15.067726 2.294161 4.199434
v 15.067726 1.324193 4.199434
v 15.047224 2.259161 4.248931
v 15.047224 1.324193 4.248931
v 14.997726 2.244161 4.269433
v 14.997726 1.324193 4.269433
v 14.948229 2.259161 4.248931
v 14.948229 1.324193 4.248931
v 14.927727 2.294161 4.199434
v 14.927727 1.324193 4.199434
v 14.948229 2.329161 4.149936
v 14.948229 1.324193 4.149936
v 14.997726 2.344162 4.129434
v 14.997726 1.324193 4.129434
v 15.047224 1.526688 4.869548
v 15.047224 0.471482 4.869548
v 15.067726 1.491688 4.919045
v 15.067726 0.471482 4.919045
v 15.047224 1.456688 4.968543
v 15.047224 0.471482 4.968543
v 14.997726 1.441688 4.989045
v 14.997726 0.471482 4.989045
v 14.948229 1.456688 4.968543
v 14.948229 0.471482 4.968543
v 14.927727 1.491688 4.919045
v 14.927727 0.471482 4.919045
v 14.948229 1.526688 4.869548
v 14.948229 0.471482 4.869548
v 14.997726 1.541688 4.849045
v 14.997726 0.471482 4.849045
v 14.997726 0.010258 5.521623
v 14.997726 0.958259 5.521623
v 14.948229 0.010258 5.542126
v 14.948229 0.958259 5.542126
v 14.927727 0.010258 5.591623
v 14.927727 0.958259 5.591623
v 14.948229 0.010258 5.641121
v 14.948229 0.958259 5.641121
v 14.997726 0.010258 5.661623
v 14.997726 0.958259 5.661623
v 15.047224 0.010258 5.641121
v 15.047224 0.958259 5.641121
v 15.067726 0.010258 5.591623
v 15.067726 0.958259 5.591623
v 15.047224 0.010258 5.542126
v 15.047224 0.958259 5.542126
v 14.997726 0.010258 6.221623
v 14.997726 0.958259 6.221623
v 14.948229 0.010258 6.242126
v 14.948229 0.958259 6.242126
v 14.927727 0.010258 6.291623
v 14.927727 0.958259 6.291623
v 14.948229 0.010258 6.341121
v 14.948229 0.958259 6.341121
v 14.997726 0.010258 6.361623
v 14.997726 0.958259 6.361623
v 15.047224 0.010258 6.341121
v 15.047224 0.958259 6.341121
v 15.067726 0.010258 6.291623
v 15.067726 0.958259 6.291623
v 15.047224 0.010258 6.242126
v 15.047224 0.958259 6.242126
v 14.804323 4.968760 0.000000
v 14.804323 4.931240 0.000000
v 14.997726 4.000651 1.029552
v 14.997726 4.948652 1.029552
v 14.948229 4.000651 1.050054
v 14.948229 4.948652 1.050054
v 14.927726 4.000651 1.099552
v 14.927726 4.948652 1.099552
v 14.948229 4.000651 1.149049
v 14.948229 4.948652 1.149049
v 14.997726 4.000651 1.169552
v 14.997726 4.948652 1.169552
v 15.047224 4.000651 1.149049
v 15.047224 4.948652 1.149049
v 15.067726 4.000651 1.099552
v 15.067726 4.948652 1.099552
v 15.047224 4.000651 1.050054
v 15.047224 4.948652 1.050054
v 14.997726 4.000651 0.329552
v 14.997726 4.948652 0.329552
v 14.948229 4.000651 0.350054
v 14.948229 4.948652 0.350054
v 14.927726 4.000651 0.399552
v 14.927726 4.948652 0.399552
v 14.948229 4.000651 0.449049
v 14.948229 4.948652 0.449049
v 14.997726 4.000651 0.469552
v 14.997726 4.948652 0.469552
v 15.047224 4.000651 0.449049
v 15.047224 4.948652 0.449049
v 15.067726 4.000651 0.399552
v 15.067726 4.948652 0.399552
v 15.047224 4.000651 0.350054
v 15.047224 4.948652 0.350054
v 14.834324 4.998760 0.000000
v 15.174240 4.998760 0.000000
v 15.174240 4.901240 0.000000
v 15.204241 4.931240 0.000000
v 14.834324 4.901240 0.000000
v 15.204241 4.968760 0.000000
v 6.980000 8.931240 1.300043
v 7.000000 8.998760 1.330043
v 7.000000 8.998760 1.669959
v 0.527916 7.750079 1.429552
v 0.527916 8.948652 1.429552
v 0.478418 7.750079 1.450054
v 0.478418 8.948652 1.450054
v 0.457915 7.750079 1.499552
v 0.457915 8.948652 1.499552
v 0.478418 7.750079 1.549049
v 0.478418 8.948652 1.549049
v 0.527916 7.750079 1.569552
v 0.527916 8.948652 1.569552
v 0.577413 7.750079 1.549049
v 0.577413 8.948652 1.549049
v 0.597916 7.750079 1.499552
v 0.597916 8.948652 1.499552
v 0.577413 7.750079 1.450054
v 0.577413 8.948652 1.450054
v 1.527916 7.750079 1.429552
v 1.527916 8.948652 1.429552
v 1.478418 7.750079 1.450054
v 1.478418 8.948652 1.450054
v 1.457915 7.750079 1.499552
v 1.457915 8.948652 1.499552
v 1.478418 7.750079 1.549049
v 1.478418 8.948652 1.549049
v 1.527916 7.750079 1.569552
v 1.527916 8.948652 1.569552
v 1.577413 7.750079 1.549049
v 1.577413 8.948652 1.549049
v 1.597916 7.750079 1.499552
v 1.597916 8.948652 1.499552
v 1.577413 7.750079 1.450054
v 1.577413 8.948652 1.450054
v 2.527916 7.750079 1.429552
v 2.527916 8.948652 1.429552
v 2.478418 7.750079 1.450054
v 2.478418 8.948652 1.450054
v 2.457915 7.750079 1.499552
v 2.457915 8.948652 1.499552
v 2.478418 7.750079 1.549049
v 2.478418 8.948652 1.549049
v 2.527916 7.750079 1.569552
v 2.527916 8.948652 1.569552
v 2.577413 7.750079 1.549049
v 2.577413 8.948652 1.549049
v 2.597916 7.750079 1.499552
v 2.597916 8.948652 1.499552
v 2.577413 7.750079 1.450054
v 2.577413 8.948652 1.450054
v 3.527916 7.750079 1.429552
v 3.527916 8.948652 1.429552
v 3.478418 7.750079 1.450054
v 3.478418 8.948652 1.450054
v 3.457915 7.750079 1.499552
v 3.457915 8.948652 1.499552
v 3.478418 7.750079 1.549049
v 3.478418 8.948652 1.549049
v 3.527916 7.750079 1.569552
v 3.527916 8.948652 1.569552
v 3.577413 7.750079 1.549049
v 3.577413 8.948652 1.549049
v 3.597916 7.750079 1.499552
v 3.597916 8.948652 1.499552
v 3.577413 7.750079 1.450054
v 3.577413 8.948652 1.450054
v 4.527916 7.750079 1.429552
v 4.527916 8.948652 1.429552
v 4.478418 7.750079 1.450054
v 4.478418 8.948652 1.450054
v 4.457915 7.750079 1.499552
v 4.457915 8.948652 1.499552
v 4.478418 7.750079 1.549049
v 4.478418 8.948652 1.549049
v 4.527916 7.750079 1.569552
v 4.527916 8.948652 1.569552
v 4.577414 7.750079 1.549049
v 4.577414 8.948652 1.549049
v 4.597916 7.750079 1.499552
v 4.597916 8.948652 1.499552
v 4.577414 7.750079 1.450054
v 4.577414 8.948652 1.450054
v 5.527916 7.750079 1.429552
v 5.527916 8.948652 1.429552
v 5.478418 7.750079 1.450054
v 5.478418 8.948652 1.450054
v 5.457915 7.750079 1.499552
v 5.457915 8.948652 1.499552
v 5.478418 7.750079 1.549049
v 5.478418 8.948652 1.549049
v 5.527916 7.750079 1.569552
v 5.527916 8.948652 1.569552
v 5.577414 7.750079 1.549049
v 5.577414 8.948652 1.549049
v 5.597916 7.750079 1.499552
v 5.597916 8.948652 1.499552
v 5.577414 7.750079 1.450054
v 5.577414 8.948652 1.450054
v 6.527916 7.750079 1.429552
v 6.527916 8.948652 1.429552
v 6.478418 7.750079 1.450054
v 6.478418 8.948652 1.450054
v 6.457915 7.750079 1.499552
v 6.457915 8.948652 1.499552
v 6.478418 7.750079 1.549049
v 6.478418 8.948652 1.549049
v 6.527916 7.750079 1.569552
v 6.527916 8.948652 1.569552
v 6.577414 7.750079 1.549049
v 6.577414 8.948652 1.549049
v 6.597916 7.750079 1.499552
v 6.597916 8.948652 1.499552
v 6.577414 7.750079 1.450054
v 6.577414 8.948652 1.450054
v 10.604819 5.010847 1.332843
v 11.764820 4.978367 1.302843
v 6.999820 8.901239 1.332843
v 7.002820 8.931240 1.702760
v 7.002820 8.968760 1.702760
v 6.999820 8.968760 1.302843
v 10.604820 5.040846 1.702760
v 10.604820 5.078367 1.702760
v 6.999820 8.901239 1.672760
v 10.604819 5.078367 1.302843
v 10.604819 5.040846 1.302843
v 7.204820 8.831240 1.302843
v 7.204820 8.868760 1.302843
v 7.204820 8.868760 1.702760
v 7.204820 8.831240 1.702760
v 7.204820 8.801240 1.332843
v 7.204820 8.898760 1.332843
v 7.204820 8.801240 1.672760
v 7.204820 8.898760 1.672760
v 10.604819 5.108367 1.332843
v 11.764820 4.910847 1.332843
v 10.604820 5.010847 1.672760
v 10.604820 5.108367 1.672760
v 10.804820 4.910847 1.332843
v 10.804820 4.940846 1.702760
v 10.804820 4.978367 1.702760
v 10.804820 4.978367 1.302843
v 10.804820 4.940846 1.302843
v 10.804820 5.008368 1.332843
v 10.804820 4.910847 1.672760
v 10.804820 5.008368 1.672760
v 11.764820 5.008368 1.332843
v 7.098643 7.571403 1.509356
v 7.098643 8.893320 1.509356
v 7.119146 7.571403 1.558854
v 7.119146 8.878320 1.558854
v 7.168643 7.571403 1.579357
v 7.168643 8.843320 1.579357
v 7.218141 7.571403 1.558854
v 7.218141 8.808319 1.558854
v 7.238643 7.571403 1.509356
v 7.238643 8.793320 1.509356
v 7.218141 7.571403 1.459859
v 7.218141 8.808319 1.459859
v 7.168643 7.571403 1.439357
v 7.168643 8.843320 1.439357
v 7.119146 7.571403 1.459859
v 7.119146 8.878320 1.459859
v 7.938674 7.989572 1.459859
v 7.938674 6.769823 1.459859
v 7.988172 7.954572 1.439357
v 7.988172 6.769823 1.439357
v 8.037670 7.919572 1.459859
v 8.037670 6.769823 1.459859
v 8.058172 7.904572 1.509356
v 8.058172 6.769823 1.509356
v 8.037670 7.919572 1.558854
v 8.037670 6.769823 1.558854
v 7.988172 7.954572 1.579357
v 7.988172 6.769823 1.579357
v 7.938674 7.989572 1.558854
v 7.938674 6.769823 1.558854
v 7.918171 8.004570 1.509356
v 7.918171 6.769823 1.509356
v 8.731309 7.104980 1.459859
v 8.731309 5.979014 1.459859
v 8.780807 7.069981 1.439357
v 8.780807 5.979014 1.439357
v 8.830304 7.034980 1.459859
v 8.830304 5.979014 1.459859
v 8.850807 7.019980 1.509356
v 8.850807 5.979014 1.509356
v 8.830304 7.034980 1.558854
v 8.830304 5.979014 1.558854
v 8.780807 7.069981 1.579357
v 8.780807 5.979014 1.579357
v 8.731309 7.104980 1.558854
v 8.731309 5.979014 1.558854
v 8.710807 7.119980 1.509356
v 8.710807 5.979014 1.509356
v 9.519037 6.224565 1.459859
v 9.519037 5.170838 1.459859
v 9.568535 6.189565 1.439357
v 9.568535 5.170838 1.439357
v 9.618032 6.154565 1.459859
v 9.618032 5.170838 1.459859
v 9.638535 6.139565 1.509356
v 9.638535 5.170838 1.509356
v 9.618032 6.154565 1.558854
v 9.618032 5.170838 1.558854
v 9.568535 6.189565 1.579357
v 9.568535 5.170838 1.579357
v 9.519037 6.224565 1.558854
v 9.519037 5.170838 1.558854
v 9.498535 6.239565 1.509356
v 9.498535 5.170838 1.509356
v 10.337650 5.332568 1.459859
v 10.337650 4.277363 1.459859
v 10.387148 5.297568 1.439357
v 10.387148 4.277363 1.439357
v 10.436646 5.262568 1.459859
v 10.436646 4.277363 1.459859
v 10.457148 5.247568 1.509356
v 10.457148 4.277363 1.509356
v 10.436646 5.262568 1.558854
v 10.436646 4.277363 1.558854
v 10.387148 5.297568 1.579357
v 10.387148 4.277363 1.579357
v 10.337650 5.332568 1.558854
v 10.337650 4.277363 1.558854
v 10.317148 5.347569 1.509356
v 10.317148 4.277363 1.509356
v 10.749723 3.952022 1.459357
v 10.749723 4.958259 1.459357
v 10.770226 3.952022 1.508854
v 10.770226 4.958259 1.508854
v 10.819724 3.952022 1.529357
v 10.819724 4.958259 1.529357
v 10.869222 3.952022 1.508854
v 10.869222 4.958259 1.508854
v 10.889725 3.952022 1.459357
v 10.889725 4.958259 1.459357
v 10.869222 3.952022 1.409859
v 10.869222 4.958259 1.409859
v 10.819724 3.952022 1.389357
v 10.819724 4.958259 1.389357
v 10.770226 3.952022 1.409859
v 10.770226 4.958259 1.409859
v 11.449724 3.952022 1.459357
v 11.449724 4.958259 1.459357
v 11.470226 3.952022 1.508854
v 11.470226 4.958259 1.508854
v 11.519724 3.952022 1.529357
v 11.519724 4.958259 1.529357
v 11.569221 3.952022 1.508854
v 11.569221 4.958259 1.508854
v 11.589724 3.952022 1.459357
v 11.589724 4.958259 1.459357
v 11.569221 3.952022 1.409859
v 11.569221 4.958259 1.409859
v 11.519724 3.952022 1.389357
v 11.519724 4.958259 1.389357
v 11.470226 3.952022 1.409859
v 11.470226 4.958259 1.409859
v -15.337286 0.000000 -5.500000
v -11.662711 0.000000 -5.500000
v -15.337286 0.250000 -5.500000
v -15.337286 4.000000 -1.750000
v -15.337286 0.250000 -5.125000
v -15.337286 0.625000 -5.125000
v -15.337286 0.625000 -4.750000
v -15.337286 1.000000 -4.750000
v -15.337286 1.000000 -4.375000
v -15.337286 1.375000 -4.375000
v -15.337286 1.375000 -4.000000
v -15.337286 1.750000 -4.000000
v -15.337286 1.750000 -3.625000
v -15.337286 2.125000 -3.625000
v -15.337286 2.125000 -3.250000
v -15.337286 2.500000 -3.250000
v -15.337286 2.500000 -2.875000
v -15.337286 2.875000 -2.875000
v -15.337286 2.875000 -2.500000
v -15.337286 3.250000 -2.500000
v -15.337286 3.250000 -2.125000
v -15.337286 3.625000 -2.125000
v -15.337286 3.625000 -1.750000
v -11.662711 4.000000 -1.816818
v -11.662711 0.250000 -5.500000
v -11.662711 3.725000 -1.816818
v -11.662711 3.625000 -2.125000
v -11.662711 3.250000 -2.125000
v -11.662711 3.250000 -2.500000
v -11.662711 2.875000 -2.500000
v -11.662711 2.875000 -2.875000
v -11.662711 2.500000 -2.875000
v -11.662711 2.500000 -3.250000
v -11.662711 2.125000 -3.250000
v -11.662711 2.125000 -3.625000
v -11.662711 1.750000 -3.625000
v -11.662711 1.750000 -4.000000
v -11.662711 1.375000 -4.000000
v -11.662711 1.375000 -4.375000
v -11.662711 1.000000 -4.375000
v -11.662711 1.000000 -4.750000
v -11.662711 0.625000 -4.750000
v -11.662711 0.625000 -5.125000
v -11.662711 0.250000 -5.125000
v -7.911502 3.749866 -1.816818
v -10.599281 4.005177 -1.816818
v -6.990369 7.800000 -1.816818
v -4.933199 7.224999 -1.816818
v -11.662711 0.025000 -2.625000
v -6.911502 0.049866 -2.625000
v -6.995628 5.648434 -1.816818
v -10.597731 4.420288 -1.816818
v -6.991870 7.600673 -1.816818
v -7.391188 7.602245 -1.816818
v -7.392687 7.202928 -1.816818
v -7.792006 7.204501 -1.816818
v -7.793504 6.805182 -1.816818
v -8.192823 6.806756 -1.816818
v -8.194321 6.407436 -1.816818
v -8.593641 6.409011 -1.816818
v -8.595138 6.009690 -1.816818
v -8.994460 6.011267 -1.816818
v -8.995955 5.611944 -1.816818
v -9.395277 5.613522 -1.816818
v -9.396771 5.214199 -1.816818
v -9.796096 5.215777 -1.816818
v -9.797588 4.816453 -1.816818
v -10.196914 4.818033 -1.816818
v -10.198405 4.418707 -1.816818
v 0.000000 7.801680 -1.481681
v 0.000000 7.205969 -1.816818
v 0.000000 7.800138 -1.816818
v -11.750000 4.931240 -1.300043
v -11.770000 4.931240 -1.699959
v -11.770000 4.968760 -1.699959
v -11.770000 4.901240 -1.669959
v -11.770000 4.998760 -1.669959
v -12.204240 4.931240 -1.696719
v -12.204240 4.968760 -1.696719
v -11.804323 4.968760 -1.699719
v -11.804323 4.931240 -1.699719
v -12.204240 0.940847 -6.451719
v -12.174240 4.901240 -1.696719
v -12.204240 0.978367 -6.451719
v -12.174240 1.010847 -5.301719
v -11.804323 0.978367 -6.451719
v -12.174240 4.998760 -1.696719
v -11.804323 1.040846 -5.301720
v -11.804323 1.078367 -5.301720
v -11.834323 4.901240 -1.696719
v -12.204240 1.078367 -5.301719
v -11.834323 4.998760 -1.696719
v -12.204240 1.040846 -5.301719
v -11.801943 4.901240 -1.673558
v -11.801943 4.998760 -1.673558
v -12.204240 4.831240 -1.901719
v -12.204240 4.868760 -1.901719
v -11.804323 4.868760 -1.901719
v -11.804323 4.831240 -1.901719
v -12.174240 4.801240 -1.901719
v -12.174240 4.898760 -1.901719
v -11.834323 4.801240 -1.901719
v -11.834323 4.898760 -1.901719
v -11.804323 0.940847 -6.451719
v -12.174240 1.108367 -5.301719
v -12.193475 0.924572 -6.478844
v -11.834323 1.010847 -5.301720
v -12.174240 0.940847 -6.501719
v -11.834323 1.108367 -5.301720
v -12.193475 0.994642 -6.478844
v -12.200983 4.968760 -1.465622
v -12.028932 4.968760 -1.298087
v -12.200983 4.931240 -1.465622
v -12.028932 4.931240 -1.298087
v -12.170888 4.901240 -1.496484
v -11.997841 4.901240 -1.328555
v -12.056365 4.901240 -1.427566
v -11.997841 4.998760 -1.328555
v -12.170888 4.998760 -1.496484
v -12.056365 4.998760 -1.427566
v -12.174240 0.910847 -5.501719
v -11.804323 0.940847 -5.501719
v -11.804323 0.978367 -5.501719
v -12.204240 0.978367 -5.501719
v -12.204240 0.940847 -5.501719
v -12.174240 1.008367 -5.501719
v -11.834323 0.910847 -5.501719
v -11.834323 1.008367 -5.501719
v -12.174240 0.978367 -6.501719
v -11.834323 0.940847 -6.501719
v -11.834323 0.910847 -6.471719
v -11.815087 0.994642 -6.478844
v -11.834323 0.978367 -6.501719
v -11.997726 3.616158 -1.873865
v -11.997726 4.831310 -1.873865
v -11.948229 3.616158 -1.894367
v -11.948229 4.816310 -1.894367
v -11.927726 3.616158 -1.943865
v -11.927726 4.781310 -1.943865
v -11.948229 3.616158 -1.993362
v -11.948229 4.746310 -1.993362
v -11.997726 3.616158 -2.013865
v -11.997726 4.731310 -2.013865
v -12.047224 3.616158 -1.993362
v -12.047224 4.746310 -1.993362
v -12.067726 3.616158 -1.943865
v -12.067726 4.781310 -1.943865
v -12.047224 3.616158 -1.894367
v -12.047224 4.816310 -1.894367
v -12.047224 3.991594 -2.659300
v -12.047224 2.856098 -2.659300
v -12.067726 3.956594 -2.708797
v -12.067726 2.856098 -2.708797
v -12.047224 3.921594 -2.758295
v -12.047224 2.856098 -2.758295
v -11.997726 3.906594 -2.778797
v -11.997726 2.856098 -2.778797
v -11.948229 3.921594 -2.758295
v -11.948229 2.856098 -2.758295
v -11.927726 3.956594 -2.708797
v -11.927726 2.856098 -2.708797
v -11.948229 3.991594 -2.659300
v -11.948229 2.856098 -2.659300
v -11.997726 4.006594 -2.638797
v -11.997726 2.856098 -2.638797
v -12.047224 3.150814 -3.398012
v -12.047224 2.109102 -3.398012
v -12.067726 3.115814 -3.447509
v -12.067726 2.109102 -3.447509
v -12.047224 3.080814 -3.497007
v -12.047224 2.109102 -3.497007
v -11.997726 3.065814 -3.517509
v -11.997726 2.109102 -3.517509
v -11.948229 3.080814 -3.497007
v -11.948229 2.109102 -3.497007
v -11.927726 3.115814 -3.447509
v -11.927726 2.109102 -3.447509
v -11.948229 3.150814 -3.398012
v -11.948229 2.109102 -3.398012
v -11.997726 3.165814 -3.377509
v -11.997726 2.109102 -3.377509
v -12.047224 2.329161 -4.149936
v -12.047224 1.324193 -4.149936
v -12.067726 2.294161 -4.199434
v -12.067726 1.324193 -4.199434
v -12.047224 2.259161 -4.248931
v -12.047224 1.324193 -4.248931
v -11.997726 2.244161 -4.269433
v -11.997726 1.324193 -4.269433
v -11.948229 2.259161 -4.248931
v -11.948229 1.324193 -4.248931
v -11.927726 2.294161 -4.199434
v -11.927726 1.324193 -4.199434
v -11.948229 2.329161 -4.149936
v -11.948229 1.324193 -4.149936
v -11.997726 2.344162 -4.129434
v -11.997726 1.324193 -4.129434
v -12.047224 1.526688 -4.869548
v -12.047224 0.471482 -4.869548
v -12.067726 1.491688 -4.919045
v -12.067726 0.471482 -4.919045
v -12.047224 1.456688 -4.968543
v -12.047224 0.471482 -4.968543
v -11.997726 1.441688 -4.989045
v -11.997726 0.471482 -4.989045
v -11.948229 1.456688 -4.968543
v -11.948229 0.471482 -4.968543
v -11.927726 1.491688 -4.919045
v -11.927726 0.471482 -4.919045
v -11.948229 1.526688 -4.869548
v -11.948229 0.471482 -4.869548
v -11.997726 1.541688 -4.849045
v -11.997726 0.471482 -4.849045
v -11.997726 0.010258 -5.521623
v -11.997726 0.958259 -5.521623
v -11.948229 0.010258 -5.542126
v -11.948229 0.958259 -5.542126
v -11.927726 0.010258 -5.591623
v -11.927726 0.958259 -5.591623
v -11.948229 0.010258 -5.641121
v -11.948229 0.958259 -5.641121
v -11.997726 0.010258 -5.661623
v -11.997726 0.958259 -5.661623
v -12.047224 0.010258 -5.641121
v -12.047224 0.958259 -5.641121
v -12.067726 0.010258 -5.591623
v -12.067726 0.958259 -5.591623
v -12.047224 0.010258 -5.542126
v -12.047224 0.958259 -5.542126
v -11.997726 0.010258 -6.221623
v -11.997726 0.958259 -6.221623
v -11.948229 0.010258 -6.242126
v -11.948229 0.958259 -6.242126
v -11.927726 0.010258 -6.291623
v -11.927726 0.958259 -6.291623
v -11.948229 0.010258 -6.341121
v -11.948229 0.958259 -6.341121
v -11.997726 0.010258 -6.361623
v -11.997726 0.958259 -6.361623
v -12.047224 0.010258 -6.341121
v -12.047224 0.958259 -6.341121
v -12.067726 0.010258 -6.291623
v -12.067726 0.958259 -6.291623
v -12.047224 0.010258 -6.242126
v -12.047224 0.958259 -6.242126
v -11.997726 3.979456 -1.429552
v -11.997726 4.948652 -1.429552
v -11.948229 3.979456 -1.450054
v -11.948229 4.948652 -1.450054
v -11.927726 3.979456 -1.499552
v -11.927726 4.948652 -1.499552
v -11.948229 3.979456 -1.549049
v -11.948229 4.948652 -1.549049
v -11.997726 3.979456 -1.569552
v -11.997726 4.948652 -1.569552
v -12.047224 3.979456 -1.549049
v -12.047224 4.948652 -1.549049
v -12.067726 3.979456 -1.499552
v -12.067726 4.948652 -1.499552
v -12.047224 3.979456 -1.450054
v -12.047224 4.948652 -1.450054
v -15.204241 4.931240 -1.696719
v -15.204241 4.968760 -1.696719
v -14.804323 4.968760 -1.699719
v -14.804323 4.931240 -1.699719
v -15.204241 0.940847 -6.451719
v -15.174240 4.901240 -1.696719
v -15.204241 0.978367 -6.451719
v -15.174240 1.010847 -5.301719
v -14.804323 0.978367 -6.451719
v -15.174240 4.998760 -1.696719
v -14.804323 1.040846 -5.301720
v -14.804323 1.078367 -5.301720
v -14.834324 4.901240 -1.696719
v -15.204241 1.078367 -5.301719
v -14.834324 4.998760 -1.696719
v -15.204241 1.040846 -5.301719
v -15.204241 4.831240 -1.901719
v -15.204241 4.868760 -1.901719
v -14.804323 4.868760 -1.901719
v -14.804323 4.831240 -1.901719
v -15.174240 4.801240 -1.901719
v -15.174240 4.898760 -1.901719
v -14.834324 4.801240 -1.901719
v -14.834324 4.898760 -1.901719
v -14.804323 0.940847 -6.451719
v -15.174240 1.108367 -5.301719
v -15.193476 0.924572 -6.478844
v -14.834324 1.010847 -5.301720
v -15.174240 0.940847 -6.501719
v -14.834324 1.108367 -5.301720
v -15.193476 0.994642 -6.478844
v -15.174240 0.910847 -5.501719
v -14.804323 0.940847 -5.501719
v -14.804323 0.978367 -5.501719
v -15.204241 0.978367 -5.501719
v -15.204241 0.940847 -5.501719
v -15.174240 1.008367 -5.501719
v -14.834324 0.910847 -5.501719
v -14.834324 1.008367 -5.501719
v -15.174240 0.978367 -6.501719
v -14.834324 0.940847 -6.501719
v -14.834324 0.910847 -6.471719
v -14.834324 1.008367 -6.471719
v -14.834324 0.978367 -6.501719
v -14.997726 3.616158 -1.873865
v -14.997726 4.831310 -1.873865
v -14.948229 3.616158 -1.894367
v -14.948229 4.816310 -1.894367
v -14.927727 3.616158 -1.943865
v -14.927727 4.781310 -1.943865
v -14.948229 3.616158 -1.993362
v -14.948229 4.746310 -1.993362
v -14.997726 3.616158 -2.013865
v -14.997726 4.731310 -2.013865
v -15.047224 3.616158 -1.993362
v -15.047224 4.746310 -1.993362
v -15.067726 3.616158 -1.943865
v -15.067726 4.781310 -1.943865
v -15.047224 3.616158 -1.894367
v -15.047224 4.816310 -1.894367
v -15.047224 3.991594 -2.659300
v -15.047224 2.856098 -2.659300
v -15.067726 3.956594 -2.708797
v -15.067726 2.856098 -2.708797
v -15.047224 3.921594 -2.758295
v -15.047224 2.856098 -2.758295
v -14.997726 3.906594 -2.778797
v -14.997726 2.856098 -2.778797
v -14.948229 3.921594 -2.758295
v -14.948229 2.856098 -2.758295
v -14.927727 3.956594 -2.708797
v -14.927727 2.856098 -2.708797
v -14.948229 3.991594 -2.659300
v -14.948229 2.856098 -2.659300
v -14.997726 4.006594 -2.638797
v -14.997726 2.856098 -2.638797
v -15.047224 3.150814 -3.398012
v -15.047224 2.109102 -3.398012
v -15.067726 3.115814 -3.447509
v -15.067726 2.109102 -3.447509
v -15.047224 3.080814 -3.497007
v -15.047224 2.109102 -3.497007
v -14.997726 3.065814 -3.517509
v -14.997726 2.109102 -3.517509
v -14.948229 3.080814 -3.497007
v -14.948229 2.109102 -3.497007
v -14.927727 3.115814 -3.447509
v -14.927727 2.109102 -3.447509
v -14.948229 3.150814 -3.398012
v -14.948229 2.109102 -3.398012
v -14.997726 3.165814 -3.377509
v -14.997726 2.109102 -3.377509
v -15.047224 2.329161 -4.149936
v -15.047224 1.324193 -4.149936
v -15.067726 2.294161 -4.199434
v -15.067726 1.324193 -4.199434
v -15.047224 2.259161 -4.248931
v -15.047224 1.324193 -4.248931
v -14.997726 2.244161 -4.269433
v -14.997726 1.324193 -4.269433
v -14.948229 2.259161 -4.248931
v -14.948229 1.324193 -4.248931
v -14.927727 2.294161 -4.199434
v -14.927727 1.324193 -4.199434
v -14.948229 2.329161 -4.149936
v -14.948229 1.324193 -4.149936
v -14.997726 2.344162 -4.129434
v -14.997726 1.324193 -4.129434
v -15.047224 1.526688 -4.869548
v -15.047224 0.471482 -4.869548
v -15.067726 1.491688 -4.919045
v -15.067726 0.471482 -4.919045
v -15.047224 1.456688 -4.968543
v -15.047224 0.471482 -4.968543
v -14.997726 1.441688 -4.989045
v -14.997726 0.471482 -4.989045
v -14.948229 1.456688 -4.968543
v -14.948229 0.471482 -4.968543
v -14.927727 1.491688 -4.919045
v -14.927727 0.471482 -4.919045
v -14.948229 1.526688 -4.869548
v -14.948229 0.471482 -4.869548
v -14.997726 1.541688 -4.849045
v -14.997726 0.471482 -4.849045
v -14.997726 0.010258 -5.521623
v -14.997726 0.958259 -5.521623
v -14.948229 0.010258 -5.542126
v -14.948229 0.958259 -5.542126
v -14.927727 0.010258 -5.591623
v -14.927727 0.958259 -5.591623
v -14.948229 0.010258 -5.641121
v -14.948229 0.958259 -5.641121
v -14.997726 0.010258 -5.661623
v -14.997726 0.958259 -5.661623
v -15.047224 0.010258 -5.641121
v -15.047224 0.958259 -5.641121
v -15.067726 0.010258 -5.591623
v -15.067726 0.958259 -5.591623
v -15.047224 0.010258 -5.542126
v -15.047224 0.958259 -5.542126
v -14.997726 0.010258 -6.221623
v -14.997726 0.958259 -6.221623
v -14.948229 0.010258 -6.242126
v -14.948229 0.958259 -6.242126
v -14.927727 0.010258 -6.291623
v -14.927727 0.958259 -6.291623
v -14.948229 0.010258 -6.341121
v -14.948229 0.958259 -6.341121
v -14.997726 0.010258 -6.361623
v -14.997726 0.958259 -6.361623
v -15.047224 0.010258 -6.341121
v -15.047224 0.958259 -6.341121
v -15.067726 0.010258 -6.291623
v -15.067726 0.958259 -6.291623
v -15.047224 0.010258 -6.242126
v -15.047224 0.958259 -6.242126
v -14.997726 4.000651 -1.029552
v -14.997726 4.948652 -1.029552
v -14.948229 4.000651 -1.050054
v -14.948229 4.948652 -1.050054
v -14.927726 4.000651 -1.099552
v -14.927726 4.948652 -1.099552
v -14.948229 4.000651 -1.149049
v -14.948229 4.948652 -1.149049
v -14.997726 4.000651 -1.169552
v -14.997726 4.948652 -1.169552
v -15.047224 4.000651 -1.149049
v -15.047224 4.948652 -1.149049
v -15.067726 4.000651 -1.099552
v -15.067726 4.948652 -1.099552
v -15.047224 4.000651 -1.050054
v -15.047224 4.948652 -1.050054
v -14.997726 4.000651 -0.329552
v -14.997726 4.948652 -0.329552
v -14.948229 4.000651 -0.350054
v -14.948229 4.948652 -0.350054
v -14.927726 4.000651 -0.399552
v -14.927726 4.948652 -0.399552
v -14.948229 4.000651 -0.449049
v -14.948229 4.948652 -0.449049
v -14.997726 4.000651 -0.469552
v -14.997726 4.948652 -0.469552
v -15.047224 4.000651 -0.449049
v -15.047224 4.948652 -0.449049
v -15.067726 4.000651 -0.399552
v -15.067726 4.948652 -0.399552
v -15.047224 4.000651 -0.350054
v -15.047224 4.948652 -0.350054
v -6.980000 8.931240 -1.300043
v -7.000000 8.998760 -1.330043
v -7.000000 8.998760 -1.669959
v -0.527916 7.750079 -1.429552
v -0.527916 8.948652 -1.429552
v -0.478418 7.750079 -1.450054
v -0.478418 8.948652 -1.450054
v -0.457915 7.750079 -1.499552
v -0.457915 8.948652 -1.499552
v -0.478418 7.750079 -1.549049
v -0.478418 8.948652 -1.549049
v -0.527916 7.750079 -1.569552
v -0.527916 8.948652 -1.569552
v -0.577413 7.750079 -1.549049
v -0.577413 8.948652 -1.549049
v -0.597916 7.750079 -1.499552
v -0.597916 8.948652 -1.499552
v -0.577413 7.750079 -1.450054
v -0.577413 8.948652 -1.450054
v -1.527916 7.750079 -1.429552
v -1.527916 8.948652 -1.429552
v -1.478418 7.750079 -1.450054
v -1.478418 8.948652 -1.450054
v -1.457915 7.750079 -1.499552
v -1.457915 8.948652 -1.499552
v -1.478418 7.750079 -1.549049
v -1.478418 8.948652 -1.549049
v -1.527916 7.750079 -1.569552
v -1.527916 8.948652 -1.569552
v -1.577413 7.750079 -1.549049
v -1.577413 8.948652 -1.549049
v -1.597916 7.750079 -1.499552
v -1.597916 8.948652 -1.499552
v -1.577413 7.750079 -1.450054
v -1.577413 8.948652 -1.450054
v -2.527916 7.750079 -1.429552
v -2.527916 8.948652 -1.429552
v -2.478418 7.750079 -1.450054
v -2.478418 8.948652 -1.450054
v -2.457915 7.750079 -1.499552
v -2.457915 8.948652 -1.499552
v -2.478418 7.750079 -1.549049
v -2.478418 8.948652 -1.549049
v -2.527916 7.750079 -1.569552
v -2.527916 8.948652 -1.569552
v -2.577413 7.750079 -1.549049
v -2.577413 8.948652 -1.549049
v -2.597916 7.750079 -1.499552
v -2.597916 8.948652 -1.499552
v -2.577413 7.750079 -1.450054
v -2.577413 8.948652 -1.450054
v -3.527916 7.750079 -1.429552
v -3.527916 8.948652 -1.429552
v -3.478418 7.750079 -1.450054
v -3.478418 8.948652 -1.450054
v -3.457915 7.750079 -1.499552
v -3.457915 8.948652 -1.499552
v -3.478418 7.750079 -1.549049
v -3.478418 8.948652 -1.549049
v -3.527916 7.750079 -1.569552
v -3.527916 8.948652 -1.569552
v -3.577413 7.750079 -1.549049
v -3.577413 8.948652 -1.549049
v -3.597916 7.750079 -1.499552
v -3.597916 8.948652 -1.499552
v -3.577413 7.750079 -1.450054
v -3.577413 8.948652 -1.450054
v -4.527916 7.750079 -1.429552
v -4.527916 8.948652 -1.429552
v -4.478418 7.750079 -1.450054
v -4.478418 8.948652 -1.450054
v -4.457915 7.750079 -1.499552
v -4.457915 8.948652 -1.499552
v -4.478418 7.750079 -1.549049
v -4.478418 8.948652 -1.549049
v -4.527916 7.750079 -1.569552
v -4.527916 8.948652 -1.569552
v -4.577414 7.750079 -1.549049
v -4.577414 8.948652 -1.549049
v -4.597916 7.750079 -1.499552
v -4.597916 8.948652 -1.499552
v -4.577414 7.750079 -1.450054
v -4.577414 8.948652 -1.450054
v -5.527916 7.750079 -1.429552
v -5.527916 8.948652 -1.429552
v -5.478418 7.750079 -1.450054
v -5.478418 8.948652 -1.450054
v -5.457915 7.750079 -1.499552
v -5.457915 8.948652 -1.499552
v -5.478418 7.750079 -1.549049
v -5.478418 8.948652 -1.549049
v -5.527916 7.750079 -1.569552
v -5.527916 8.948652 -1.569552
v -5.577414 7.750079 -1.549049
v -5.577414 8.948652 -1.549049
v -5.597916 7.750079 -1.499552
v -5.597916 8.948652 -1.499552
v -5.577414 7.750079 -1.450054
v -5.577414 8.948652 -1.450054
v -6.527916 7.750079 -1.429552
v -6.527916 8.948652 -1.429552
v -6.478418 7.750079 -1.450054
v -6.478418 8.948652 -1.450054
v -6.457915 7.750079 -1.499552
v -6.457915 8.948652 -1.499552
v -6.478418 7.750079 -1.549049
v -6.478418 8.948652 -1.549049
v -6.527916 7.750079 -1.569552
v -6.527916 8.948652 -1.569552
v -6.577414 7.750079 -1.549049
v -6.577414 8.948652 -1.549049
v -6.597916 7.750079 -1.499552
v -6.597916 8.948652 -1.499552
v -6.577414 7.750079 -1.450054
v -6.577414 8.948652 -1.450054
v -10.604819 5.010847 -1.332843
v -11.764820 4.978367 -1.302843
v -6.999820 8.901239 -1.332843
v -7.002820 8.931240 -1.702760
v -7.002820 8.968760 -1.702760
v -6.999820 8.968760 -1.302843
v 0.000000 8.968760 -1.699959
v 0.000000 8.931240 -1.300043
v 0.000000 8.998760 -1.330043
v 0.000000 8.998760 -1.669959
v 0.000000 8.931240 -1.699959
v 0.000000 8.968760 -1.300043
v 0.000000 8.901239 -1.330043
v 0.000000 8.901239 -1.669959
v -10.604820 5.040846 -1.702760
v -10.604820 5.078367 -1.702760
v -6.999820 8.901239 -1.672760
v -10.604819 5.078367 -1.302843
v -10.604819 5.040846 -1.302843
v -7.204820 8.831240 -1.302843
v -7.204820 8.868760 -1.302843
v -7.204820 8.868760 -1.702760
v -7.204820 8.831240 -1.702760
v -7.204820 8.801240 -1.332843
v -7.204820 8.898760 -1.332843
v -7.204820 8.801240 -1.672760
v -7.204820 8.898760 -1.672760
v -10.604819 5.108367 -1.332843
v -11.764820 4.910847 -1.332843
v -10.604820 5.010847 -1.672760
v -10.604820 5.108367 -1.672760
v -10.804820 4.910847 -1.332843
v -10.804820 4.940846 -1.702760
v -10.804820 4.978367 -1.702760
v -10.804820 4.978367 -1.302843
v -10.804820 4.940846 -1.302843
v -10.804820 5.008368 -1.332843
v -10.804820 4.910847 -1.672760
v -10.804820 5.008368 -1.672760
v -11.764820 5.008368 -1.332843
v -7.098643 7.571403 -1.509356
v -7.098643 8.893320 -1.509356
v -7.119146 7.571403 -1.558854
v -7.119146 8.878320 -1.558854
v -7.168643 7.571403 -1.579357
v -7.168643 8.843320 -1.579357
v -7.218141 7.571403 -1.558854
v -7.218141 8.808319 -1.558854
v -7.238643 7.571403 -1.509356
v -7.238643 8.793320 -1.509356
v -7.218141 7.571403 -1.459859
v -7.218141 8.808319 -1.459859
v -7.168643 7.571403 -1.439357
v -7.168643 8.843320 -1.439357
v -7.119146 7.571403 -1.459859
v -7.119146 8.878320 -1.459859
v -7.938674 7.989572 -1.459859
v -7.938674 6.769823 -1.459859
v -7.988172 7.954572 -1.439357
v -7.988172 6.769823 -1.439357
v -8.037670 7.919572 -1.459859
v -8.037670 6.769823 -1.459859
v -8.058172 7.904572 -1.509356
v -8.058172 6.769823 -1.509356
v -8.037670 7.919572 -1.558854
v -8.037670 6.769823 -1.558854
v -7.988172 7.954572 -1.579357
v -7.988172 6.769823 -1.579357
v -7.938674 7.989572 -1.558854
v -7.938674 6.769823 -1.558854
v -7.918171 8.004570 -1.509356
v -7.918171 6.769823 -1.509356
v -8.731309 7.104980 -1.459859
v -8.731309 5.979014 -1.459859
v -8.780807 7.069981 -1.439357
v -8.780807 5.979014 -1.439357
v -8.830304 7.034980 -1.459859
v -8.830304 5.979014 -1.459859
v -8.850807 7.019980 -1.509356
v -8.850807 5.979014 -1.509356
v -8.830304 7.034980 -1.558854
v -8.830304 5.979014 -1.558854
v -8.780807 7.069981 -1.579357
v -8.780807 5.979014 -1.579357
v -8.731309 7.104980 -1.558854
v -8.731309 5.979014 -1.558854
v -8.710807 7.119980 -1.509356
v -8.710807 5.979014 -1.509356
v -9.519037 6.224565 -1.459859
v -9.519037 5.170838 -1.459859
v -9.568535 6.189565 -1.439357
v -9.568535 5.170838 -1.439357
v -9.618032 6.154565 -1.459859
v -9.618032 5.170838 -1.459859
v -9.638535 6.139565 -1.509356
v -9.638535 5.170838 -1.509356
v -9.618032 6.154565 -1.558854
v -9.618032 5.170838 -1.558854
v -9.568535 6.189565 -1.579357
v -9.568535 5.170838 -1.579357
v -9.519037 6.224565 -1.558854
v -9.519037 5.170838 -1.558854
v -9.498535 6.239565 -1.509356
v -9.498535 5.170838 -1.509356
v -10.337650 5.332568 -1.459859
v -10.337650 4.277363 -1.459859
v -10.387148 5.297568 -1.439357
v -10.387148 4.277363 -1.439357
v -10.436646 5.262568 -1.459859
v -10.436646 4.277363 -1.459859
v -10.457148 5.247568 -1.509356
v -10.457148 4.277363 -1.509356
v -10.436646 5.262568 -1.558854
v -10.436646 4.277363 -1.558854
v -10.387148 5.297568 -1.579357
v -10.387148 4.277363 -1.579357
v -10.337650 5.332568 -1.558854
v -10.337650 4.277363 -1.558854
v -10.317148 5.347569 -1.509356
v -10.317148 4.277363 -1.509356
v -10.749723 3.952022 -1.459357
v -10.749723 4.958259 -1.459357
v -10.770226 3.952022 -1.508854
v -10.770226 4.958259 -1.508854
v -10.819724 3.952022 -1.529357
v -10.819724 4.958259 -1.529357
v -10.869222 3.952022 -1.508854
v -10.869222 4.958259 -1.508854
v -10.889725 3.952022 -1.459357
v -10.889725 4.958259 -1.459357
v -10.869222 3.952022 -1.409859
v -10.869222 4.958259 -1.409859
v -10.819724 3.952022 -1.389357
v -10.819724 4.958259 -1.389357
v -10.770226 3.952022 -1.409859
v -10.770226 4.958259 -1.409859
v -11.449724 3.952022 -1.459357
v -11.449724 4.958259 -1.459357
v -11.470226 3.952022 -1.508854
v -11.470226 4.958259 -1.508854
v -11.519724 3.952022 -1.529357
v -11.519724 4.958259 -1.529357
v -11.569221 3.952022 -1.508854
v -11.569221 4.958259 -1.508854
v -11.589724 3.952022 -1.459357
v -11.589724 4.958259 -1.459357
v -11.569221 3.952022 -1.409859
v -11.569221 4.958259 -1.409859
v -11.519724 3.952022 -1.389357
v -11.519724 4.958259 -1.389357
v -11.470226 3.952022 -1.409859
v -11.470226 4.958259 -1.409859
v 15.337286 0.000000 -5.500000
v 11.662711 0.000000 -5.500000
v 15.337286 0.250000 -5.500000
v 15.337286 4.000000 -1.750000
v 15.337286 0.250000 -5.125000
v 15.337286 0.625000 -5.125000
v 15.337286 0.625000 -4.750000
v 15.337286 1.000000 -4.750000
v 15.337286 1.000000 -4.375000
v 15.337286 1.375000 -4.375000
v 15.337286 1.375000 -4.000000
v 15.337286 1.750000 -4.000000
v 15.337286 1.750000 -3.625000
v 15.337286 2.125000 -3.625000
v 15.337286 2.125000 -3.250000
v 15.337286 2.500000 -3.250000
v 15.337286 2.500000 -2.875000
v 15.337286 2.875000 -2.875000
v 15.337286 2.875000 -2.500000
v 15.337286 3.250000 -2.500000
v 15.337286 3.250000 -2.125000
v 15.337286 3.625000 -2.125000
v 15.337286 3.625000 -1.750000
v 11.662711 4.000000 -1.816818
v 11.662711 0.250000 -5.500000
v 11.662711 3.725000 -1.816818
v 11.662711 3.625000 -2.125000
v 11.662711 3.250000 -2.125000
v 11.662711 3.250000 -2.500000
v 11.662711 2.875000 -2.500000
v 11.662711 2.875000 -2.875000
v 11.662711 2.500000 -2.875000
v 11.662711 2.500000 -3.250000
v 11.662711 2.125000 -3.250000
v 11.662711 2.125000 -3.625000
v 11.662711 1.750000 -3.625000
v 11.662711 1.750000 -4.000000
v 11.662711 1.375000 -4.000000
v 11.662711 1.375000 -4.375000
v 11.662711 1.000000 -4.375000
v 11.662711 1.000000 -4.750000
v 11.662711 0.625000 -4.750000
v 11.662711 0.625000 -5.125000
v 11.662711 0.250000 -5.125000
v 7.911502 3.749866 -1.816818
v 10.599281 4.005177 -1.816818
v 6.990369 7.800000 -1.816818
v 4.933199 7.224999 -1.816818
v 11.662711 0.025000 -2.625000
v 6.911502 0.049866 -2.625000
v 6.995628 5.648434 -1.816818
v 10.597731 4.420288 -1.816818
v 6.991870 7.600673 -1.816818
v 7.391188 7.602245 -1.816818
v 7.392687 7.202928 -1.816818
v 7.792006 7.204501 -1.816818
v 7.793504 6.805182 -1.816818
v 8.192823 6.806756 -1.816818
v 8.194321 6.407436 -1.816818
v 8.593641 6.409011 -1.816818
v 8.595138 6.009690 -1.816818
v 8.994460 6.011267 -1.816818
v 8.995955 5.611944 -1.816818
v 9.395277 5.613522 -1.816818
v 9.396771 5.214199 -1.816818
v 9.796096 5.215777 -1.816818
v 9.797588 4.816453 -1.816818
v 10.196914 4.818033 -1.816818
v 10.198405 4.418707 -1.816818
v 11.750000 4.931240 -1.300043
v 11.770000 4.931240 -1.699959
v 11.770000 4.968760 -1.699959
v 11.770000 4.901240 -1.669959
v 11.770000 4.998760 -1.669959
v 12.204240 4.931240 -1.696719
v 12.204240 4.968760 -1.696719
v 11.804323 4.968760 -1.699719
v 11.804323 4.931240 -1.699719
v 12.204240 0.940847 -6.451719
v 12.174240 4.901240 -1.696719
v 12.204240 0.978367 -6.451719
v 12.174240 1.010847 -5.301719
v 11.804323 0.978367 -6.451719
v 12.174240 4.998760 -1.696719
v 11.804323 1.040846 -5.301720
v 11.804323 1.078367 -5.301720
v 11.834323 4.901240 -1.696719
v 12.204240 1.078367 -5.301719
v 11.834323 4.998760 -1.696719
v 12.204240 1.040846 -5.301719
v 11.801943 4.901240 -1.673558
v 11.801943 4.998760 -1.673558
v 12.204240 4.831240 -1.901719
v 12.204240 4.868760 -1.901719
v 11.804323 4.868760 -1.901719
v 11.804323 4.831240 -1.901719
v 12.174240 4.801240 -1.901719
v 12.174240 4.898760 -1.901719
v 11.834323 4.801240 -1.901719
v 11.834323 4.898760 -1.901719
v 11.804323 0.940847 -6.451719
v 12.174240 1.108367 -5.301719
v 12.193475 0.924572 -6.478844
v 11.834323 1.010847 -5.301720
v 12.174240 0.940847 -6.501719
v 11.834323 1.108367 -5.301720
v 12.193475 0.994642 -6.478844
v 12.200983 4.968760 -1.465622
v 12.028932 4.968760 -1.298087
v 12.200983 4.931240 -1.465622
v 12.028932 4.931240 -1.298087
v 12.170888 4.901240 -1.496484
v 11.997841 4.901240 -1.328555
v 12.056365 4.901240 -1.427566
v 11.997841 4.998760 -1.328555
v 12.170888 4.998760 -1.496484
v 12.056365 4.998760 -1.427566
v 12.174240 0.910847 -5.501719
v 11.804323 0.940847 -5.501719
v 11.804323 0.978367 -5.501719
v 12.204240 0.978367 -5.501719
v 12.204240 0.940847 -5.501719
v 12.174240 1.008367 -5.501719
v 11.834323 0.910847 -5.501719
v 11.834323 1.008367 -5.501719
v 12.174240 0.978367 -6.501719
v 11.834323 0.940847 -6.501719
v 11.834323 0.910847 -6.471719
v 11.815087 0.994642 -6.478844
v 11.834323 0.978367 -6.501719
v 11.997726 3.616158 -1.873865
v 11.997726 4.831310 -1.873865
v 11.948229 3.616158 -1.894367
v 11.948229 4.816310 -1.894367
v 11.927726 3.616158 -1.943865
v 11.927726 4.781310 -1.943865
v 11.948229 3.616158 -1.993362
v 11.948229 4.746310 -1.993362
v 11.997726 3.616158 -2.013865
v 11.997726 4.731310 -2.013865
v 12.047224 3.616158 -1.993362
v 12.047224 4.746310 -1.993362
v 12.067726 3.616158 -1.943865
v 12.067726 4.781310 -1.943865
v 12.047224 3.616158 -1.894367
v 12.047224 4.816310 -1.894367
v 12.047224 3.991594 -2.659300
v 12.047224 2.856098 -2.659300
v 12.067726 3.956594 -2.708797
v 12.067726 2.856098 -2.708797
v 12.047224 3.921594 -2.758295
v 12.047224 2.856098 -2.758295
v 11.997726 3.906594 -2.778797
v 11.997726 2.856098 -2.778797
v 11.948229 3.921594 -2.758295
v 11.948229 2.856098 -2.758295
v 11.927726 3.956594 -2.708797
v 11.927726 2.856098 -2.708797
v 11.948229 3.991594 -2.659300
v 11.948229 2.856098 -2.659300
v 11.997726 4.006594 -2.638797
v 11.997726 2.856098 -2.638797
v 12.047224 3.150814 -3.398012
v 12.047224 2.109102 -3.398012
v 12.067726 3.115814 -3.447509
v 12.067726 2.109102 -3.447509
v 12.047224 3.080814 -3.497007
v 12.047224 2.109102 -3.497007
v 11.997726 3.065814 -3.517509
v 11.997726 2.109102 -3.517509
v 11.948229 3.080814 -3.497007
v 11.948229 2.109102 -3.497007
v 11.927726 3.115814 -3.447509
v 11.927726 2.109102 -3.447509
v 11.948229 3.150814 -3.398012
v 11.948229 2.109102 -3.398012
v 11.997726 3.165814 -3.377509
v 11.997726 2.109102 -3.377509
v 12.047224 2.329161 -4.149936
v 12.047224 1.324193 -4.149936
v 12.067726 2.294161 -4.199434
v 12.067726 1.324193 -4.199434
v 12.047224 2.259161 -4.248931
v 12.047224 1.324193 -4.248931
v 11.997726 2.244161 -4.269433
v 11.997726 1.324193 -4.269433
v 11.948229 2.259161 -4.248931
v 11.948229 1.324193 -4.248931
v 11.927726 2.294161 -4.199434
v 11.927726 1.324193 -4.199434
v 11.948229 2.329161 -4.149936
v 11.948229 1.324193 -4.149936
v 11.997726 2.344162 -4.129434
v 11.997726 1.324193 -4.129434
v 12.047224 1.526688 -4.869548
v 12.047224 0.471482 -4.869548
v 12.067726 1.491688 -4.919045
v 12.067726 0.471482 -4.919045
v 12.047224 1.456688 -4.968543
v 12.047224 0.471482 -4.968543
v 11.997726 1.441688 -4.989045
v 11.997726 0.471482 -4.989045
v 11.948229 1.456688 -4.968543
v 11.948229 0.471482 -4.968543
v 11.927726 1.491688 -4.919045
v 11.927726 0.471482 -4.919045
v 11.948229 1.526688 -4.869548
v 11.948229 0.471482 -4.869548
v 11.997726 1.541688 -4.849045
v 11.997726 0.471482 -4.849045
v 11.997726 0.010258 -5.521623
v 11.997726 0.958259 -5.521623
v 11.948229 0.010258 -5.542126
v 11.948229 0.958259 -5.542126
v 11.927726 0.010258 -5.591623
v 11.927726 0.958259 -5.591623
v 11.948229 0.010258 -5.641121
v 11.948229 0.958259 -5.641121
v 11.997726 0.010258 -5.661623
v 11.997726 0.958259 -5.661623
v 12.047224 0.010258 -5.641121
v 12.047224 0.958259 -5.641121
v 12.067726 0.010258 -5.591623
v 12.067726 0.958259 -5.591623
v 12.047224 0.010258 -5.542126
v 12.047224 0.958259 -5.542126
v 11.997726 0.010258 -6.221623
v 11.997726 0.958259 -6.221623
v 11.948229 0.010258 -6.242126
v 11.948229 0.958259 -6.242126
v 11.927726 0.010258 -6.291623
v 11.927726 0.958259 -6.291623
v 11.948229 0.010258 -6.341121
v 11.948229 0.958259 -6.341121
v 11.997726 0.010258 -6.361623
v 11.997726 0.958259 -6.361623
v 12.047224 0.010258 -6.341121
v 12.047224 0.958259 -6.341121
v 12.067726 0.010258 -6.291623
v 12.067726 0.958259 -6.291623
v 12.047224 0.010258 -6.242126
v 12.047224 0.958259 -6.242126
v 11.997726 3.979456 -1.429552
v 11.997726 4.948652 -1.429552
v 11.948229 3.979456 -1.450054
v 11.948229 4.948652 -1.450054
v 11.927726 3.979456 -1.499552
v 11.927726 4.948652 -1.499552
v 11.948229 3.979456 -1.549049
v 11.948229 4.948652 -1.549049
v 11.997726 3.979456 -1.569552
v 11.997726 4.948652 -1.569552
v 12.047224 3.979456 -1.549049
v 12.047224 4.948652 -1.549049
v 12.067726 3.979456 -1.499552
v 12.067726 4.948652 -1.499552
v 12.047224 3.979456 -1.450054
v 12.047224 4.948652 -1.450054
v 15.204241 4.931240 -1.696719
v 15.204241 4.968760 -1.696719
v 14.804323 4.968760 -1.699719
v 14.804323 4.931240 -1.699719
v 15.204241 0.940847 -6.451719
v 15.174240 4.901240 -1.696719
v 15.204241 0.978367 -6.451719
v 15.174240 1.010847 -5.301719
v 14.804323 0.978367 -6.451719
v 15.174240 4.998760 -1.696719
v 14.804323 1.040846 -5.301720
v 14.804323 1.078367 -5.301720
v 14.834324 4.901240 -1.696719
v 15.204241 1.078367 -5.301719
v 14.834324 4.998760 -1.696719
v 15.204241 1.040846 -5.301719
v 15.204241 4.831240 -1.901719
v 15.204241 4.868760 -1.901719
v 14.804323 4.868760 -1.901719
v 14.804323 4.831240 -1.901719
v 15.174240 4.801240 -1.901719
v 15.174240 4.898760 -1.901719
v 14.834324 4.801240 -1.901719
v 14.834324 4.898760 -1.901719
v 14.804323 0.940847 -6.451719
v 15.174240 1.108367 -5.301719
v 15.193476 0.924572 -6.478844
v 14.834324 1.010847 -5.301720
v 15.174240 0.940847 -6.501719
v 14.834324 1.108367 -5.301720
v 15.193476 0.994642 -6.478844
v 15.174240 0.910847 -5.501719
v 14.804323 0.940847 -5.501719
v 14.804323 0.978367 -5.501719
v 15.204241 0.978367 -5.501719
v 15.204241 0.940847 -5.501719
v 15.174240 1.008367 -5.501719
v 14.834324 0.910847 -5.501719
v 14.834324 1.008367 -5.501719
v 15.174240 0.978367 -6.501719
v 14.834324 0.940847 -6.501719
v 14.834324 0.910847 -6.471719
v 14.834324 1.008367 -6.471719
v 14.834324 0.978367 -6.501719
v 14.997726 3.616158 -1.873865
v 14.997726 4.831310 -1.873865
v 14.948229 3.616158 -1.894367
v 14.948229 4.816310 -1.894367
v 14.927727 3.616158 -1.943865
v 14.927727 4.781310 -1.943865
v 14.948229 3.616158 -1.993362
v 14.948229 4.746310 -1.993362
v 14.997726 3.616158 -2.013865
v 14.997726 4.731310 -2.013865
v 15.047224 3.616158 -1.993362
v 15.047224 4.746310 -1.993362
v 15.067726 3.616158 -1.943865
v 15.067726 4.781310 -1.943865
v 15.047224 3.616158 -1.894367
v 15.047224 4.816310 -1.894367
v 15.047224 3.991594 -2.659300
v 15.047224 2.856098 -2.659300
v 15.067726 3.956594 -2.708797
v 15.067726 2.856098 -2.708797
v 15.047224 3.921594 -2.758295
v 15.047224 2.856098 -2.758295
v 14.997726 3.906594 -2.778797
v 14.997726 2.856098 -2.778797
v 14.948229 3.921594 -2.758295
v 14.948229 2.856098 -2.758295
v 14.927727 3.956594 -2.708797
v 14.927727 2.856098 -2.708797
v 14.948229 3.991594 -2.659300
v 14.948229 2.856098 -2.659300
v 14.997726 4.006594 -2.638797
v 14.997726 2.856098 -2.638797
v 15.047224 3.150814 -3.398012
v 15.047224 2.109102 -3.398012
v 15.067726 3.115814 -3.447509
v 15.067726 2.109102 -3.447509
v 15.047224 3.080814 -3.497007
v 15.047224 2.109102 -3.497007
v 14.997726 3.065814 -3.517509
v 14.997726 2.109102 -3.517509
v 14.948229 3.080814 -3.497007
v 14.948229 2.109102 -3.497007
v 14.927727 3.115814 -3.447509
v 14.927727 2.109102 -3.447509
v 14.948229 3.150814 -3.398012
v 14.948229 2.109102 -3.398012
v 14.997726 3.165814 -3.377509
v 14.997726 2.109102 -3.377509
v 15.047224 2.329161 -4.149936
v 15.047224 1.324193 -4.149936
v 15.067726 2.294161 -4.199434
v 15.067726 1.324193 -4.199434
v 15.047224 2.259161 -4.248931
v 15.047224 1.324193 -4.248931
v 14.997726 2.244161 -4.269433
v 14.997726 1.324193 -4.269433
v 14.948229 2.259161 -4.248931
v 14.948229 1.324193 -4.248931
v 14.927727 2.294161 -4.199434
v 14.927727 1.324193 -4.199434
v 14.948229 2.329161 -4.149936
v 14.948229 1.324193 -4.149936
v 14.997726 2.344162 -4.129434
v 14.997726 1.324193 -4.129434
v 15.047224 1.526688 -4.869548
v 15.047224 0.471482 -4.869548
v 15.067726 1.491688 -4.919045
v 15.067726 0.471482 -4.919045
v 15.047224 1.456688 -4.968543
v 15.047224 0.471482 -4.968543
v 14.997726 1.441688 -4.989045
v 14.997726 0.471482 -4.989045
v 14.948229 1.456688 -4.968543
v 14.948229 0.471482 -4.968543
v 14.927727 1.491688 -4.919045
v 14.927727 0.471482 -4.919045
v 14.948229 1.526688 -4.869548
v 14.948229 0.471482 -4.869548
v 14.997726 1.541688 -4.849045
v 14.997726 0.471482 -4.849045
v 14.997726 0.010258 -5.521623
v 14.997726 0.958259 -5.521623
v 14.948229 0.010258 -5.542126
v 14.948229 0.958259 -5.542126
v 14.927727 0.010258 -5.591623
v 14.927727 0.958259 -5.591623
v 14.948229 0.010258 -5.641121
v 14.948229 0.958259 -5.641121
v 14.997726 0.010258 -5.661623
v 14.997726 0.958259 -5.661623
v 15.047224 0.010258 -5.641121
v 15.047224 0.958259 -5.641121
v 15.067726 0.010258 -5.591623
v 15.067726 0.958259 -5.591623
v 15.047224 0.010258 -5.542126
v 15.047224 0.958259 -5.542126
v 14.997726 0.010258 -6.221623
v 14.997726 0.958259 -6.221623
v 14.948229 0.010258 -6.242126
v 14.948229 0.958259 -6.242126
v 14.927727 0.010258 -6.291623
v 14.927727 0.958259 -6.291623
v 14.948229 0.010258 -6.341121
v 14.948229 0.958259 -6.341121
v 14.997726 0.010258 -6.361623
v 14.997726 0.958259 -6.361623
v 15.047224 0.010258 -6.341121
v 15.047224 0.958259 -6.341121
v 15.067726 0.010258 -6.291623
v 15.067726 0.958259 -6.291623
v 15.047224 0.010258 -6.242126
v 15.047224 0.958259 -6.242126
v 14.997726 4.000651 -1.029552
v 14.997726 4.948652 -1.029552
v 14.948229 4.000651 -1.050054
v 14.948229 4.948652 -1.050054
v 14.927726 4.000651 -1.099552
v 14.927726 4.948652 -1.099552
v 14.948229 4.000651 -1.149049
v 14.948229 4.948652 -1.149049
v 14.997726 4.000651 -1.169552
v 14.997726 4.948652 -1.169552
v 15.047224 4.000651 -1.149049
v 15.047224 4.948652 -1.149049
v 15.067726 4.000651 -1.099552
v 15.067726 4.948652 -1.099552
v 15.047224 4.000651 -1.050054
v 15.047224 4.948652 -1.050054
v 14.997726 4.000651 -0.329552
v 14.997726 4.948652 -0.329552
v 14.948229 4.000651 -0.350054
v 14.948229 4.948652 -0.350054
v 14.927726 4.000651 -0.399552
v 14.927726 4.948652 -0.399552
v 14.948229 4.000651 -0.449049
v 14.948229 4.948652 -0.449049
v 14.997726 4.000651 -0.469552
v 14.997726 4.948652 -0.469552
v 15.047224 4.000651 -0.449049
v 15.047224 4.948652 -0.449049
v 15.067726 4.000651 -0.399552
v 15.067726 4.948652 -0.399552
v 15.047224 4.000651 -0.350054
v 15.047224 4.948652 -0.350054
v 6.980000 8.931240 -1.300043
v 7.000000 8.998760 -1.330043
v 7.000000 8.998760 -1.669959
v 0.527916 7.750079 -1.429552
v 0.527916 8.948652 -1.429552
v 0.478418 7.750079 -1.450054
v 0.478418 8.948652 -1.450054
v 0.457915 7.750079 -1.499552
v 0.457915 8.948652 -1.499552
v 0.478418 7.750079 -1.549049
v 0.478418 8.948652 -1.549049
v 0.527916 7.750079 -1.569552
v 0.527916 8.948652 -1.569552
v 0.577413 7.750079 -1.549049
v 0.577413 8.948652 -1.549049
v 0.597916 7.750079 -1.499552
v 0.597916 8.948652 -1.499552
v 0.577413 7.750079 -1.450054
v 0.577413 8.948652 -1.450054
v 1.527916 7.750079 -1.429552
v 1.527916 8.948652 -1.429552
v 1.478418 7.750079 -1.450054
v 1.478418 8.948652 -1.450054
v 1.457915 7.750079 -1.499552
v 1.457915 8.948652 -1.499552
v 1.478418 7.750079 -1.549049
v 1.478418 8.948652 -1.549049
v 1.527916 7.750079 -1.569552
v 1.527916 8.948652 -1.569552
v 1.577413 7.750079 -1.549049
v 1.577413 8.948652 -1.549049
v 1.597916 7.750079 -1.499552
v 1.597916 8.948652 -1.499552
v 1.577413 7.750079 -1.450054
v 1.577413 8.948652 -1.450054
v 2.527916 7.750079 -1.429552
v 2.527916 8.948652 -1.429552
v 2.478418 7.750079 -1.450054
v 2.478418 8.948652 -1.450054
v 2.457915 7.750079 -1.499552
v 2.457915 8.948652 -1.499552
v 2.478418 7.750079 -1.549049
v 2.478418 8.948652 -1.549049
v 2.527916 7.750079 -1.569552
v 2.527916 8.948652 -1.569552
v 2.577413 7.750079 -1.549049
v 2.577413 8.948652 -1.549049
v 2.597916 7.750079 -1.499552
v 2.597916 8.948652 -1.499552
v 2.577413 7.750079 -1.450054
v 2.577413 8.948652 -1.450054
v 3.527916 7.750079 -1.429552
v 3.527916 8.948652 -1.429552
v 3.478418 7.750079 -1.450054
v 3.478418 8.948652 -1.450054
v 3.457915 7.750079 -1.499552
v 3.457915 8.948652 -1.499552
v 3.478418 7.750079 -1.549049
v 3.478418 8.948652 -1.549049
v 3.527916 7.750079 -1.569552
v 3.527916 8.948652 -1.569552
v 3.577413 7.750079 -1.549049
v 3.577413 8.948652 -1.549049
v 3.597916 7.750079 -1.499552
v 3.597916 8.948652 -1.499552
v 3.577413 7.750079 -1.450054
v 3.577413 8.948652 -1.450054
v 4.527916 7.750079 -1.429552
v 4.527916 8.948652 -1.429552
v 4.478418 7.750079 -1.450054
v 4.478418 8.948652 -1.450054
v 4.457915 7.750079 -1.499552
v 4.457915 8.948652 -1.499552
v 4.478418 7.750079 -1.549049
v 4.478418 8.948652 -1.549049
v 4.527916 7.750079 -1.569552
v 4.527916 8.948652 -1.569552
v 4.577414 7.750079 -1.549049
v 4.577414 8.948652 -1.549049
v 4.597916 7.750079 -1.499552
v 4.597916 8.948652 -1.499552
v 4.577414 7.750079 -1.450054
v 4.577414 8.948652 -1.450054
v 5.527916 7.750079 -1.429552
v 5.527916 8.948652 -1.429552
v 5.478418 7.750079 -1.450054
v 5.478418 8.948652 -1.450054
v 5.457915 7.750079 -1.499552
v 5.457915 8.948652 -1.499552
v 5.478418 7.750079 -1.549049
v 5.478418 8.948652 -1.549049
v 5.527916 7.750079 -1.569552
v 5.527916 8.948652 -1.569552
v 5.577414 7.750079 -1.549049
v 5.577414 8.948652 -1.549049
v 5.597916 7.750079 -1.499552
v 5.597916 8.948652 -1.499552
v 5.577414 7.750079 -1.450054
v 5.577414 8.948652 -1.450054
v 6.527916 7.750079 -1.429552
v 6.527916 8.948652 -1.429552
v 6.478418 7.750079 -1.450054
v 6.478418 8.948652 -1.450054
v 6.457915 7.750079 -1.499552
v 6.457915 8.948652 -1.499552
v 6.478418 7.750079 -1.549049
v 6.478418 8.948652 -1.549049
v 6.527916 7.750079 -1.569552
v 6.527916 8.948652 -1.569552
v 6.577414 7.750079 -1.549049
v 6.577414 8.948652 -1.549049
v 6.597916 7.750079 -1.499552
v 6.597916 8.948652 -1.499552
v 6.577414 7.750079 -1.450054
v 6.577414 8.948652 -1.450054
v 10.604819 5.010847 -1.332843
v 11.764820 4.978367 -1.302843
v 6.999820 8.901239 -1.332843
v 7.002820 8.931240 -1.702760
v 7.002820 8.968760 -1.702760
v 6.999820 8.968760 -1.302843
v 10.604820 5.040846 -1.702760
v 10.604820 5.078367 -1.702760
v 6.999820 8.901239 -1.672760
v 10.604819 5.078367 -1.302843
v 10.604819 5.040846 -1.302843
v 7.204820 8.831240 -1.302843
v 7.204820 8.868760 -1.302843
v 7.204820 8.868760 -1.702760
v 7.204820 8.831240 -1.702760
v 7.204820 8.801240 -1.332843
v 7.204820 8.898760 -1.332843
v 7.204820 8.801240 -1.672760
v 7.204820 8.898760 -1.672760
v 10.604819 5.108367 -1.332843
v 11.764820 4.910847 -1.332843
v 10.604820 5.010847 -1.672760
v 10.604820 5.108367 -1.672760
v 10.804820 4.910847 -1.332843
v 10.804820 4.940846 -1.702760
v 10.804820 4.978367 -1.702760
v 10.804820 4.978367 -1.302843
v 10.804820 4.940846 -1.302843
v 10.804820 5.008368 -1.332843
v 10.804820 4.910847 -1.672760
v 10.804820 5.008368 -1.672760
v 11.764820 5.008368 -1.332843
v 7.098643 7.571403 -1.509356
v 7.098643 8.893320 -1.509356
v 7.119146 7.571403 -1.558854
v 7.119146 8.878320 -1.558854
v 7.168643 7.571403 -1.579357
v 7.168643 8.843320 -1.579357
v 7.218141 7.571403 -1.558854
v 7.218141 8.808319 -1.558854
v 7.238643 7.571403 -1.509356
v 7.238643 8.793320 -1.509356
v 7.218141 7.571403 -1.459859
v 7.218141 8.808319 -1.459859
v 7.168643 7.571403 -1.439357
v 7.168643 8.843320 -1.439357
v 7.119146 7.571403 -1.459859
v 7.119146 8.878320 -1.459859
v 7.938674 7.989572 -1.459859
v 7.938674 6.769823 -1.459859
v 7.988172 7.954572 -1.439357
v 7.988172 6.769823 -1.439357
v 8.037670 7.919572 -1.459859
v 8.037670 6.769823 -1.459859
v 8.058172 7.904572 -1.509356
v 8.058172 6.769823 -1.509356
v 8.037670 7.919572 -1.558854
v 8.037670 6.769823 -1.558854
v 7.988172 7.954572 -1.579357
v 7.988172 6.769823 -1.579357
v 7.938674 7.989572 -1.558854
v 7.938674 6.769823 -1.558854
v 7.918171 8.004570 -1.509356
v 7.918171 6.769823 -1.509356
v 8.731309 7.104980 -1.459859
v 8.731309 5.979014 -1.459859
v 8.780807 7.069981 -1.439357
v 8.780807 5.979014 -1.439357
v 8.830304 7.034980 -1.459859
v 8.830304 5.979014 -1.459859
v 8.850807 7.019980 -1.509356
v 8.850807 5.979014 -1.509356
v 8.830304 7.034980 -1.558854
v 8.830304 5.979014 -1.558854
v 8.780807 7.069981 -1.579357
v 8.780807 5.979014 -1.579357
v 8.731309 7.104980 -1.558854
v 8.731309 5.979014 -1.558854
v 8.710807 7.119980 -1.509356
v 8.710807 5.979014 -1.509356
v 9.519037 6.224565 -1.459859
v 9.519037 5.170838 -1.459859
v 9.568535 6.189565 -1.439357
v 9.568535 5.170838 -1.439357
v 9.618032 6.154565 -1.459859
v 9.618032 5.170838 -1.459859
v 9.638535 6.139565 -1.509356
v 9.638535 5.170838 -1.509356
v 9.618032 6.154565 -1.558854
v 9.618032 5.170838 -1.558854
v 9.568535 6.189565 -1.579357
v 9.568535 5.170838 -1.579357
v 9.519037 6.224565 -1.558854
v 9.519037 5.170838 -1.558854
v 9.498535 6.239565 -1.509356
v 9.498535 5.170838 -1.509356
v 10.337650 5.332568 -1.459859
v 10.337650 4.277363 -1.459859
v 10.387148 5.297568 -1.439357
v 10.387148 4.277363 -1.439357
v 10.436646 5.262568 -1.459859
v 10.436646 4.277363 -1.459859
v 10.457148 5.247568 -1.509356
v 10.457148 4.277363 -1.509356
v 10.436646 5.262568 -1.558854
v 10.436646 4.277363 -1.558854
v 10.387148 5.297568 -1.579357
v 10.387148 4.277363 -1.579357
v 10.337650 5.332568 -1.558854
v 10.337650 4.277363 -1.558854
v 10.317148 5.347569 -1.509356
v 10.317148 4.277363 -1.509356
v 10.749723 3.952022 -1.459357
v 10.749723 4.958259 -1.459357
v 10.770226 3.952022 -1.508854
v 10.770226 4.958259 -1.508854
v 10.819724 3.952022 -1.529357
v 10.819724 4.958259 -1.529357
v 10.869222 3.952022 -1.508854
v 10.869222 4.958259 -1.508854
v 10.889725 3.952022 -1.459357
v 10.889725 4.958259 -1.459357
v 10.869222 3.952022 -1.409859
v 10.869222 4.958259 -1.409859
v 10.819724 3.952022 -1.389357
v 10.819724 4.958259 -1.389357
v 10.770226 3.952022 -1.409859
v 10.770226 4.958259 -1.409859
v 11.449724 3.952022 -1.459357
v 11.449724 4.958259 -1.459357
v 11.470226 3.952022 -1.508854
v 11.470226 4.958259 -1.508854
v 11.519724 3.952022 -1.529357
v 11.519724 4.958259 -1.529357
v 11.569221 3.952022 -1.508854
v 11.569221 4.958259 -1.508854
v 11.589724 3.952022 -1.459357
v 11.589724 4.958259 -1.459357
v 11.569221 3.952022 -1.409859
v 11.569221 4.958259 -1.409859
v 11.519724 3.952022 -1.389357
v 11.519724 4.958259 -1.389357
v 11.470226 3.952022 -1.409859
v 11.470226 4.958259 -1.409859
vn -0.0000 1.0000 -0.0000
vn -1.0000 -0.0000 -0.0000
vn -0.0182 -0.0000 0.9998
vn -0.0148 0.9893 0.1448
vn -0.0000 -0.0000 1.0000
vn -0.0049 1.0000 -0.0000
vn 1.0000 -0.0000 -0.0000
vn -1.0000 0.0075 -0.0000
vn -1.0000 0.0037 -0.0000
vn 0.6073 -0.7945 -0.0000
vn -0.0012 0.2132 0.9770
vn 0.0051 -1.0000 -0.0002
vn -0.9947 0.0111 0.1020
vn 0.9654 0.2609 -0.0000
vn 0.9007 -0.4345 -0.0000
vn 0.0039 1.0000 -0.0000
vn -1.0000 0.0038 -0.0000
vn 0.0040 1.0000 -0.0000
vn -0.0039 -1.0000 -0.0000
vn -0.9999 -0.0000 -0.0141
vn 0.4849 -0.5527 0.6778
vn 0.0048 -0.7094 -0.7048
vn -0.0000 -1.0000 -0.0000
vn 0.4849 0.5527 0.6778
vn -0.9295 -0.0000 0.3689
vn 0.9295 -0.0000 0.3689
vn 0.6769 -0.6606 -0.3246
vn -0.0000 -0.8988 -0.4384
vn -0.6685 -0.6685 -0.3261
vn -0.0000 0.8988 0.4384
vn 0.6587 0.6753 0.3318
vn -0.6685 0.6685 0.3261
vn 0.0370 0.6821 0.7303
vn -0.7037 -0.7104 -0.0108
vn -0.7037 0.7104 -0.0108
vn 0.0370 -0.6821 0.7303
vn 0.0070 -0.0000 -1.0000
vn -0.0070 -0.0000 1.0000
vn -0.5553 0.5553 0.6191
vn 0.5553 -0.5553 -0.6191
vn -0.0000 -0.6677 -0.7444
vn -0.5553 -0.5553 -0.6191
vn -0.0000 0.6677 0.7444
vn 0.5553 0.5553 0.6191
vn -0.0000 -0.8944 -0.4472
vn -0.6667 -0.6667 -0.3333
vn -0.0000 0.8944 0.4472
vn 0.6667 0.6667 0.3333
vn -0.6667 0.6667 0.3333
vn 0.6667 -0.6667 -0.3333
vn -0.3969 -0.8221 -0.4083
vn -0.6976 -0.0000 -0.7164
vn -0.3969 0.8221 -0.4083
vn 0.0048 0.7094 -0.7048
vn -0.7071 0.7071 -0.0000
vn 0.7071 -0.7071 -0.0000
vn -0.7071 -0.7071 -0.0000
vn 0.7071 0.7071 -0.0000
vn -0.0000 -0.7071 0.7071
vn -0.0000 0.7071 0.7071
vn -0.7654 -0.0000 0.6436
vn 0.7654 -0.0000 0.6436
vn 0.3827 -0.0000 -0.9239
vn 0.9239 -0.0000 -0.3827
vn 0.9239 -0.0000 0.3827
vn 0.3827 -0.0000 0.9239
vn -0.3827 -0.0000 0.9239
vn -0.9239 -0.0000 0.3827
vn -0.9239 -0.0000 -0.3827
vn -0.3827 -0.0000 -0.9239
vn 0.9295 -0.0000 0.3688
vn 0.6769 -0.6607 -0.3246
vn -0.6684 0.6685 0.3261
vn 0.7653 -0.0000 0.6436
vn 0.7653 -0.0000 0.6437
vn -0.0001 -0.7071 0.7071
vn -0.0000 0.7071 -0.7071
vn -0.0003 0.7071 -0.7071
vn -0.0000 -0.0000 -1.0000
vn -0.0002 -0.0000 -1.0000
vn -0.0000 -0.7071 -0.7071
vn 0.0004 -0.0000 1.0000
vn 0.3246 -0.6606 0.6769
vn 0.4384 -0.8988 -0.0000
vn 0.3261 -0.6685 -0.6685
vn 0.3261 -0.6685 -0.6684
vn -0.4384 0.8988 -0.0000
vn -0.3318 0.6753 0.6587
vn -0.3261 0.6685 -0.6685
vn -0.3261 0.6684 -0.6685
vn -0.6191 0.5553 -0.5553
vn 0.6191 -0.5553 0.5553
vn 0.7444 -0.6677 -0.0000
vn 0.6191 -0.5553 -0.5553
vn -0.7444 0.6677 -0.0000
vn -0.6191 0.5553 0.5553
vn 0.4472 -0.8944 -0.0000
vn 0.3333 -0.6667 -0.6667
vn -0.4472 0.8944 -0.0000
vn -0.3333 0.6667 0.6667
vn -0.3333 0.6667 -0.6667
vn 0.3333 -0.6667 0.6667
vn 0.0182 -0.0000 0.9998
vn 0.0148 0.9893 0.1448
vn 0.0049 1.0000 -0.0000
vn 1.0000 0.0075 -0.0000
vn 1.0000 0.0037 -0.0000
vn -0.6073 -0.7945 -0.0000
vn 0.0012 0.2132 0.9770
vn -0.0051 -1.0000 -0.0002
vn 0.9947 0.0111 0.1020
vn -0.9654 0.2609 -0.0000
vn -0.9007 -0.4345 -0.0000
vn -0.0039 1.0000 -0.0000
vn 1.0000 0.0038 -0.0000
vn -0.0040 1.0000 -0.0000
vn 0.0039 -1.0000 -0.0000
vn 0.9999 -0.0000 -0.0141
vn -0.4849 -0.5527 0.6778
vn -0.0048 -0.7095 -0.7047
vn -0.4849 0.5527 0.6778
vn -0.9294 -0.0000 0.3690
vn -0.9295 -0.0001 0.3689
vn -0.6769 -0.6606 -0.3246
vn 0.6685 -0.6685 -0.3261
vn -0.6587 0.6753 0.3318
vn 0.6685 0.6685 0.3261
vn -0.0370 0.6821 0.7303
vn 0.7037 -0.7104 -0.0108
vn 0.7037 0.7104 -0.0108
vn -0.0370 -0.6821 0.7303
vn -0.0070 -0.0000 -1.0000
vn 0.0070 -0.0000 1.0000
vn 0.3969 -0.8221 -0.4083
vn 0.6976 -0.0000 -0.7164
vn 0.3969 0.8221 -0.4083
vn -0.0048 0.7094 -0.7048
vn -0.0000 0.7072 0.7070
vn -0.7654 -0.0000 0.6435
vn -0.9295 -0.0000 0.3688
vn -0.6769 -0.6607 -0.3246
vn 0.6684 -0.6685 -0.3261
vn 0.6684 0.6685 0.3261
vn -0.7653 -0.0001 0.6437
vn -0.7653 -0.0000 0.6437
vn -0.7653 0.0001 0.6437
vn 0.0002 -0.7071 0.7071
vn 0.0001 0.7071 -0.7071
vn 0.0003 0.7071 -0.7071
vn 0.0002 -0.0000 -1.0000
vn 0.0001 -0.7071 -0.7071
vn -0.0001 0.7071 0.7071
vn -0.0004 -0.0000 1.0000
vn -0.3246 -0.6606 0.6769
vn -0.4384 -0.8988 -0.0000
vn -0.3261 -0.6685 -0.6684
vn 0.4383 0.8988 -0.0000
vn 0.3318 0.6753 0.6587
vn 0.3261 0.6685 -0.6685
vn 0.3261 0.6684 -0.6685
vn 0.6191 0.5553 -0.5553
vn -0.6191 -0.5553 0.5553
vn -0.7444 -0.6677 -0.0000
vn -0.6191 -0.5553 -0.5553
vn 0.7444 0.6677 -0.0000
vn 0.6191 0.5553 0.5553
vn -0.4472 -0.8944 -0.0000
vn -0.3333 -0.6667 -0.6667
vn 0.4472 0.8944 -0.0000
vn 0.3333 0.6667 0.6667
vn 0.3333 0.6667 -0.6667
vn -0.3333 -0.6667 0.6667
vn -0.0001 -0.0000 1.0000
vn -0.0000 -0.7072 -0.7071
vn -0.0182 -0.0000 -0.9998
vn -0.0148 0.9893 -0.1448
vn -0.0012 0.2132 -0.9770
vn 0.0051 -1.0000 0.0002
vn -0.9947 0.0111 -0.1020
vn -0.9999 -0.0000 0.0141
vn 0.4849 -0.5527 -0.6778
vn 0.0048 -0.7095 0.7047
vn 0.4849 0.5527 -0.6778
vn -0.9295 -0.0000 -0.3689
vn 0.9294 -0.0000 -0.3690
vn 0.9295 -0.0000 -0.3689
vn 0.9295 -0.0001 -0.3689
vn 0.6769 -0.6606 0.3246
vn -0.0000 -0.8988 0.4384
vn -0.6685 -0.6685 0.3261
vn -0.0000 0.8988 -0.4384
vn 0.6587 0.6753 -0.3318
vn -0.6685 0.6685 -0.3261
vn 0.0370 0.6821 -0.7303
vn -0.7037 -0.7104 0.0108
vn -0.7037 0.7104 0.0108
vn 0.0370 -0.6821 -0.7303
vn -0.5553 0.5553 -0.6191
vn 0.5553 -0.5553 0.6191
vn -0.0000 -0.6677 0.7444
vn -0.5553 -0.5553 0.6191
vn -0.0000 0.6677 -0.7444
vn 0.5553 0.5553 -0.6191
vn -0.0000 -0.8944 0.4472
vn -0.6667 -0.6667 0.3333
vn -0.0000 0.8944 -0.4472
vn 0.6667 0.6667 -0.3333
vn -0.6667 0.6667 -0.3333
vn 0.6667 -0.6667 0.3333
vn -0.3969 -0.8221 0.4083
vn -0.6976 -0.0000 0.7164
vn -0.3969 0.8221 0.4083
vn 0.0048 0.7094 0.7048
vn -0.0000 0.7072 -0.7070
vn -0.7654 -0.0000 -0.6436
vn 0.7654 -0.0000 -0.6435
vn 0.9295 -0.0000 -0.3688
vn 0.6769 -0.6607 0.3246
vn -0.6684 -0.6685 0.3261
vn -0.6684 0.6685 -0.3261
vn 0.7653 -0.0001 -0.6437
vn 0.7653 -0.0000 -0.6437
vn 0.7653 0.0001 -0.6437
vn -0.0002 -0.7071 -0.7071
vn -0.0003 0.7071 0.7071
vn -0.0002 -0.0000 1.0000
vn 0.0004 -0.0000 -1.0000
vn 0.3246 -0.6606 -0.6769
vn 0.3261 -0.6685 0.6684
vn -0.4383 0.8988 -0.0000
vn -0.3318 0.6753 -0.6587
vn -0.3261 0.6685 0.6685
vn -0.3261 0.6684 0.6685
vn 0.0001 -0.0000 -1.0000
vn -0.0000 -0.7072 0.7071
vn 0.0182 -0.0000 -0.9998
vn 0.0148 0.9893 -0.1448
vn 0.0012 0.2132 -0.9770
vn -0.0051 -1.0000 0.0002
vn 0.9947 0.0111 -0.1020
vn 0.9999 -0.0000 0.0141
vn -0.4849 -0.5527 -0.6778
vn -0.0048 -0.7095 0.7047
vn -0.4849 0.5527 -0.6778
vn -0.9294 -0.0001 -0.3690
vn -0.9294 -0.0000 -0.3690
vn -0.6769 -0.6606 0.3246
vn 0.6685 -0.6685 0.3261
vn -0.6587 0.6753 -0.3318
vn 0.6685 0.6685 -0.3261
vn -0.0370 0.6821 -0.7303
vn 0.7037 -0.7104 0.0108
vn 0.7037 0.7104 0.0108
vn -0.0370 -0.6821 -0.7303
vn 0.3969 -0.8221 0.4083
vn 0.6976 -0.0000 0.7164
vn 0.3969 0.8221 0.4083
vn -0.0048 0.7094 0.7048
vn 0.7654 -0.0000 -0.6436
vn -0.7654 -0.0001 -0.6435
vn -0.7655 -0.0001 -0.6435
vn -0.7654 -0.0000 -0.6435
vn -0.7655 -0.0000 -0.6435
vn -0.9295 -0.0000 -0.3688
vn -0.9295 0.0001 -0.3688
vn -0.6769 -0.6607 0.3246
vn 0.6684 0.6685 -0.3261
vn -0.7653 -0.0001 -0.6437
vn -0.7653 0.0001 -0.6437
vn 0.0002 -0.7071 -0.7071
vn 0.0004 -0.7071 -0.7071
vn 0.0003 -0.7071 -0.7071
vn 0.0001 0.7071 0.7071
vn 0.0003 0.7071 0.7071
vn 0.0002 -0.0000 1.0000
vn 0.0001 -0.7071 0.7071
vn -0.0001 0.7071 -0.7071
vn -0.0004 -0.0000 -1.0000
vn -0.3246 -0.6606 -0.6769
vn -0.3261 -0.6685 0.6684
vn 0.4382 0.8989 -0.0000
vn 0.4381 0.8989 -0.0000
vn 0.3318 0.6753 -0.6587
vn 0.3261 0.6685 0.6685
vn 0.3261 0.6684 0.6685
vn -0.0001 -0.0000 -1.0000
vn -0.0000 -0.7072 0.7070
vt 0.978312 0.969520
vt 0.898374 0.969520
vt 0.898374 0.914368
vt 0.978312 0.914368
vt 0.933807 0.936765
vt 0.941244 0.943831
vt 0.971986 0.903791
vt 0.897914 0.943910
vt 0.977852 0.943910
vt 0.898374 0.903353
vt 0.978312 0.903353
vt 0.897914 0.943910
vt 0.898374 0.903353
vt 0.978312 0.903353
vt 0.977852 0.943910
vt 0.896618 0.903791
vt 0.904056 0.908502
vt 0.896618 0.908502
vt 0.904056 0.915568
vt 0.911494 0.915568
vt 0.970995 0.979159
vt 0.971986 0.979159
vt 0.970995 0.972094
vt 0.963557 0.965028
vt 0.963557 0.972094
vt 0.911494 0.922633
vt 0.918931 0.922633
vt 0.918931 0.929699
vt 0.926369 0.929699
vt 0.926369 0.936765
vt 0.933807 0.943831
vt 0.941244 0.950897
vt 0.948682 0.950897
vt 0.948682 0.957962
vt 0.956119 0.957962
vt 0.956119 0.965028
vt 0.887508 0.944674
vt 0.998331 0.944674
vt 0.998331 0.945448
vt 0.887508 0.945448
vt 0.962191 0.958131
vt 0.957660 0.956661
vt 0.957660 0.951147
vt 0.908038 0.907039
vt 0.908038 0.903363
vt 0.913552 0.907039
vt 0.919065 0.912553
vt 0.913552 0.912553
vt 0.952146 0.951147
vt 0.952146 0.945634
vt 0.946633 0.945634
vt 0.946633 0.940120
vt 0.941119 0.940120
vt 0.941119 0.934607
vt 0.935606 0.934607
vt 0.935606 0.929093
vt 0.930092 0.929093
vt 0.930092 0.923580
vt 0.924579 0.923580
vt 0.924579 0.918066
vt 0.919065 0.918066
vt 0.998331 0.949975
vt 0.998331 0.908300
vt 0.887509 0.908300
vt 0.887509 0.949975
vt 0.998331 0.904771
vt 0.887509 0.904771
vt 0.970995 0.972094
vt 0.971986 0.972094
vt 0.971986 0.972094
vt 0.976443 0.957711
vt 0.898083 0.956441
vt 0.898842 0.903299
vt 0.996897 0.904770
vt 0.000000 0.000000
vt 0.956982 0.987851
vt 0.930389 0.987851
vt 0.917092 0.903310
vt 0.956982 0.903310
vt 0.950308 0.903731
vt 0.887509 0.907202
vt 0.998331 0.907202
vt 0.887509 0.946336
vt 0.998331 0.946336
vt 0.887509 0.909084
vt 0.998331 0.909084
vt 0.887509 0.946378
vt 0.998331 0.946378
vt 0.887509 0.907285
vt 0.998331 0.907285
vt 0.887509 0.942738
vt 0.998331 0.942738
vt 0.887509 0.905486
vt 0.998331 0.905486
vt 0.887509 0.944620
vt 0.998331 0.944620
vt 0.887509 0.905527
vt 0.998331 0.905527
vt 0.887509 0.944661
vt 0.998331 0.944661
vt 0.887509 0.905568
vt 0.998331 0.905568
vt 0.887509 0.945623
vt 0.998331 0.945623
vt 0.887509 0.905610
vt 0.998331 0.905609
vt 0.887509 0.945664
vt 0.998331 0.945664
vt 0.887509 0.905650
vt 0.998331 0.905650
vt 0.887509 0.943864
vt 0.998331 0.943864
vt 0.974370 0.936855
vt 0.967240 0.936853
vt 0.967213 0.937420
vt 0.960084 0.937418
vt 0.960057 0.937985
vt 0.952927 0.937983
vt 0.952900 0.938550
vt 0.945771 0.938548
vt 0.945744 0.939115
vt 0.938614 0.939113
vt 0.938588 0.939681
vt 0.931458 0.939678
vt 0.931431 0.940246
vt 0.924301 0.940244
vt 0.924275 0.940811
vt 0.917145 0.940809
vt 0.917118 0.941376
vt 0.909988 0.941374
vt 0.909961 0.941964
vt 0.886909 0.941971
vt 0.886909 0.942362
vt 0.957950 0.942327
vt 0.974303 0.939629
vt 0.990466 0.936962
vt 0.978502 0.949766
vt 0.967426 0.946670
vt 0.940865 0.949767
vt 0.978510 0.948693
vt 0.980668 0.946552
vt 0.908561 0.954217
vt 0.908561 0.950691
vt 0.974642 0.950691
vt 0.974642 0.954217
vt 0.998331 0.969342
vt 0.887508 0.969342
vt 0.940865 0.946568
vt 0.966144 0.807016
vt 0.966138 0.806335
vt 0.996538 0.805985
vt 0.996604 0.806726
vt 0.924356 0.887455
vt 0.912798 0.887073
vt 0.924356 0.883374
vt 0.982045 0.809160
vt 0.980813 0.814635
vt 0.954186 0.815540
vt 0.954091 0.808483
vt 0.937204 0.819967
vt 0.917382 0.815159
vt 0.893278 0.812295
vt 0.935995 0.878441
vt 0.888556 0.815783
vt 0.941818 0.821614
vt 0.940146 0.874290
vt 0.898343 0.887073
vt 0.886785 0.887455
vt 0.886785 0.883374
vt 0.945003 0.816035
vt 0.933040 0.816087
vt 0.934652 0.809069
vt 0.943305 0.809824
vt 0.933144 0.884246
vt 0.945107 0.884195
vt 0.943495 0.891212
vt 0.934842 0.890457
vt 0.935530 0.821339
vt 0.942218 0.821311
vt 0.942617 0.878942
vt 0.935929 0.878970
vt 0.967184 0.876791
vt 0.969194 0.882564
vt 0.925959 0.882564
vt 0.923432 0.876791
vt 0.919501 0.814301
vt 0.922610 0.807928
vt 0.965715 0.807928
vt 0.962606 0.814301
vt 0.967183 0.811588
vt 0.923431 0.811589
vt 0.969710 0.805851
vt 0.925958 0.805852
vt 0.917499 0.877547
vt 0.917498 0.813172
vt 0.960695 0.813171
vt 0.960696 0.877546
vt 0.915003 0.883211
vt 0.958200 0.883210
vt 0.916791 0.897942
vt 0.920582 0.890172
vt 0.973136 0.890172
vt 0.969346 0.897942
vt 0.915513 0.807472
vt 0.958199 0.807472
vt 0.898343 0.891314
vt 0.886785 0.891415
vt 0.917438 0.808165
vt 0.894491 0.807559
vt 0.996725 0.814681
vt 0.947853 0.873492
vt 0.966224 0.815549
vt 0.924356 0.891415
vt 0.912798 0.891314
vt 0.884493 0.809801
vt 0.884486 0.809120
vt 0.921180 0.806903
vt 0.921186 0.807584
vt 0.911191 0.811298
vt 0.911573 0.807323
vt 0.977596 0.807323
vt 0.977214 0.811298
vt 0.971808 0.856920
vt 0.972139 0.860916
vt 0.915011 0.860916
vt 0.914680 0.856920
vt 0.902311 0.816583
vt 0.902770 0.810717
vt 0.986652 0.810717
vt 0.986194 0.816583
vt 0.971808 0.811637
vt 0.914680 0.811637
vt 0.972139 0.807641
vt 0.915011 0.807641
vt 0.911191 0.856331
vt 0.977214 0.856331
vt 0.911573 0.860305
vt 0.977597 0.860305
vt 0.891310 0.897085
vt 0.890794 0.893554
vt 0.985092 0.893554
vt 0.985608 0.897085
vt 0.958867 0.807193
vt 0.955723 0.813637
vt 0.912140 0.813637
vt 0.915283 0.807193
vt 0.956406 0.812999
vt 0.956406 0.877950
vt 0.912823 0.877951
vt 0.912822 0.812999
vt 0.958923 0.807284
vt 0.915339 0.807284
vt 0.915339 0.877986
vt 0.915339 0.813034
vt 0.958922 0.813034
vt 0.958923 0.877985
vt 0.912822 0.883701
vt 0.956406 0.883700
vt 0.913336 0.807284
vt 0.956404 0.807284
vt 0.958409 0.883701
vt 0.915341 0.883701
vt 0.958396 0.874541
vt 0.955252 0.880985
vt 0.911669 0.880985
vt 0.914812 0.874541
vt 0.921064 0.816199
vt 0.942216 0.859524
vt 0.938366 0.856497
vt 0.932367 0.855534
vt 0.995728 0.888191
vt 0.995787 0.891788
vt 0.904710 0.893276
vt 0.904651 0.889679
vt 0.990441 0.819926
vt 0.990441 0.825806
vt 0.894358 0.825806
vt 0.892335 0.819926
vt 0.892335 0.878705
vt 0.892335 0.884902
vt 0.988418 0.884902
vt 0.990441 0.878705
vt 0.990441 0.833161
vt 0.894358 0.833161
vt 0.892335 0.807959
vt 0.990441 0.807959
vt 0.892335 0.813840
vt 0.988418 0.813840
vt 0.892335 0.880468
vt 0.990441 0.813840
vt 0.990441 0.880468
vt 0.892335 0.886349
vt 0.988418 0.886349
vt 0.950425 0.817600
vt 0.950425 0.882651
vt 0.927721 0.882681
vt 0.927721 0.817630
vt 0.975019 0.709573
vt 0.975019 0.776760
vt 0.965455 0.776760
vt 0.965455 0.709573
vt 0.955890 0.776760
vt 0.955890 0.709573
vt 0.946325 0.776760
vt 0.946325 0.709573
vt 0.936760 0.776760
vt 0.936760 0.709573
vt 0.927195 0.776760
vt 0.927195 0.709573
vt 0.917630 0.776760
vt 0.917630 0.709573
vt 0.908066 0.776760
vt 0.908066 0.709573
vt 0.898501 0.776760
vt 0.898501 0.709573
vt 0.917499 0.877547
vt 0.947818 0.859434
vt 0.906148 0.859434
vt 0.906148 0.855946
vt 0.947818 0.855946
vt 0.939645 0.815278
vt 0.980911 0.815278
vt 0.981017 0.819125
vt 0.939645 0.819125
vt 0.941062 0.813436
vt 0.895076 0.813436
vt 0.895076 0.810661
vt 0.941062 0.810661
vt 0.939645 0.862715
vt 0.981017 0.862715
vt 0.906148 0.816423
vt 0.947818 0.816424
vt 0.941062 0.816487
vt 0.894958 0.816487
vt 0.982666 0.881827
vt 0.942107 0.881827
vt 0.942107 0.872638
vt 0.982666 0.872638
vt 0.982666 0.890187
vt 0.942107 0.890187
s 0
f 3/1/1 2/2/1 35/3/1 55/4/1
f 44/5/2 46/6/2 1/7/2
f 55/4/3 35/3/3 54/8/3 57/9/3
f 57/9/4 54/8/4 53/10/4 58/11/4
f 58/11/5 53/10/5 52/8/5 59/9/5
f 59/9/1 52/8/1 51/10/1 60/11/1
f 60/11/5 51/10/5 50/8/5 61/9/5
f 61/9/1 50/8/1 49/10/1 62/11/1
f 62/11/5 49/10/5 48/12/5 63/9/5
f 63/9/1 48/12/1 47/13/1 64/11/1
f 64/11/5 47/13/5 46/12/5 65/9/5
f 65/9/1 46/12/1 45/10/1 66/11/1
f 66/11/5 45/10/5 44/8/5 67/9/5
f 67/9/1 44/8/1 43/13/1 68/14/1
f 68/14/5 43/13/5 42/12/5 69/15/5
f 69/15/1 42/12/1 41/10/1 70/11/1
f 70/11/5 41/10/5 40/8/5 71/15/5
f 71/15/1 40/8/1 39/10/1 72/14/1
f 72/14/5 39/10/5 38/8/5 73/9/5
f 73/9/1 38/8/1 37/10/1 74/14/1
f 74/14/5 37/10/5 36/8/5 75/15/5
f 75/15/1 36/8/1 34/10/1 56/11/1
f 33/15/5 56/11/5 34/10/5 32/12/5
f 1/7/2 32/16/2 36/17/2
f 32/16/2 34/18/2 36/17/2
f 36/17/2 37/19/2 38/20/2
f 35/21/2 2/22/2 54/23/2
f 2/22/2 1/7/2 54/23/2
f 52/24/2 53/25/2 54/23/2
f 1/7/2 36/17/2 38/20/2
f 38/20/2 39/26/2 40/27/2
f 40/27/2 41/28/2 42/29/2
f 42/29/2 43/30/2 44/5/2
f 44/5/2 45/31/2 46/6/2
f 46/6/2 47/32/2 48/33/2
f 48/33/2 49/34/2 50/35/2
f 50/35/2 51/36/2 52/24/2
f 52/24/2 54/23/2 1/7/2
f 1/7/2 38/20/2 40/27/2
f 1/7/2 40/27/2 42/29/2
f 50/35/2 52/24/2 1/7/2
f 48/33/2 50/35/2 1/7/2
f 1/7/2 42/29/2 44/5/2
f 46/6/2 48/33/2 1/7/2
f 3/37/6 55/38/6 77/39/6 6/40/6
f 57/41/7 58/42/7 59/43/7
f 56/44/7 33/45/7 75/46/7
f 73/47/7 74/48/7 75/46/7
f 59/43/7 60/49/7 61/50/7
f 61/50/7 62/51/7 63/52/7
f 63/52/7 64/53/7 65/54/7
f 65/54/7 66/55/7 67/56/7
f 67/56/7 68/57/7 69/58/7
f 69/58/7 70/59/7 71/60/7
f 71/60/7 72/61/7 73/47/7
f 84/62/8 78/63/8 7/64/8 29/65/8
f 6/40/9 77/39/9 83/66/9 12/67/9
f 82/68/10 11/69/10 8/70/10 79/23/10
f 76/71/11 57/72/11 80/73/11 81/74/11
f 80/23/12 9/70/12 10/69/12 81/68/12
f 57/75/13 4/75/13 9/75/13 80/75/13
f 5/76/14 76/77/14 81/78/14 10/79/14
f 69/58/7 71/60/7 80/80/7
f 76/68/15 5/69/15 11/69/15 82/68/15
f 84/62/16 29/65/16 28/81/16 85/82/16
f 85/82/17 28/81/17 27/83/17 86/84/17
f 86/84/16 27/83/16 26/85/16 87/86/16
f 87/86/17 26/85/17 25/87/17 88/88/17
f 88/88/16 25/87/16 24/89/16 89/90/16
f 89/90/9 24/89/9 23/91/9 90/92/9
f 90/92/16 23/91/16 22/93/16 91/94/16
f 91/94/9 22/93/9 21/95/9 92/96/9
f 92/96/16 21/95/16 20/97/16 93/98/16
f 93/98/9 20/97/9 19/99/9 94/100/9
f 94/100/18 19/99/18 18/101/18 95/102/18
f 95/102/9 18/101/9 17/103/9 96/104/9
f 96/104/18 17/103/18 16/105/18 97/106/18
f 97/106/9 16/105/9 15/107/9 98/108/9
f 98/108/18 15/107/18 14/109/18 99/110/18
f 99/110/9 14/109/9 13/111/9 100/112/9
f 100/112/18 13/111/18 12/67/18 83/66/18
f 84/113/5 85/114/5 86/115/5
f 86/115/5 87/116/5 88/117/5
f 88/117/5 89/118/5 90/119/5
f 90/119/5 91/120/5 92/121/5
f 92/121/5 93/122/5 94/123/5
f 94/123/5 95/124/5 96/125/5
f 96/125/5 97/126/5 98/127/5
f 98/127/5 99/128/5 100/129/5
f 100/129/5 83/130/5 77/131/5
f 77/131/5 55/132/5 57/133/5
f 76/134/5 82/135/5 94/123/5
f 82/135/5 79/136/5 86/115/5
f 78/137/5 79/138/5 103/139/5
f 77/131/5 57/133/5 76/134/5
f 98/127/5 100/129/5 76/134/5
f 100/129/5 77/131/5 76/134/5
f 94/123/5 96/125/5 76/134/5
f 96/125/5 98/127/5 76/134/5
f 92/121/5 94/123/5 82/135/5
f 86/115/5 88/117/5 82/135/5
f 88/117/5 90/119/5 82/135/5
f 90/119/5 92/121/5 82/135/5
f 79/138/5 84/140/5 86/141/5
f 65/54/7 67/56/7 80/80/7
f 67/56/7 69/58/7 80/80/7
f 63/52/7 65/54/7 80/80/7
f 61/50/7 63/52/7 80/80/7
f 80/80/7 57/41/7 59/43/7
f 75/46/7 33/45/7 80/80/7
f 73/47/7 75/46/7 80/80/7
f 80/80/7 59/43/7 61/50/7
f 71/60/7 73/47/7 80/80/7
f 79/142/19 8/143/19 31/144/19 102/145/19
f 7/64/1 78/63/1 103/146/1 30/147/1
f 84/140/5 79/138/5 78/137/5
f 103/139/5 79/138/5 102/148/5
f 142/149/20 144/150/20 109/151/20 110/152/20
f 125/153/21 112/154/21 121/155/21
f 104/156/22 632/157/22 147/158/22 145/159/22
f 632/157/23 148/160/23 147/158/23
f 146/161/23 148/160/23 114/162/23
f 108/163/1 643/164/1 151/165/1 126/166/1
f 111/167/24 126/168/24 123/169/24
f 137/170/25 141/171/25 115/172/25 113/173/25
f 163/174/26 162/175/26 135/176/26 117/177/26
f 160/178/5 139/179/5 161/180/5 164/181/5
f 121/182/27 112/183/27 130/184/27 133/185/27
f 110/186/2 109/187/2 127/188/2 128/189/2
f 114/190/28 121/182/28 133/185/28 131/191/28
f 109/192/29 114/190/29 131/191/29 127/193/29
f 123/194/30 118/195/30 132/196/30 134/197/30
f 111/198/31 123/194/31 134/197/31 129/199/31
f 112/200/7 111/201/7 129/202/7 130/203/7
f 118/195/32 110/204/32 128/205/32 132/196/32
f 106/206/33 108/207/33 126/168/33 111/167/33
f 144/208/34 146/161/34 114/162/34 109/209/34
f 126/166/1 151/165/1 118/210/1 123/211/1
f 150/212/35 142/149/35 110/152/35 118/210/35
f 107/213/36 105/214/36 112/154/36 125/153/36
f 605/215/37 104/216/37 145/217/37 143/218/37
f 105/214/38 106/206/38 111/167/38 112/154/38
f 132/219/39 128/220/39 122/221/39 136/222/39
f 133/223/40 130/224/40 119/225/40 138/226/40
f 128/227/2 127/228/2 124/229/2 122/230/2
f 131/231/41 133/223/41 138/226/41 116/232/41
f 127/233/42 131/231/42 116/232/42 124/234/42
f 134/235/43 132/219/43 136/222/43 140/236/43
f 129/237/44 134/235/44 140/236/44 120/238/44
f 130/239/7 129/240/7 120/241/7 119/242/7
f 122/243/2 124/244/2 156/245/2 155/246/2
f 116/247/45 138/248/45 158/249/45 152/250/45
f 124/251/46 116/247/46 152/250/46 156/252/46
f 140/253/47 136/254/47 157/255/47 159/256/47
f 120/257/48 140/253/48 159/256/48 154/258/48
f 136/254/49 122/259/49 155/260/49 157/255/49
f 138/248/50 119/261/50 153/262/50 158/249/50
f 119/263/7 120/264/7 154/265/7 153/266/7
f 146/161/23 147/158/23 148/160/23
f 149/267/1 150/212/1 151/165/1
f 146/161/51 144/208/51 145/159/51 147/158/51
f 144/150/52 142/149/52 143/218/52 145/217/52
f 142/149/53 150/212/53 149/267/53 143/218/53
f 643/164/54 605/215/54 143/218/54 149/267/54
f 151/165/1 643/164/1 149/267/1
f 118/210/1 151/165/1 150/212/1
f 148/160/23 632/157/23 107/268/23 125/269/23
f 114/162/23 148/160/23 125/269/23 121/270/23
f 153/271/7 154/272/7 117/273/7 135/274/7
f 157/275/55 155/276/55 115/277/55 141/278/55
f 158/279/56 153/280/56 135/281/56 162/282/56
f 155/276/2 156/283/2 113/284/2 115/277/2
f 152/285/23 158/279/23 162/282/23 137/286/23
f 156/287/57 152/285/57 137/286/57 113/288/57
f 159/289/1 157/287/1 141/290/1 163/291/1
f 154/292/58 159/289/58 163/291/58 117/293/58
f 161/180/59 139/179/59 137/294/59 162/295/59
f 160/178/60 164/181/60 163/296/60 141/297/60
f 141/171/61 137/170/61 139/179/61 160/178/61
f 162/175/62 163/174/62 164/181/62 161/180/62
f 165/298/63 166/299/63 168/300/63 167/301/63
f 167/301/64 168/300/64 170/302/64 169/303/64
f 169/303/65 170/302/65 172/304/65 171/305/65
f 171/305/66 172/304/66 174/306/66 173/307/66
f 173/307/67 174/306/67 176/308/67 175/309/67
f 175/309/68 176/308/68 178/310/68 177/311/68
f 177/311/69 178/310/69 180/312/69 179/313/69
f 179/313/70 180/312/70 166/314/70 165/315/70
f 182/313/70 181/312/70 195/314/70 196/315/70
f 184/311/69 183/310/69 181/312/69 182/313/69
f 186/309/68 185/308/68 183/310/68 184/311/68
f 188/307/67 187/306/67 185/308/67 186/309/67
f 190/305/66 189/304/66 187/306/66 188/307/66
f 192/303/65 191/302/65 189/304/65 190/305/65
f 194/301/64 193/300/64 191/302/64 192/303/64
f 196/298/63 195/299/63 193/300/63 194/301/63
f 198/313/70 197/312/70 211/314/70 212/315/70
f 200/311/69 199/310/69 197/312/69 198/313/69
f 202/309/68 201/308/68 199/310/68 200/311/68
f 204/307/67 203/306/67 201/308/67 202/309/67
f 206/305/66 205/304/66 203/306/66 204/307/66
f 208/303/65 207/302/65 205/304/65 206/305/65
f 210/301/64 209/300/64 207/302/64 208/303/64
f 212/298/63 211/299/63 209/300/63 210/301/63
f 214/313/70 213/312/70 227/314/70 228/315/70
f 216/311/69 215/310/69 213/312/69 214/313/69
f 218/309/68 217/308/68 215/310/68 216/311/68
f 220/307/67 219/306/67 217/308/67 218/309/67
f 222/305/66 221/304/66 219/306/66 220/307/66
f 224/303/65 223/302/65 221/304/65 222/305/65
f 226/301/64 225/300/64 223/302/64 224/303/64
f 228/298/63 227/299/63 225/300/63 226/301/63
f 230/313/70 229/312/70 243/314/70 244/315/70
f 232/311/69 231/310/69 229/312/69 230/313/69
f 234/309/68 233/308/68 231/310/68 232/311/68
f 236/307/67 235/306/67 233/308/67 234/309/67
f 238/305/66 237/304/66 235/306/66 236/307/66
f 240/303/65 239/302/65 237/304/65 238/305/65
f 242/301/64 241/300/64 239/302/64 240/303/64
f 244/298/63 243/299/63 241/300/63 242/301/63
f 245/298/63 246/299/63 248/300/63 247/301/63
f 247/301/64 248/300/64 250/302/64 249/303/64
f 249/303/65 250/302/65 252/304/65 251/305/65
f 251/305/66 252/304/66 254/306/66 253/307/66
f 253/307/67 254/306/67 256/308/67 255/309/67
f 255/309/68 256/308/68 258/310/68 257/311/68
f 257/311/69 258/310/69 260/312/69 259/313/69
f 259/313/70 260/312/70 246/314/70 245/315/70
f 261/298/63 262/299/63 264/300/63 263/301/63
f 263/301/64 264/300/64 266/302/64 265/303/64
f 265/303/65 266/302/65 268/304/65 267/305/65
f 267/305/66 268/304/66 270/306/66 269/307/66
f 269/307/67 270/306/67 272/308/67 271/309/67
f 271/309/68 272/308/68 274/310/68 273/311/68
f 273/311/69 274/310/69 276/312/69 275/313/69
f 275/313/70 276/312/70 262/314/70 261/315/70
f 277/298/63 278/299/63 280/300/63 279/301/63
f 279/301/64 280/300/64 282/302/64 281/303/64
f 281/303/65 282/302/65 284/304/65 283/305/65
f 283/305/66 284/304/66 286/306/66 285/307/66
f 285/307/67 286/306/67 288/308/67 287/309/67
f 287/309/68 288/308/68 290/310/68 289/311/68
f 289/311/69 290/310/69 292/312/69 291/313/69
f 291/313/70 292/312/70 278/314/70 277/315/70
f 319/170/25 323/171/25 299/172/25 297/173/25
f 335/174/71 334/175/71 317/176/71 301/177/71
f 332/178/5 321/179/5 333/180/5 336/181/5
f 305/182/72 296/183/72 312/184/72 315/185/72
f 294/186/2 293/187/2 309/188/2 310/189/2
f 298/190/28 305/182/28 315/185/28 313/191/28
f 293/192/29 298/190/29 313/191/29 309/193/29
f 307/194/30 302/195/30 314/196/30 316/197/30
f 295/198/31 307/194/31 316/197/31 311/199/31
f 296/200/7 295/201/7 311/202/7 312/203/7
f 302/195/73 294/204/73 310/205/73 314/196/73
f 314/219/39 310/220/39 306/221/39 318/222/39
f 315/223/40 312/224/40 303/225/40 320/226/40
f 310/227/2 309/228/2 308/229/2 306/230/2
f 313/231/41 315/223/41 320/226/41 300/232/41
f 309/233/42 313/231/42 300/232/42 308/234/42
f 316/235/43 314/219/43 318/222/43 322/236/43
f 311/237/44 316/235/44 322/236/44 304/238/44
f 312/239/7 311/240/7 304/241/7 303/242/7
f 306/243/2 308/244/2 328/245/2 327/246/2
f 300/247/45 320/248/45 330/249/45 324/250/45
f 308/251/46 300/247/46 324/250/46 328/252/46
f 322/253/47 318/254/47 329/255/47 331/256/47
f 304/257/48 322/253/48 331/256/48 326/258/48
f 318/254/49 306/259/49 327/260/49 329/255/49
f 320/248/50 303/261/50 325/262/50 330/249/50
f 303/263/7 304/264/7 326/265/7 325/266/7
f 325/271/7 326/272/7 301/273/7 317/274/7
f 329/275/55 327/276/55 299/277/55 323/278/55
f 330/279/56 325/280/56 317/281/56 334/282/56
f 327/276/2 328/283/2 297/284/2 299/277/2
f 324/285/23 330/279/23 334/282/23 319/286/23
f 328/287/57 324/285/57 319/286/57 297/288/57
f 331/289/1 329/287/1 323/290/1 335/291/1
f 326/292/58 331/289/58 335/291/58 301/293/58
f 333/180/59 321/179/59 319/294/59 334/295/59
f 332/178/60 336/181/60 335/296/60 323/297/60
f 323/171/61 319/170/61 321/179/61 332/178/61
f 334/175/74 335/174/74 336/181/75 333/180/75
f 337/298/63 338/299/63 340/300/63 339/301/63
f 339/301/64 340/300/64 342/302/64 341/303/64
f 341/303/65 342/302/65 344/304/65 343/305/65
f 343/305/66 344/304/66 346/306/66 345/307/66
f 345/307/67 346/306/67 348/308/67 347/309/67
f 347/309/68 348/308/68 350/310/68 349/311/68
f 349/311/69 350/310/69 352/312/69 351/313/69
f 351/313/70 352/312/70 338/314/70 337/315/70
f 354/313/70 353/312/70 367/314/70 368/315/70
f 356/311/69 355/310/69 353/312/69 354/313/69
f 358/309/68 357/308/68 355/310/68 356/311/68
f 360/307/67 359/306/67 357/308/67 358/309/67
f 362/305/66 361/304/66 359/306/66 360/307/66
f 364/303/65 363/302/65 361/304/65 362/305/65
f 366/301/64 365/300/64 363/302/64 364/303/64
f 368/298/63 367/299/63 365/300/63 366/301/63
f 370/313/70 369/312/70 383/314/70 384/315/70
f 372/311/69 371/310/69 369/312/69 370/313/69
f 374/309/68 373/308/68 371/310/68 372/311/68
f 376/307/67 375/306/67 373/308/67 374/309/67
f 378/305/66 377/304/66 375/306/66 376/307/66
f 380/303/65 379/302/65 377/304/65 378/305/65
f 382/301/64 381/300/64 379/302/64 380/303/64
f 384/298/63 383/299/63 381/300/63 382/301/63
f 386/313/70 385/312/70 399/314/70 400/315/70
f 388/311/69 387/310/69 385/312/69 386/313/69
f 390/309/68 389/308/68 387/310/68 388/311/68
f 392/307/67 391/306/67 389/308/67 390/309/67
f 394/305/66 393/304/66 391/306/66 392/307/66
f 396/303/65 395/302/65 393/304/65 394/305/65
f 398/301/64 397/300/64 395/302/64 396/303/64
f 400/298/63 399/299/63 397/300/63 398/301/63
f 402/313/70 401/312/70 415/314/70 416/315/70
f 404/311/69 403/310/69 401/312/69 402/313/69
f 406/309/68 405/308/68 403/310/68 404/311/68
f 408/307/67 407/306/67 405/308/67 406/309/67
f 410/305/66 409/304/66 407/306/66 408/307/66
f 412/303/65 411/302/65 409/304/65 410/305/65
f 414/301/64 413/300/64 411/302/64 412/303/64
f 416/298/63 415/299/63 413/300/63 414/301/63
f 417/298/63 418/299/63 420/300/63 419/301/63
f 419/301/64 420/300/64 422/302/64 421/303/64
f 421/303/65 422/302/65 424/304/65 423/305/65
f 423/305/66 424/304/66 426/306/66 425/307/66
f 425/307/67 426/306/67 428/308/67 427/309/67
f 427/309/68 428/308/68 430/310/68 429/311/68
f 429/311/69 430/310/69 432/312/69 431/313/69
f 431/313/70 432/312/70 418/314/70 417/315/70
f 433/298/63 434/299/63 436/300/63 435/301/63
f 435/301/64 436/300/64 438/302/64 437/303/64
f 437/303/65 438/302/65 440/304/65 439/305/65
f 439/305/66 440/304/66 442/306/66 441/307/66
f 441/307/67 442/306/67 444/308/67 443/309/67
f 443/309/68 444/308/68 446/310/68 445/311/68
f 445/311/69 446/310/69 448/312/69 447/313/69
f 447/313/70 448/312/70 434/314/70 433/315/70
f 295/201/7 296/200/7 450/200/7 449/201/7
f 451/298/63 452/299/63 454/300/63 453/301/63
f 453/301/64 454/300/64 456/302/64 455/303/64
f 455/303/65 456/302/65 458/304/65 457/305/65
f 457/305/66 458/304/66 460/306/66 459/307/66
f 459/307/67 460/306/67 462/308/67 461/309/67
f 461/309/68 462/308/68 464/310/68 463/311/68
f 463/311/69 464/310/69 466/312/69 465/313/69
f 465/313/70 466/312/70 452/314/70 451/315/70
f 467/298/63 468/299/63 470/300/63 469/301/63
f 469/301/64 470/300/64 472/302/64 471/303/64
f 471/303/65 472/302/65 474/304/65 473/305/65
f 473/305/66 474/304/66 476/306/66 475/307/66
f 475/307/67 476/306/67 478/308/67 477/309/67
f 477/309/68 478/308/68 480/310/68 479/311/68
f 479/311/69 480/310/69 482/312/69 481/313/69
f 481/313/70 482/312/70 468/314/70 467/315/70
f 293/187/2 294/186/2 488/186/2 486/187/2
f 298/190/57 293/192/57 486/192/57 485/190/57
f 305/182/23 298/190/23 485/190/23 487/182/23
f 294/204/55 302/195/55 484/195/55 488/204/55
f 302/195/1 307/194/1 483/316/1 484/195/1
f 296/183/56 305/182/56 487/182/56 450/183/56
f 307/194/58 295/198/58 449/198/58 483/316/58
f 614/317/76 607/318/76 620/319/76 617/320/76
f 615/321/77 609/322/78 490/323/77 612/324/77
f 611/325/79 489/326/79 609/327/79 615/328/80
f 613/329/1 612/324/1 490/323/1 491/330/1
f 492/298/63 493/299/63 495/300/63 494/301/63
f 494/301/64 495/300/64 497/302/64 496/303/64
f 496/303/65 497/302/65 499/304/65 498/305/65
f 498/305/66 499/304/66 501/306/66 500/307/66
f 500/307/67 501/306/67 503/308/67 502/309/67
f 502/309/68 503/308/68 505/310/68 504/311/68
f 504/311/69 505/310/69 507/312/69 506/313/69
f 506/313/70 507/312/70 493/314/70 492/315/70
f 508/298/63 509/299/63 511/300/63 510/301/63
f 510/301/64 511/300/64 513/302/64 512/303/64
f 512/303/65 513/302/65 515/304/65 514/305/65
f 514/305/66 515/304/66 517/306/66 516/307/66
f 516/307/67 517/306/67 519/308/67 518/309/67
f 518/309/68 519/308/68 521/310/68 520/311/68
f 520/311/69 521/310/69 523/312/69 522/313/69
f 522/313/70 523/312/70 509/314/70 508/315/70
f 524/298/63 525/299/63 527/300/63 526/301/63
f 526/301/64 527/300/64 529/302/64 528/303/64
f 528/303/65 529/302/65 531/304/65 530/305/65
f 530/305/66 531/304/66 533/306/66 532/307/66
f 532/307/67 533/306/67 535/308/67 534/309/67
f 534/309/68 535/308/68 537/310/68 536/311/68
f 536/311/69 537/310/69 539/312/69 538/313/69
f 538/313/70 539/312/70 525/314/70 524/315/70
f 540/298/63 541/299/63 543/300/63 542/301/63
f 542/301/64 543/300/64 545/302/64 544/303/64
f 544/303/65 545/302/65 547/304/65 546/305/65
f 546/305/66 547/304/66 549/306/66 548/307/66
f 548/307/67 549/306/67 551/308/67 550/309/67
f 550/309/68 551/308/68 553/310/68 552/311/68
f 552/311/69 553/310/69 555/312/69 554/313/69
f 554/313/70 555/312/70 541/314/70 540/315/70
f 556/298/63 557/299/63 559/300/63 558/301/63
f 558/301/64 559/300/64 561/302/64 560/303/64
f 560/303/65 561/302/65 563/304/65 562/305/65
f 562/305/66 563/304/66 565/306/66 564/307/66
f 564/307/67 565/306/67 567/308/67 566/309/67
f 566/309/68 567/308/68 569/310/68 568/311/68
f 568/311/69 569/310/69 571/312/69 570/313/69
f 570/313/70 571/312/70 557/314/70 556/315/70
f 572/298/63 573/299/63 575/300/63 574/301/63
f 574/301/64 575/300/64 577/302/64 576/303/64
f 576/303/65 577/302/65 579/304/65 578/305/65
f 578/305/66 579/304/66 581/306/66 580/307/66
f 580/307/67 581/306/67 583/308/67 582/309/67
f 582/309/68 583/308/68 585/310/68 584/311/68
f 584/311/69 585/310/69 587/312/69 586/313/69
f 586/313/70 587/312/70 573/314/70 572/315/70
f 588/298/63 589/299/63 591/300/63 590/301/63
f 590/301/64 591/300/64 593/302/64 592/303/64
f 592/303/65 593/302/65 595/304/65 594/305/65
f 594/305/66 595/304/66 597/306/66 596/307/66
f 596/307/67 597/306/67 599/308/67 598/309/67
f 598/309/68 599/308/68 601/310/68 600/311/68
f 600/311/69 601/310/69 603/312/69 602/313/69
f 602/313/70 603/312/70 589/314/70 588/315/70
f 606/331/23 616/332/23 617/320/23 620/319/23
f 489/326/81 611/325/81 616/333/81 606/334/81
f 608/335/60 610/336/60 613/337/60 491/338/60
f 607/339/82 614/340/82 610/336/82 608/335/82
f 620/182/83 607/183/83 626/184/83 629/185/83
f 609/186/79 489/187/79 623/188/79 624/189/79
f 606/190/84 620/182/84 629/185/84 627/191/84
f 489/192/85 606/190/86 627/191/86 623/193/86
f 491/194/87 490/195/87 628/196/87 630/197/87
f 608/198/88 491/194/88 630/197/88 625/199/88
f 607/200/5 608/201/5 625/202/5 626/203/5
f 490/195/89 609/204/89 624/205/89 628/196/90
f 628/219/91 624/220/91 621/221/91 631/222/91
f 629/223/92 626/224/92 618/225/92 633/226/92
f 624/227/79 623/228/79 622/229/79 621/230/79
f 627/231/93 629/223/93 633/226/93 604/232/93
f 623/233/94 627/231/94 604/232/94 622/234/94
f 630/235/95 628/219/95 631/222/95 634/236/95
f 625/237/96 630/235/96 634/236/96 619/238/96
f 626/239/5 625/240/5 619/241/5 618/242/5
f 621/243/79 622/244/79 639/245/79 638/246/79
f 604/247/97 633/248/97 641/249/97 635/250/97
f 622/251/98 604/247/98 635/250/98 639/252/98
f 634/253/99 631/254/99 640/255/99 642/256/99
f 619/257/100 634/253/100 642/256/100 637/258/100
f 631/254/101 621/259/101 638/260/101 640/255/101
f 633/248/102 618/261/102 636/262/102 641/249/102
f 618/263/5 619/264/5 637/265/5 636/266/5
f 636/271/5 637/272/5 106/273/5 105/274/5
f 640/275/77 638/276/77 605/277/77 643/278/77
f 641/279/59 636/280/59 105/281/59 107/282/59
f 638/276/79 639/283/79 104/284/79 605/277/79
f 635/285/23 641/279/23 107/282/23 632/286/23
f 639/287/81 635/285/81 632/286/81 104/288/81
f 642/289/1 640/287/1 643/290/1 108/291/1
f 637/292/60 642/289/60 108/291/60 106/293/60
f 644/298/65 645/299/65 647/300/65 646/301/65
f 646/301/66 647/300/66 649/302/66 648/303/66
f 648/303/67 649/302/67 651/304/67 650/305/67
f 650/305/68 651/304/68 653/306/68 652/307/68
f 652/307/69 653/306/69 655/308/69 654/309/69
f 654/309/70 655/308/70 657/310/70 656/311/70
f 656/311/63 657/310/63 659/312/63 658/313/63
f 658/313/64 659/312/64 645/314/64 644/315/64
f 661/313/64 660/312/64 674/314/64 675/315/64
f 663/311/63 662/310/63 660/312/63 661/313/63
f 665/309/70 664/308/70 662/310/70 663/311/70
f 667/307/69 666/306/69 664/308/69 665/309/69
f 669/305/68 668/304/68 666/306/68 667/307/68
f 671/303/67 670/302/67 668/304/67 669/305/67
f 673/301/66 672/300/66 670/302/66 671/303/66
f 675/298/65 674/299/65 672/300/65 673/301/65
f 677/313/64 676/312/64 690/314/64 691/315/64
f 679/311/63 678/310/63 676/312/63 677/313/63
f 681/309/70 680/308/70 678/310/70 679/311/70
f 683/307/69 682/306/69 680/308/69 681/309/69
f 685/305/68 684/304/68 682/306/68 683/307/68
f 687/303/67 686/302/67 684/304/67 685/305/67
f 689/301/66 688/300/66 686/302/66 687/303/66
f 691/298/65 690/299/65 688/300/65 689/301/65
f 693/313/64 692/312/64 706/314/64 707/315/64
f 695/311/63 694/310/63 692/312/63 693/313/63
f 697/309/70 696/308/70 694/310/70 695/311/70
f 699/307/69 698/306/69 696/308/69 697/309/69
f 701/305/68 700/304/68 698/306/68 699/307/68
f 703/303/67 702/302/67 700/304/67 701/305/67
f 705/301/66 704/300/66 702/302/66 703/303/66
f 707/298/65 706/299/65 704/300/65 705/301/65
f 709/313/64 708/312/64 722/314/64 723/315/64
f 711/311/63 710/310/63 708/312/63 709/313/63
f 713/309/70 712/308/70 710/310/70 711/311/70
f 715/307/69 714/306/69 712/308/69 713/309/69
f 717/305/68 716/304/68 714/306/68 715/307/68
f 719/303/67 718/302/67 716/304/67 717/305/67
f 721/301/66 720/300/66 718/302/66 719/303/66
f 723/298/65 722/299/65 720/300/65 721/301/65
f 724/298/65 725/299/65 727/300/65 726/301/65
f 726/301/66 727/300/66 729/302/66 728/303/66
f 728/303/67 729/302/67 731/304/67 730/305/67
f 730/305/68 731/304/68 733/306/68 732/307/68
f 732/307/69 733/306/69 735/308/69 734/309/69
f 734/309/70 735/308/70 737/310/70 736/311/70
f 736/311/63 737/310/63 739/312/63 738/313/63
f 738/313/64 739/312/64 725/314/64 724/315/64
f 740/298/65 741/299/65 743/300/65 742/301/65
f 742/301/66 743/300/66 745/302/66 744/303/66
f 744/303/67 745/302/67 747/304/67 746/305/67
f 746/305/68 747/304/68 749/306/68 748/307/68
f 748/307/69 749/306/69 751/308/69 750/309/69
f 750/309/70 751/308/70 753/310/70 752/311/70
f 752/311/63 753/310/63 755/312/63 754/313/63
f 754/313/64 755/312/64 741/314/64 740/315/64
f 758/1/1 808/4/1 788/3/1 757/2/1
f 797/5/7 756/7/7 799/6/7
f 808/4/103 810/9/103 807/8/103 788/3/103
f 810/9/104 811/11/104 806/10/104 807/8/104
f 811/11/5 812/9/5 805/8/5 806/10/5
f 812/9/1 813/11/1 804/10/1 805/8/1
f 813/11/5 814/9/5 803/8/5 804/10/5
f 814/9/1 815/11/1 802/10/1 803/8/1
f 815/11/5 816/9/5 801/12/5 802/10/5
f 816/9/1 817/11/1 800/13/1 801/12/1
f 817/11/5 818/9/5 799/12/5 800/13/5
f 818/9/1 819/11/1 798/10/1 799/12/1
f 819/11/5 820/9/5 797/8/5 798/10/5
f 820/9/1 821/14/1 796/13/1 797/8/1
f 821/14/5 822/15/5 795/12/5 796/13/5
f 822/15/1 823/11/1 794/10/1 795/12/1
f 823/11/5 824/15/5 793/8/5 794/10/5
f 824/15/1 825/14/1 792/10/1 793/8/1
f 825/14/5 826/9/5 791/8/5 792/10/5
f 826/9/1 827/14/1 790/10/1 791/8/1
f 827/14/5 828/15/5 789/8/5 790/10/5
f 828/15/1 809/11/1 787/10/1 789/8/1
f 786/15/5 785/12/5 787/10/5 809/11/5
f 756/7/7 789/17/7 785/16/7
f 785/16/7 789/17/7 787/18/7
f 789/17/7 791/20/7 790/19/7
f 788/21/7 807/23/7 757/22/7
f 757/22/7 807/23/7 756/7/7
f 805/24/7 807/23/7 806/25/7
f 756/7/7 791/20/7 789/17/7
f 791/20/7 793/27/7 792/26/7
f 793/27/7 795/29/7 794/28/7
f 795/29/7 797/5/7 796/30/7
f 797/5/7 799/6/7 798/31/7
f 799/6/7 801/33/7 800/32/7
f 801/33/7 803/35/7 802/34/7
f 803/35/7 805/24/7 804/36/7
f 805/24/7 756/7/7 807/23/7
f 756/7/7 793/27/7 791/20/7
f 756/7/7 795/29/7 793/27/7
f 803/35/7 756/7/7 805/24/7
f 801/33/7 756/7/7 803/35/7
f 756/7/7 797/5/7 795/29/7
f 799/6/7 756/7/7 801/33/7
f 758/37/105 761/40/105 830/39/105 808/38/105
f 810/41/2 812/43/2 811/42/2
f 809/44/2 828/46/2 786/45/2
f 826/47/2 828/46/2 827/48/2
f 812/43/2 814/50/2 813/49/2
f 814/50/2 816/52/2 815/51/2
f 816/52/2 818/54/2 817/53/2
f 818/54/2 820/56/2 819/55/2
f 820/56/2 822/58/2 821/57/2
f 822/58/2 824/60/2 823/59/2
f 824/60/2 826/47/2 825/61/2
f 837/62/106 784/65/106 762/64/106 831/63/106
f 761/40/107 767/67/107 836/66/107 830/39/107
f 835/68/108 832/23/108 763/70/108 766/69/108
f 829/71/109 834/74/109 833/73/109 810/72/109
f 833/23/110 834/68/110 765/69/110 764/70/110
f 810/75/111 833/75/111 764/75/111 759/75/111
f 760/76/112 765/79/112 834/78/112 829/77/112
f 822/58/2 833/80/2 824/60/2
f 829/68/113 835/68/113 766/69/113 760/69/113
f 837/62/114 838/82/114 783/81/114 784/65/114
f 838/82/115 839/84/115 782/83/115 783/81/115
f 839/84/114 840/86/114 781/85/114 782/83/114
f 840/86/115 841/88/115 780/87/115 781/85/115
f 841/88/114 842/90/114 779/89/114 780/87/114
f 842/90/107 843/92/107 778/91/107 779/89/107
f 843/92/114 844/94/114 777/93/114 778/91/114
f 844/94/107 845/96/107 776/95/107 777/93/107
f 845/96/114 846/98/114 775/97/114 776/95/114
f 846/98/107 847/100/107 774/99/107 775/97/107
f 847/100/116 848/102/116 773/101/116 774/99/116
f 848/102/107 849/104/107 772/103/107 773/101/107
f 849/104/116 850/106/116 771/105/116 772/103/116
f 850/106/107 851/108/107 770/107/107 771/105/107
f 851/108/116 852/110/116 769/109/116 770/107/116
f 852/110/107 853/112/107 768/111/107 769/109/107
f 853/112/116 836/66/116 767/67/116 768/111/116
f 837/113/5 839/115/5 838/114/5
f 839/115/5 841/117/5 840/116/5
f 841/117/5 843/119/5 842/118/5
f 843/119/5 845/121/5 844/120/5
f 845/121/5 847/123/5 846/122/5
f 847/123/5 849/125/5 848/124/5
f 849/125/5 851/127/5 850/126/5
f 851/127/5 853/129/5 852/128/5
f 853/129/5 830/131/5 836/130/5
f 830/131/5 810/133/5 808/132/5
f 829/134/5 847/123/5 835/135/5
f 835/135/5 839/115/5 832/136/5
f 831/137/5 103/139/5 832/138/5
f 830/131/5 829/134/5 810/133/5
f 851/127/5 829/134/5 853/129/5
f 853/129/5 829/134/5 830/131/5
f 847/123/5 829/134/5 849/125/5
f 849/125/5 829/134/5 851/127/5
f 845/121/5 835/135/5 847/123/5
f 839/115/5 835/135/5 841/117/5
f 841/117/5 835/135/5 843/119/5
f 843/119/5 835/135/5 845/121/5
f 832/138/5 839/141/5 837/140/5
f 818/54/2 833/80/2 820/56/2
f 820/56/2 833/80/2 822/58/2
f 816/52/2 833/80/2 818/54/2
f 814/50/2 833/80/2 816/52/2
f 833/80/2 812/43/2 810/41/2
f 828/46/2 833/80/2 786/45/2
f 826/47/2 833/80/2 828/46/2
f 833/80/2 814/50/2 812/43/2
f 824/60/2 833/80/2 826/47/2
f 832/142/117 102/145/117 31/144/117 763/143/117
f 762/64/1 30/147/1 103/146/1 831/63/1
f 837/140/5 831/137/5 832/138/5
f 103/139/5 102/148/5 832/138/5
f 892/149/118 860/152/118 859/151/118 894/150/118
f 875/153/119 871/155/119 862/154/119
f 854/156/120 895/159/120 897/158/120 1374/157/120
f 1374/157/23 897/158/23 898/160/23
f 896/161/23 864/162/23 898/160/23
f 858/163/1 876/166/1 901/165/1 1385/164/1
f 861/167/121 873/169/121 876/168/121
f 887/170/26 863/173/26 865/172/26 891/171/26
f 913/174/122 867/177/25 885/176/122 912/175/123
f 910/178/5 914/181/5 911/180/5 889/179/5
f 871/182/124 883/185/124 880/184/124 862/183/124
f 860/186/7 878/189/7 877/188/7 859/187/7
f 864/190/28 881/191/28 883/185/28 871/182/28
f 859/192/125 877/193/125 881/191/125 864/190/125
f 873/194/30 884/197/30 882/196/30 868/195/30
f 861/198/126 879/199/126 884/197/126 873/194/126
f 862/200/2 880/203/2 879/202/2 861/201/2
f 868/195/127 882/196/127 878/205/127 860/204/127
f 856/206/128 861/167/128 876/168/128 858/207/128
f 894/208/129 859/209/129 864/162/129 896/161/129
f 876/166/1 873/211/1 868/210/1 901/165/1
f 900/212/130 868/210/130 860/152/130 892/149/130
f 857/213/131 875/153/131 862/154/131 855/214/131
f 1355/215/132 893/218/132 895/217/132 854/216/132
f 855/214/133 862/154/133 861/167/133 856/206/133
f 882/219/44 886/222/44 872/221/44 878/220/44
f 883/223/42 888/226/42 869/225/42 880/224/42
f 878/227/7 872/230/7 874/229/7 877/228/7
f 881/231/41 866/232/41 888/226/41 883/223/41
f 877/233/40 874/234/40 866/232/40 881/231/40
f 884/235/43 890/236/43 886/222/43 882/219/43
f 879/237/39 870/238/39 890/236/39 884/235/39
f 880/239/2 869/242/2 870/241/2 879/240/2
f 872/243/7 905/246/7 906/245/7 874/244/7
f 866/247/45 902/250/45 908/249/45 888/248/45
f 874/251/50 906/252/50 902/250/50 866/247/50
f 890/253/47 909/256/47 907/255/47 886/254/47
f 870/257/49 904/258/49 909/256/49 890/253/49
f 886/254/48 907/255/48 905/260/48 872/259/48
f 888/248/46 908/249/46 903/262/46 869/261/46
f 869/263/2 903/266/2 904/265/2 870/264/2
f 896/161/23 898/160/23 897/158/23
f 899/267/1 901/165/1 900/212/1
f 896/161/134 897/158/134 895/159/134 894/208/134
f 894/150/135 895/217/135 893/218/135 892/149/135
f 892/149/136 893/218/136 899/267/136 900/212/136
f 1385/164/137 899/267/137 893/218/137 1355/215/137
f 901/165/1 899/267/1 1385/164/1
f 868/210/1 900/212/1 901/165/1
f 898/160/23 875/269/23 857/268/23 1374/157/23
f 864/162/23 871/270/23 875/269/23 898/160/23
f 903/271/2 885/274/2 867/273/2 904/272/2
f 907/275/58 891/278/58 865/277/58 905/276/58
f 908/279/57 912/282/57 885/281/57 903/280/57
f 905/276/7 865/277/7 863/284/7 906/283/7
f 902/285/23 887/286/23 912/282/23 908/279/23
f 906/287/56 863/288/56 887/286/56 902/285/56
f 909/289/1 913/291/1 891/290/1 907/287/1
f 904/292/55 867/293/55 913/291/55 909/289/55
f 911/180/59 912/295/59 887/294/59 889/179/59
f 910/178/138 891/297/138 913/296/138 914/181/138
f 891/171/62 910/178/62 889/179/62 887/170/62
f 912/175/139 911/180/139 914/181/139 913/174/139
f 915/298/70 917/301/70 918/300/70 916/299/70
f 917/301/69 919/303/69 920/302/69 918/300/69
f 919/303/68 921/305/68 922/304/68 920/302/68
f 921/305/67 923/307/67 924/306/67 922/304/67
f 923/307/66 925/309/66 926/308/66 924/306/66
f 925/309/65 927/311/65 928/310/65 926/308/65
f 927/311/64 929/313/64 930/312/64 928/310/64
f 929/313/63 915/315/63 916/314/63 930/312/63
f 932/313/63 946/315/63 945/314/63 931/312/63
f 934/311/64 932/313/64 931/312/64 933/310/64
f 936/309/65 934/311/65 933/310/65 935/308/65
f 938/307/66 936/309/66 935/308/66 937/306/66
f 940/305/67 938/307/67 937/306/67 939/304/67
f 942/303/68 940/305/68 939/304/68 941/302/68
f 944/301/69 942/303/69 941/302/69 943/300/69
f 946/298/70 944/301/70 943/300/70 945/299/70
f 948/313/63 962/315/63 961/314/63 947/312/63
f 950/311/64 948/313/64 947/312/64 949/310/64
f 952/309/65 950/311/65 949/310/65 951/308/65
f 954/307/66 952/309/66 951/308/66 953/306/66
f 956/305/67 954/307/67 953/306/67 955/304/67
f 958/303/68 956/305/68 955/304/68 957/302/68
f 960/301/69 958/303/69 957/302/69 959/300/69
f 962/298/70 960/301/70 959/300/70 961/299/70
f 964/313/63 978/315/63 977/314/63 963/312/63
f 966/311/64 964/313/64 963/312/64 965/310/64
f 968/309/65 966/311/65 965/310/65 967/308/65
f 970/307/66 968/309/66 967/308/66 969/306/66
f 972/305/67 970/307/67 969/306/67 971/304/67
f 974/303/68 972/305/68 971/304/68 973/302/68
f 976/301/69 974/303/69 973/302/69 975/300/69
f 978/298/70 976/301/70 975/300/70 977/299/70
f 980/313/63 994/315/63 993/314/63 979/312/63
f 982/311/64 980/313/64 979/312/64 981/310/64
f 984/309/65 982/311/65 981/310/65 983/308/65
f 986/307/66 984/309/66 983/308/66 985/306/66
f 988/305/67 986/307/67 985/306/67 987/304/67
f 990/303/68 988/305/68 987/304/68 989/302/68
f 992/301/69 990/303/69 989/302/69 991/300/69
f 994/298/70 992/301/70 991/300/70 993/299/70
f 995/298/70 997/301/70 998/300/70 996/299/70
f 997/301/69 999/303/69 1000/302/69 998/300/69
f 999/303/68 1001/305/68 1002/304/68 1000/302/68
f 1001/305/67 1003/307/67 1004/306/67 1002/304/67
f 1003/307/66 1005/309/66 1006/308/66 1004/306/66
f 1005/309/65 1007/311/65 1008/310/65 1006/308/65
f 1007/311/64 1009/313/64 1010/312/64 1008/310/64
f 1009/313/63 995/315/63 996/314/63 1010/312/63
f 1011/298/70 1013/301/70 1014/300/70 1012/299/70
f 1013/301/69 1015/303/69 1016/302/69 1014/300/69
f 1015/303/68 1017/305/68 1018/304/68 1016/302/68
f 1017/305/67 1019/307/67 1020/306/67 1018/304/67
f 1019/307/66 1021/309/66 1022/308/66 1020/306/66
f 1021/309/65 1023/311/65 1024/310/65 1022/308/65
f 1023/311/64 1025/313/64 1026/312/64 1024/310/64
f 1025/313/63 1011/315/63 1012/314/63 1026/312/63
f 1027/298/70 1029/301/70 1030/300/70 1028/299/70
f 1029/301/69 1031/303/69 1032/302/69 1030/300/69
f 1031/303/68 1033/305/68 1034/304/68 1032/302/68
f 1033/305/67 1035/307/67 1036/306/67 1034/304/67
f 1035/307/66 1037/309/66 1038/308/66 1036/306/66
f 1037/309/65 1039/311/65 1040/310/65 1038/308/65
f 1039/311/64 1041/313/64 1042/312/64 1040/310/64
f 1041/313/63 1027/315/63 1028/314/63 1042/312/63
f 1069/170/26 1047/173/26 1049/172/26 1073/171/26
f 1085/174/140 1051/177/140 1067/176/140 1084/175/140
f 1082/178/5 1086/181/5 1083/180/5 1071/179/5
f 1055/182/141 1065/185/141 1062/184/141 1046/183/141
f 1044/186/7 1060/189/7 1059/188/7 1043/187/7
f 1048/190/28 1063/191/28 1065/185/28 1055/182/28
f 1043/192/142 1059/193/142 1063/191/142 1048/190/142
f 1057/194/30 1066/197/30 1064/196/30 1052/195/30
f 1045/198/126 1061/199/126 1066/197/126 1057/194/126
f 1046/200/2 1062/203/2 1061/202/2 1045/201/2
f 1052/195/143 1064/196/143 1060/205/143 1044/204/143
f 1064/219/44 1068/222/44 1056/221/44 1060/220/44
f 1065/223/42 1070/226/42 1053/225/42 1062/224/42
f 1060/227/7 1056/230/7 1058/229/7 1059/228/7
f 1063/231/41 1050/232/41 1070/226/41 1065/223/41
f 1059/233/40 1058/234/40 1050/232/40 1063/231/40
f 1066/235/43 1072/236/43 1068/222/43 1064/219/43
f 1061/237/39 1054/238/39 1072/236/39 1066/235/39
f 1062/239/2 1053/242/2 1054/241/2 1061/240/2
f 1056/243/7 1077/246/7 1078/245/7 1058/244/7
f 1050/247/45 1074/250/45 1080/249/45 1070/248/45
f 1058/251/50 1078/252/50 1074/250/50 1050/247/50
f 1072/253/47 1081/256/47 1079/255/47 1068/254/47
f 1054/257/49 1076/258/49 1081/256/49 1072/253/49
f 1068/254/48 1079/255/48 1077/260/48 1056/259/48
f 1070/248/46 1080/249/46 1075/262/46 1053/261/46
f 1053/263/2 1075/266/2 1076/265/2 1054/264/2
f 1075/271/2 1067/274/2 1051/273/2 1076/272/2
f 1079/275/58 1073/278/58 1049/277/58 1077/276/58
f 1080/279/57 1084/282/57 1067/281/57 1075/280/57
f 1077/276/7 1049/277/7 1047/284/7 1078/283/7
f 1074/285/23 1069/286/23 1084/282/23 1080/279/23
f 1078/287/56 1047/288/56 1069/286/56 1074/285/56
f 1081/289/1 1085/291/1 1073/290/1 1079/287/1
f 1076/292/55 1051/293/55 1085/291/55 1081/289/55
f 1083/180/59 1084/295/59 1069/294/59 1071/179/59
f 1082/178/60 1073/297/60 1085/296/60 1086/181/60
f 1073/171/62 1082/178/62 1071/179/62 1069/170/62
f 1084/175/144 1083/180/145 1086/181/146 1085/174/145
f 1087/298/70 1089/301/70 1090/300/70 1088/299/70
f 1089/301/69 1091/303/69 1092/302/69 1090/300/69
f 1091/303/68 1093/305/68 1094/304/68 1092/302/68
f 1093/305/67 1095/307/67 1096/306/67 1094/304/67
f 1095/307/66 1097/309/66 1098/308/66 1096/306/66
f 1097/309/65 1099/311/65 1100/310/65 1098/308/65
f 1099/311/64 1101/313/64 1102/312/64 1100/310/64
f 1101/313/63 1087/315/63 1088/314/63 1102/312/63
f 1104/313/63 1118/315/63 1117/314/63 1103/312/63
f 1106/311/64 1104/313/64 1103/312/64 1105/310/64
f 1108/309/65 1106/311/65 1105/310/65 1107/308/65
f 1110/307/66 1108/309/66 1107/308/66 1109/306/66
f 1112/305/67 1110/307/67 1109/306/67 1111/304/67
f 1114/303/68 1112/305/68 1111/304/68 1113/302/68
f 1116/301/69 1114/303/69 1113/302/69 1115/300/69
f 1118/298/70 1116/301/70 1115/300/70 1117/299/70
f 1120/313/63 1134/315/63 1133/314/63 1119/312/63
f 1122/311/64 1120/313/64 1119/312/64 1121/310/64
f 1124/309/65 1122/311/65 1121/310/65 1123/308/65
f 1126/307/66 1124/309/66 1123/308/66 1125/306/66
f 1128/305/67 1126/307/67 1125/306/67 1127/304/67
f 1130/303/68 1128/305/68 1127/304/68 1129/302/68
f 1132/301/69 1130/303/69 1129/302/69 1131/300/69
f 1134/298/70 1132/301/70 1131/300/70 1133/299/70
f 1136/313/63 1150/315/63 1149/314/63 1135/312/63
f 1138/311/64 1136/313/64 1135/312/64 1137/310/64
f 1140/309/65 1138/311/65 1137/310/65 1139/308/65
f 1142/307/66 1140/309/66 1139/308/66 1141/306/66
f 1144/305/67 1142/307/67 1141/306/67 1143/304/67
f 1146/303/68 1144/305/68 1143/304/68 1145/302/68
f 1148/301/69 1146/303/69 1145/302/69 1147/300/69
f 1150/298/70 1148/301/70 1147/300/70 1149/299/70
f 1152/313/63 1166/315/63 1165/314/63 1151/312/63
f 1154/311/64 1152/313/64 1151/312/64 1153/310/64
f 1156/309/65 1154/311/65 1153/310/65 1155/308/65
f 1158/307/66 1156/309/66 1155/308/66 1157/306/66
f 1160/305/67 1158/307/67 1157/306/67 1159/304/67
f 1162/303/68 1160/305/68 1159/304/68 1161/302/68
f 1164/301/69 1162/303/69 1161/302/69 1163/300/69
f 1166/298/70 1164/301/70 1163/300/70 1165/299/70
f 1167/298/70 1169/301/70 1170/300/70 1168/299/70
f 1169/301/69 1171/303/69 1172/302/69 1170/300/69
f 1171/303/68 1173/305/68 1174/304/68 1172/302/68
f 1173/305/67 1175/307/67 1176/306/67 1174/304/67
f 1175/307/66 1177/309/66 1178/308/66 1176/306/66
f 1177/309/65 1179/311/65 1180/310/65 1178/308/65
f 1179/311/64 1181/313/64 1182/312/64 1180/310/64
f 1181/313/63 1167/315/63 1168/314/63 1182/312/63
f 1183/298/70 1185/301/70 1186/300/70 1184/299/70
f 1185/301/69 1187/303/69 1188/302/69 1186/300/69
f 1187/303/68 1189/305/68 1190/304/68 1188/302/68
f 1189/305/67 1191/307/67 1192/306/67 1190/304/67
f 1191/307/66 1193/309/66 1194/308/66 1192/306/66
f 1193/309/65 1195/311/65 1196/310/65 1194/308/65
f 1195/311/64 1197/313/64 1198/312/64 1196/310/64
f 1197/313/63 1183/315/63 1184/314/63 1198/312/63
f 1045/201/2 1199/201/2 1200/200/2 1046/200/2
f 1201/298/70 1203/301/70 1204/300/70 1202/299/70
f 1203/301/69 1205/303/69 1206/302/69 1204/300/69
f 1205/303/68 1207/305/68 1208/304/68 1206/302/68
f 1207/305/67 1209/307/67 1210/306/67 1208/304/67
f 1209/307/66 1211/309/66 1212/308/66 1210/306/66
f 1211/309/65 1213/311/65 1214/310/65 1212/308/65
f 1213/311/64 1215/313/64 1216/312/64 1214/310/64
f 1215/313/63 1201/315/63 1202/314/63 1216/312/63
f 1217/298/70 1219/301/70 1220/300/70 1218/299/70
f 1219/301/69 1221/303/69 1222/302/69 1220/300/69
f 1221/303/68 1223/305/68 1224/304/68 1222/302/68
f 1223/305/67 1225/307/67 1226/306/67 1224/304/67
f 1225/307/66 1227/309/66 1228/308/66 1226/306/66
f 1227/309/65 1229/311/65 1230/310/65 1228/308/65
f 1229/311/64 1231/313/64 1232/312/64 1230/310/64
f 1231/313/63 1217/315/63 1218/314/63 1232/312/63
f 1043/187/7 1236/187/7 1238/186/7 1044/186/7
f 1048/190/56 1235/190/56 1236/192/56 1043/192/56
f 1055/182/23 1237/182/23 1235/190/23 1048/190/23
f 1044/204/58 1238/204/58 1234/195/58 1052/195/58
f 1052/195/1 1234/195/1 1233/316/1 1057/194/1
f 1046/183/57 1200/183/57 1237/182/57 1055/182/57
f 1057/194/55 1233/316/55 1199/198/55 1045/198/55
f 614/317/147 617/320/147 1362/319/147 1357/318/147
f 615/321/148 612/324/77 1240/323/77 1359/322/149
f 611/325/79 615/328/150 1359/327/79 1239/326/79
f 613/329/1 1241/330/1 1240/323/1 612/324/1
f 1242/298/70 1244/301/70 1245/300/70 1243/299/70
f 1244/301/69 1246/303/69 1247/302/69 1245/300/69
f 1246/303/68 1248/305/68 1249/304/68 1247/302/68
f 1248/305/67 1250/307/67 1251/306/67 1249/304/67
f 1250/307/66 1252/309/66 1253/308/66 1251/306/66
f 1252/309/65 1254/311/65 1255/310/65 1253/308/65
f 1254/311/64 1256/313/64 1257/312/64 1255/310/64
f 1256/313/63 1242/315/63 1243/314/63 1257/312/63
f 1258/298/70 1260/301/70 1261/300/70 1259/299/70
f 1260/301/69 1262/303/69 1263/302/69 1261/300/69
f 1262/303/68 1264/305/68 1265/304/68 1263/302/68
f 1264/305/67 1266/307/67 1267/306/67 1265/304/67
f 1266/307/66 1268/309/66 1269/308/66 1267/306/66
f 1268/309/65 1270/311/65 1271/310/65 1269/308/65
f 1270/311/64 1272/313/64 1273/312/64 1271/310/64
f 1272/313/63 1258/315/63 1259/314/63 1273/312/63
f 1274/298/70 1276/301/70 1277/300/70 1275/299/70
f 1276/301/69 1278/303/69 1279/302/69 1277/300/69
f 1278/303/68 1280/305/68 1281/304/68 1279/302/68
f 1280/305/67 1282/307/67 1283/306/67 1281/304/67
f 1282/307/66 1284/309/66 1285/308/66 1283/306/66
f 1284/309/65 1286/311/65 1287/310/65 1285/308/65
f 1286/311/64 1288/313/64 1289/312/64 1287/310/64
f 1288/313/63 1274/315/63 1275/314/63 1289/312/63
f 1290/298/70 1292/301/70 1293/300/70 1291/299/70
f 1292/301/69 1294/303/69 1295/302/69 1293/300/69
f 1294/303/68 1296/305/68 1297/304/68 1295/302/68
f 1296/305/67 1298/307/67 1299/306/67 1297/304/67
f 1298/307/66 1300/309/66 1301/308/66 1299/306/66
f 1300/309/65 1302/311/65 1303/310/65 1301/308/65
f 1302/311/64 1304/313/64 1305/312/64 1303/310/64
f 1304/313/63 1290/315/63 1291/314/63 1305/312/63
f 1306/298/70 1308/301/70 1309/300/70 1307/299/70
f 1308/301/69 1310/303/69 1311/302/69 1309/300/69
f 1310/303/68 1312/305/68 1313/304/68 1311/302/68
f 1312/305/67 1314/307/67 1315/306/67 1313/304/67
f 1314/307/66 1316/309/66 1317/308/66 1315/306/66
f 1316/309/65 1318/311/65 1319/310/65 1317/308/65
f 1318/311/64 1320/313/64 1321/312/64 1319/310/64
f 1320/313/63 1306/315/63 1307/314/63 1321/312/63
f 1322/298/70 1324/301/70 1325/300/70 1323/299/70
f 1324/301/69 1326/303/69 1327/302/69 1325/300/69
f 1326/303/68 1328/305/68 1329/304/68 1327/302/68
f 1328/305/67 1330/307/67 1331/306/67 1329/304/67
f 1330/307/66 1332/309/66 1333/308/66 1331/306/66
f 1332/309/65 1334/311/65 1335/310/65 1333/308/65
f 1334/311/64 1336/313/64 1337/312/64 1335/310/64
f 1336/313/63 1322/315/63 1323/314/63 1337/312/63
f 1338/298/70 1340/301/70 1341/300/70 1339/299/70
f 1340/301/69 1342/303/69 1343/302/69 1341/300/69
f 1342/303/68 1344/305/68 1345/304/68 1343/302/68
f 1344/305/67 1346/307/67 1347/306/67 1345/304/67
f 1346/307/66 1348/309/66 1349/308/66 1347/306/66
f 1348/309/65 1350/311/65 1351/310/65 1349/308/65
f 1350/311/64 1352/313/64 1353/312/64 1351/310/64
f 1352/313/63 1338/315/63 1339/314/63 1353/312/63
f 1356/331/23 1362/319/23 617/320/23 616/332/23
f 1239/326/81 1356/334/81 616/333/151 611/325/81
f 1358/335/60 1241/338/60 613/337/152 610/336/60
f 1357/339/153 1358/335/153 610/336/153 614/340/153
f 1362/182/154 1371/185/154 1368/184/154 1357/183/154
f 1359/186/79 1366/189/79 1365/188/79 1239/187/79
f 1356/190/155 1369/191/155 1371/185/155 1362/182/155
f 1239/192/156 1365/193/156 1369/191/156 1356/190/156
f 1241/194/157 1372/197/157 1370/196/157 1240/195/157
f 1358/198/158 1367/199/158 1372/197/158 1241/194/158
f 1357/200/5 1368/203/5 1367/202/5 1358/201/5
f 1240/195/159 1370/196/160 1366/205/159 1359/204/159
f 1370/219/161 1373/222/161 1363/221/161 1366/220/161
f 1371/223/162 1375/226/162 1360/225/162 1368/224/162
f 1366/227/79 1363/230/79 1364/229/79 1365/228/79
f 1369/231/163 1354/232/163 1375/226/163 1371/223/163
f 1365/233/164 1364/234/164 1354/232/164 1369/231/164
f 1372/235/165 1376/236/165 1373/222/165 1370/219/165
f 1367/237/166 1361/238/166 1376/236/166 1372/235/166
f 1368/239/5 1360/242/5 1361/241/5 1367/240/5
f 1363/243/79 1380/246/79 1381/245/79 1364/244/79
f 1354/247/167 1377/250/167 1383/249/167 1375/248/167
f 1364/251/168 1381/252/168 1377/250/168 1354/247/168
f 1376/253/169 1384/256/169 1382/255/169 1373/254/169
f 1361/257/170 1379/258/170 1384/256/170 1376/253/170
f 1373/254/171 1382/255/171 1380/260/171 1363/259/171
f 1375/248/172 1383/249/172 1378/262/172 1360/261/172
f 1360/263/5 1378/266/5 1379/265/5 1361/264/5
f 1378/271/173 855/274/173 856/273/173 1379/272/173
f 1382/275/77 1385/278/77 1355/277/77 1380/276/77
f 1383/279/59 857/282/59 855/281/59 1378/280/59
f 1380/276/79 1355/277/79 854/284/79 1381/283/79
f 1377/285/23 1374/286/23 857/282/23 1383/279/23
f 1381/287/174 854/288/81 1374/286/174 1377/285/81
f 1384/289/1 858/291/1 1385/290/1 1382/287/1
f 1379/292/60 856/293/60 858/291/60 1384/289/60
f 1386/298/68 1388/301/68 1389/300/68 1387/299/68
f 1388/301/67 1390/303/67 1391/302/67 1389/300/67
f 1390/303/66 1392/305/66 1393/304/66 1391/302/66
f 1392/305/65 1394/307/65 1395/306/65 1393/304/65
f 1394/307/64 1396/309/64 1397/308/64 1395/306/64
f 1396/309/63 1398/311/63 1399/310/63 1397/308/63
f 1398/311/70 1400/313/70 1401/312/70 1399/310/70
f 1400/313/69 1386/315/69 1387/314/69 1401/312/69
f 1403/313/69 1417/315/69 1416/314/69 1402/312/69
f 1405/311/70 1403/313/70 1402/312/70 1404/310/70
f 1407/309/63 1405/311/63 1404/310/63 1406/308/63
f 1409/307/64 1407/309/64 1406/308/64 1408/306/64
f 1411/305/65 1409/307/65 1408/306/65 1410/304/65
f 1413/303/66 1411/305/66 1410/304/66 1412/302/66
f 1415/301/67 1413/303/67 1412/302/67 1414/300/67
f 1417/298/68 1415/301/68 1414/300/68 1416/299/68
f 1419/313/69 1433/315/69 1432/314/69 1418/312/69
f 1421/311/70 1419/313/70 1418/312/70 1420/310/70
f 1423/309/63 1421/311/63 1420/310/63 1422/308/63
f 1425/307/64 1423/309/64 1422/308/64 1424/306/64
f 1427/305/65 1425/307/65 1424/306/65 1426/304/65
f 1429/303/66 1427/305/66 1426/304/66 1428/302/66
f 1431/301/67 1429/303/67 1428/302/67 1430/300/67
f 1433/298/68 1431/301/68 1430/300/68 1432/299/68
f 1435/313/69 1449/315/69 1448/314/69 1434/312/69
f 1437/311/70 1435/313/70 1434/312/70 1436/310/70
f 1439/309/63 1437/311/63 1436/310/63 1438/308/63
f 1441/307/64 1439/309/64 1438/308/64 1440/306/64
f 1443/305/65 1441/307/65 1440/306/65 1442/304/65
f 1445/303/66 1443/305/66 1442/304/66 1444/302/66
f 1447/301/67 1445/303/67 1444/302/67 1446/300/67
f 1449/298/68 1447/301/68 1446/300/68 1448/299/68
f 1451/313/69 1465/315/69 1464/314/69 1450/312/69
f 1453/311/70 1451/313/70 1450/312/70 1452/310/70
f 1455/309/63 1453/311/63 1452/310/63 1454/308/63
f 1457/307/64 1455/309/64 1454/308/64 1456/306/64
f 1459/305/65 1457/307/65 1456/306/65 1458/304/65
f 1461/303/66 1459/305/66 1458/304/66 1460/302/66
f 1463/301/67 1461/303/67 1460/302/67 1462/300/67
f 1465/298/68 1463/301/68 1462/300/68 1464/299/68
f 1466/298/68 1468/301/68 1469/300/68 1467/299/68
f 1468/301/67 1470/303/67 1471/302/67 1469/300/67
f 1470/303/66 1472/305/66 1473/304/66 1471/302/66
f 1472/305/65 1474/307/65 1475/306/65 1473/304/65
f 1474/307/64 1476/309/64 1477/308/64 1475/306/64
f 1476/309/63 1478/311/63 1479/310/63 1477/308/63
f 1478/311/70 1480/313/70 1481/312/70 1479/310/70
f 1480/313/69 1466/315/69 1467/314/69 1481/312/69
f 1482/298/68 1484/301/68 1485/300/68 1483/299/68
f 1484/301/67 1486/303/67 1487/302/67 1485/300/67
f 1486/303/66 1488/305/66 1489/304/66 1487/302/66
f 1488/305/65 1490/307/65 1491/306/65 1489/304/65
f 1490/307/64 1492/309/64 1493/308/64 1491/306/64
f 1492/309/63 1494/311/63 1495/310/63 1493/308/63
f 1494/311/70 1496/313/70 1497/312/70 1495/310/70
f 1496/313/69 1482/315/69 1483/314/69 1497/312/69
f 3/1/1 1521/4/1 1501/3/1 2/2/1
f 1510/5/2 1/7/2 1512/6/2
f 1521/4/175 1523/9/175 1520/8/175 1501/3/175
f 1523/9/176 1524/11/176 1519/10/176 1520/8/176
f 1524/11/79 1525/9/79 1518/8/79 1519/10/79
f 1525/9/1 1526/11/1 1517/10/1 1518/8/1
f 1526/11/79 1527/9/79 1516/8/79 1517/10/79
f 1527/9/1 1528/11/1 1515/10/1 1516/8/1
f 1528/11/79 1529/9/79 1514/12/79 1515/10/79
f 1529/9/1 1530/11/1 1513/13/1 1514/12/1
f 1530/11/79 1531/9/79 1512/12/79 1513/13/79
f 1531/9/1 1532/11/1 1511/10/1 1512/12/1
f 1532/11/79 1533/9/79 1510/8/79 1511/10/79
f 1533/9/1 1534/14/1 1509/13/1 1510/8/1
f 1534/14/79 1535/15/79 1508/12/79 1509/13/79
f 1535/15/1 1536/11/1 1507/10/1 1508/12/1
f 1536/11/79 1537/15/79 1506/8/79 1507/10/79
f 1537/15/1 1538/14/1 1505/10/1 1506/8/1
f 1538/14/79 1539/9/79 1504/8/79 1505/10/79
f 1539/9/1 1540/14/1 1503/10/1 1504/8/1
f 1540/14/79 1541/15/79 1502/8/79 1503/10/79
f 1541/15/1 1522/11/1 1500/10/1 1502/8/1
f 1499/15/79 1498/12/79 1500/10/79 1522/11/79
f 1/7/2 1502/17/2 1498/16/2
f 1498/16/2 1502/17/2 1500/18/2
f 1502/17/2 1504/20/2 1503/19/2
f 1501/21/2 1520/23/2 2/22/2
f 2/22/2 1520/23/2 1/7/2
f 1518/24/2 1520/23/2 1519/25/2
f 1/7/2 1504/20/2 1502/17/2
f 1504/20/2 1506/27/2 1505/26/2
f 1506/27/2 1508/29/2 1507/28/2
f 1508/29/2 1510/5/2 1509/30/2
f 1510/5/2 1512/6/2 1511/31/2
f 1512/6/2 1514/33/2 1513/32/2
f 1514/33/2 1516/35/2 1515/34/2
f 1516/35/2 1518/24/2 1517/36/2
f 1518/24/2 1/7/2 1520/23/2
f 1/7/2 1506/27/2 1504/20/2
f 1/7/2 1508/29/2 1506/27/2
f 1516/35/2 1/7/2 1518/24/2
f 1514/33/2 1/7/2 1516/35/2
f 1/7/2 1510/5/2 1508/29/2
f 1512/6/2 1/7/2 1514/33/2
f 3/37/6 6/40/6 1543/39/6 1521/38/6
f 1523/41/7 1525/43/7 1524/42/7
f 1522/44/7 1541/46/7 1499/45/7
f 1539/47/7 1541/46/7 1540/48/7
f 1525/43/7 1527/50/7 1526/49/7
f 1527/50/7 1529/52/7 1528/51/7
f 1529/52/7 1531/54/7 1530/53/7
f 1531/54/7 1533/56/7 1532/55/7
f 1533/56/7 1535/58/7 1534/57/7
f 1535/58/7 1537/60/7 1536/59/7
f 1537/60/7 1539/47/7 1538/61/7
f 1550/62/8 29/65/8 7/64/8 1544/63/8
f 6/40/9 12/67/9 1549/66/9 1543/39/9
f 1548/68/10 1545/23/10 8/70/10 11/69/10
f 1542/71/177 1547/74/177 1546/73/177 1523/72/177
f 1546/23/178 1547/68/178 10/69/178 9/70/178
f 1523/75/179 1546/75/179 9/75/179 4/75/179
f 5/76/14 10/79/14 1547/78/14 1542/77/14
f 1535/58/7 1546/80/7 1537/60/7
f 1542/68/15 1548/68/15 11/69/15 5/69/15
f 1550/62/16 1551/82/16 28/81/16 29/65/16
f 1551/82/17 1552/84/17 27/83/17 28/81/17
f 1552/84/16 1553/86/16 26/85/16 27/83/16
f 1553/86/17 1554/88/17 25/87/17 26/85/17
f 1554/88/16 1555/90/16 24/89/16 25/87/16
f 1555/90/9 1556/92/9 23/91/9 24/89/9
f 1556/92/16 1557/94/16 22/93/16 23/91/16
f 1557/94/9 1558/96/9 21/95/9 22/93/9
f 1558/96/16 1559/98/16 20/97/16 21/95/16
f 1559/98/9 1560/100/9 19/99/9 20/97/9
f 1560/100/18 1561/102/18 18/101/18 19/99/18
f 1561/102/9 1562/104/9 17/103/9 18/101/9
f 1562/104/18 1563/106/18 16/105/18 17/103/18
f 1563/106/9 1564/108/9 15/107/9 16/105/9
f 1564/108/18 1565/110/18 14/109/18 15/107/18
f 1565/110/9 1566/112/9 13/111/9 14/109/9
f 1566/112/18 1549/66/18 12/67/18 13/111/18
f 1550/113/79 1552/115/79 1551/114/79
f 1552/115/79 1554/117/79 1553/116/79
f 1554/117/79 1556/119/79 1555/118/79
f 1556/119/79 1558/121/79 1557/120/79
f 1558/121/79 1560/123/79 1559/122/79
f 1560/123/79 1562/125/79 1561/124/79
f 1562/125/79 1564/127/79 1563/126/79
f 1564/127/79 1566/129/79 1565/128/79
f 1566/129/79 1543/131/79 1549/130/79
f 1543/131/79 1523/133/79 1521/132/79
f 1542/134/79 1560/123/79 1548/135/79
f 1548/135/79 1552/115/79 1545/136/79
f 1544/137/79 1569/139/79 1545/138/79
f 1543/131/79 1542/134/79 1523/133/79
f 1564/127/79 1542/134/79 1566/129/79
f 1566/129/79 1542/134/79 1543/131/79
f 1560/123/79 1542/134/79 1562/125/79
f 1562/125/79 1542/134/79 1564/127/79
f 1558/121/79 1548/135/79 1560/123/79
f 1552/115/79 1548/135/79 1554/117/79
f 1554/117/79 1548/135/79 1556/119/79
f 1556/119/79 1548/135/79 1558/121/79
f 1545/138/79 1552/141/79 1550/140/79
f 1531/54/7 1546/80/7 1533/56/7
f 1533/56/7 1546/80/7 1535/58/7
f 1529/52/7 1546/80/7 1531/54/7
f 1527/50/7 1546/80/7 1529/52/7
f 1546/80/7 1525/43/7 1523/41/7
f 1541/46/7 1546/80/7 1499/45/7
f 1539/47/7 1546/80/7 1541/46/7
f 1546/80/7 1527/50/7 1525/43/7
f 1537/60/7 1546/80/7 1539/47/7
f 1545/142/19 1568/145/19 31/144/19 8/143/19
f 7/64/1 30/147/1 1569/146/1 1544/63/1
f 1550/140/79 1544/137/79 1545/138/79
f 1569/139/79 1568/148/79 1545/138/79
f 1608/149/180 1576/152/180 1575/151/180 1610/150/180
f 1591/153/181 1587/155/181 1578/154/181
f 1570/156/182 1611/159/182 1613/158/182 2090/157/182
f 2090/157/23 1613/158/23 1614/160/23
f 1612/161/23 1580/162/23 1614/160/23
f 1574/163/1 1592/166/1 1617/165/1 2101/164/1
f 1577/167/183 1589/169/183 1592/168/183
f 1603/170/184 1579/173/184 1581/172/184 1607/171/184
f 1629/174/185 1583/177/186 1601/176/185 1628/175/187
f 1626/178/79 1630/181/79 1627/180/79 1605/179/79
f 1587/182/188 1599/185/188 1596/184/188 1578/183/188
f 1576/186/2 1594/189/2 1593/188/2 1575/187/2
f 1580/190/189 1597/191/189 1599/185/189 1587/182/189
f 1575/192/190 1593/193/190 1597/191/190 1580/190/190
f 1589/194/191 1600/197/191 1598/196/191 1584/195/191
f 1577/198/192 1595/199/192 1600/197/192 1589/194/192
f 1578/200/7 1596/203/7 1595/202/7 1577/201/7
f 1584/195/193 1598/196/193 1594/205/193 1576/204/193
f 1572/206/194 1577/167/194 1592/168/194 1574/207/194
f 1610/208/195 1575/209/195 1580/162/195 1612/161/195
f 1592/166/1 1589/211/1 1584/210/1 1617/165/1
f 1616/212/196 1584/210/196 1576/152/196 1608/149/196
f 1573/213/197 1591/153/197 1578/154/197 1571/214/197
f 2063/215/133 1609/218/133 1611/217/133 1570/216/133
f 1571/214/132 1578/154/132 1577/167/132 1572/206/132
f 1598/219/198 1602/222/198 1588/221/198 1594/220/198
f 1599/223/199 1604/226/199 1585/225/199 1596/224/199
f 1594/227/2 1588/230/2 1590/229/2 1593/228/2
f 1597/231/200 1582/232/200 1604/226/200 1599/223/200
f 1593/233/201 1590/234/201 1582/232/201 1597/231/201
f 1600/235/202 1606/236/202 1602/222/202 1598/219/202
f 1595/237/203 1586/238/203 1606/236/203 1600/235/203
f 1596/239/7 1585/242/7 1586/241/7 1595/240/7
f 1588/243/2 1621/246/2 1622/245/2 1590/244/2
f 1582/247/204 1618/250/204 1624/249/204 1604/248/204
f 1590/251/205 1622/252/205 1618/250/205 1582/247/205
f 1606/253/206 1625/256/206 1623/255/206 1602/254/206
f 1586/257/207 1620/258/207 1625/256/207 1606/253/207
f 1602/254/208 1623/255/208 1621/260/208 1588/259/208
f 1604/248/209 1624/249/209 1619/262/209 1585/261/209
f 1585/263/7 1619/266/7 1620/265/7 1586/264/7
f 1612/161/23 1614/160/23 1613/158/23
f 1615/267/1 1617/165/1 1616/212/1
f 1612/161/210 1613/158/210 1611/159/210 1610/208/210
f 1610/150/211 1611/217/211 1609/218/211 1608/149/211
f 1608/149/212 1609/218/212 1615/267/212 1616/212/212
f 2101/164/213 1615/267/213 1609/218/213 2063/215/213
f 1617/165/1 1615/267/1 2101/164/1
f 1584/210/1 1616/212/1 1617/165/1
f 1614/160/23 1591/269/23 1573/268/23 2090/157/23
f 1580/162/23 1587/270/23 1591/269/23 1614/160/23
f 1619/271/7 1601/274/7 1583/273/7 1620/272/7
f 1623/275/55 1607/278/55 1581/277/55 1621/276/55
f 1624/279/56 1628/282/56 1601/281/56 1619/280/56
f 1621/276/2 1581/277/2 1579/284/2 1622/283/2
f 1618/285/23 1603/286/23 1628/282/23 1624/279/23
f 1622/287/57 1579/288/57 1603/286/57 1618/285/57
f 1625/289/1 1629/291/1 1607/290/1 1623/287/1
f 1620/292/58 1583/293/58 1629/291/58 1625/289/58
f 1627/180/81 1628/295/81 1603/294/81 1605/179/81
f 1626/178/214 1607/297/214 1629/296/214 1630/181/214
f 1607/171/215 1626/178/215 1605/179/215 1603/170/215
f 1628/175/216 1627/180/216 1630/181/216 1629/174/216
f 1631/298/66 1633/301/66 1634/300/66 1632/299/66
f 1633/301/65 1635/303/65 1636/302/65 1634/300/65
f 1635/303/64 1637/305/64 1638/304/64 1636/302/64
f 1637/305/63 1639/307/63 1640/306/63 1638/304/63
f 1639/307/70 1641/309/70 1642/308/70 1640/306/70
f 1641/309/69 1643/311/69 1644/310/69 1642/308/69
f 1643/311/68 1645/313/68 1646/312/68 1644/310/68
f 1645/313/67 1631/315/67 1632/314/67 1646/312/67
f 1648/313/67 1662/315/67 1661/314/67 1647/312/67
f 1650/311/68 1648/313/68 1647/312/68 1649/310/68
f 1652/309/69 1650/311/69 1649/310/69 1651/308/69
f 1654/307/70 1652/309/70 1651/308/70 1653/306/70
f 1656/305/63 1654/307/63 1653/306/63 1655/304/63
f 1658/303/64 1656/305/64 1655/304/64 1657/302/64
f 1660/301/65 1658/303/65 1657/302/65 1659/300/65
f 1662/298/66 1660/301/66 1659/300/66 1661/299/66
f 1664/313/67 1678/315/67 1677/314/67 1663/312/67
f 1666/311/68 1664/313/68 1663/312/68 1665/310/68
f 1668/309/69 1666/311/69 1665/310/69 1667/308/69
f 1670/307/70 1668/309/70 1667/308/70 1669/306/70
f 1672/305/63 1670/307/63 1669/306/63 1671/304/63
f 1674/303/64 1672/305/64 1671/304/64 1673/302/64
f 1676/301/65 1674/303/65 1673/302/65 1675/300/65
f 1678/298/66 1676/301/66 1675/300/66 1677/299/66
f 1680/313/67 1694/315/67 1693/314/67 1679/312/67
f 1682/311/68 1680/313/68 1679/312/68 1681/310/68
f 1684/309/69 1682/311/69 1681/310/69 1683/308/69
f 1686/307/70 1684/309/70 1683/308/70 1685/306/70
f 1688/305/63 1686/307/63 1685/306/63 1687/304/63
f 1690/303/64 1688/305/64 1687/304/64 1689/302/64
f 1692/301/65 1690/303/65 1689/302/65 1691/300/65
f 1694/298/66 1692/301/66 1691/300/66 1693/299/66
f 1696/313/67 1710/315/67 1709/314/67 1695/312/67
f 1698/311/68 1696/313/68 1695/312/68 1697/310/68
f 1700/309/69 1698/311/69 1697/310/69 1699/308/69
f 1702/307/70 1700/309/70 1699/308/70 1701/306/70
f 1704/305/63 1702/307/63 1701/306/63 1703/304/63
f 1706/303/64 1704/305/64 1703/304/64 1705/302/64
f 1708/301/65 1706/303/65 1705/302/65 1707/300/65
f 1710/298/66 1708/301/66 1707/300/66 1709/299/66
f 1711/298/66 1713/301/66 1714/300/66 1712/299/66
f 1713/301/65 1715/303/65 1716/302/65 1714/300/65
f 1715/303/64 1717/305/64 1718/304/64 1716/302/64
f 1717/305/63 1719/307/63 1720/306/63 1718/304/63
f 1719/307/70 1721/309/70 1722/308/70 1720/306/70
f 1721/309/69 1723/311/69 1724/310/69 1722/308/69
f 1723/311/68 1725/313/68 1726/312/68 1724/310/68
f 1725/313/67 1711/315/67 1712/314/67 1726/312/67
f 1727/298/66 1729/301/66 1730/300/66 1728/299/66
f 1729/301/65 1731/303/65 1732/302/65 1730/300/65
f 1731/303/64 1733/305/64 1734/304/64 1732/302/64
f 1733/305/63 1735/307/63 1736/306/63 1734/304/63
f 1735/307/70 1737/309/70 1738/308/70 1736/306/70
f 1737/309/69 1739/311/69 1740/310/69 1738/308/69
f 1739/311/68 1741/313/68 1742/312/68 1740/310/68
f 1741/313/67 1727/315/67 1728/314/67 1742/312/67
f 1743/298/66 1745/301/66 1746/300/66 1744/299/66
f 1745/301/65 1747/303/65 1748/302/65 1746/300/65
f 1747/303/64 1749/305/64 1750/304/64 1748/302/64
f 1749/305/63 1751/307/63 1752/306/63 1750/304/63
f 1751/307/70 1753/309/70 1754/308/70 1752/306/70
f 1753/309/69 1755/311/69 1756/310/69 1754/308/69
f 1755/311/68 1757/313/68 1758/312/68 1756/310/68
f 1757/313/67 1743/315/67 1744/314/67 1758/312/67
f 1785/170/184 1763/173/184 1765/172/184 1789/171/184
f 1801/174/217 1767/177/217 1783/176/217 1800/175/217
f 1798/178/79 1802/181/79 1799/180/79 1787/179/79
f 1771/182/218 1781/185/218 1778/184/218 1762/183/218
f 1760/186/2 1776/189/2 1775/188/2 1759/187/2
f 1764/190/189 1779/191/189 1781/185/189 1771/182/189
f 1759/192/219 1775/193/219 1779/191/219 1764/190/219
f 1773/194/191 1782/197/191 1780/196/191 1768/195/191
f 1761/198/192 1777/199/192 1782/197/192 1773/194/192
f 1762/200/7 1778/203/7 1777/202/7 1761/201/7
f 1768/195/220 1780/196/220 1776/205/220 1760/204/220
f 1780/219/198 1784/222/198 1772/221/198 1776/220/198
f 1781/223/199 1786/226/199 1769/225/199 1778/224/199
f 1776/227/2 1772/230/2 1774/229/2 1775/228/2
f 1779/231/200 1766/232/200 1786/226/200 1781/223/200
f 1775/233/201 1774/234/201 1766/232/201 1779/231/201
f 1782/235/202 1788/236/202 1784/222/202 1780/219/202
f 1777/237/203 1770/238/203 1788/236/203 1782/235/203
f 1778/239/7 1769/242/7 1770/241/7 1777/240/7
f 1772/243/2 1793/246/2 1794/245/2 1774/244/2
f 1766/247/204 1790/250/204 1796/249/204 1786/248/204
f 1774/251/205 1794/252/205 1790/250/205 1766/247/205
f 1788/253/206 1797/256/206 1795/255/206 1784/254/206
f 1770/257/207 1792/258/207 1797/256/207 1788/253/207
f 1784/254/208 1795/255/208 1793/260/208 1772/259/208
f 1786/248/209 1796/249/209 1791/262/209 1769/261/209
f 1769/263/7 1791/266/7 1792/265/7 1770/264/7
f 1791/271/7 1783/274/7 1767/273/7 1792/272/7
f 1795/275/55 1789/278/55 1765/277/55 1793/276/55
f 1796/279/56 1800/282/56 1783/281/56 1791/280/56
f 1793/276/2 1765/277/2 1763/284/2 1794/283/2
f 1790/285/23 1785/286/23 1800/282/23 1796/279/23
f 1794/287/57 1763/288/57 1785/286/57 1790/285/57
f 1797/289/1 1801/291/1 1789/290/1 1795/287/1
f 1792/292/58 1767/293/58 1801/291/58 1797/289/58
f 1799/180/81 1800/295/81 1785/294/81 1787/179/81
f 1798/178/77 1789/297/77 1801/296/77 1802/181/77
f 1789/171/215 1798/178/215 1787/179/215 1785/170/215
f 1800/175/221 1799/180/222 1802/181/223 1801/174/222
f 1803/298/66 1805/301/66 1806/300/66 1804/299/66
f 1805/301/65 1807/303/65 1808/302/65 1806/300/65
f 1807/303/64 1809/305/64 1810/304/64 1808/302/64
f 1809/305/63 1811/307/63 1812/306/63 1810/304/63
f 1811/307/70 1813/309/70 1814/308/70 1812/306/70
f 1813/309/69 1815/311/69 1816/310/69 1814/308/69
f 1815/311/68 1817/313/68 1818/312/68 1816/310/68
f 1817/313/67 1803/315/67 1804/314/67 1818/312/67
f 1820/313/67 1834/315/67 1833/314/67 1819/312/67
f 1822/311/68 1820/313/68 1819/312/68 1821/310/68
f 1824/309/69 1822/311/69 1821/310/69 1823/308/69
f 1826/307/70 1824/309/70 1823/308/70 1825/306/70
f 1828/305/63 1826/307/63 1825/306/63 1827/304/63
f 1830/303/64 1828/305/64 1827/304/64 1829/302/64
f 1832/301/65 1830/303/65 1829/302/65 1831/300/65
f 1834/298/66 1832/301/66 1831/300/66 1833/299/66
f 1836/313/67 1850/315/67 1849/314/67 1835/312/67
f 1838/311/68 1836/313/68 1835/312/68 1837/310/68
f 1840/309/69 1838/311/69 1837/310/69 1839/308/69
f 1842/307/70 1840/309/70 1839/308/70 1841/306/70
f 1844/305/63 1842/307/63 1841/306/63 1843/304/63
f 1846/303/64 1844/305/64 1843/304/64 1845/302/64
f 1848/301/65 1846/303/65 1845/302/65 1847/300/65
f 1850/298/66 1848/301/66 1847/300/66 1849/299/66
f 1852/313/67 1866/315/67 1865/314/67 1851/312/67
f 1854/311/68 1852/313/68 1851/312/68 1853/310/68
f 1856/309/69 1854/311/69 1853/310/69 1855/308/69
f 1858/307/70 1856/309/70 1855/308/70 1857/306/70
f 1860/305/63 1858/307/63 1857/306/63 1859/304/63
f 1862/303/64 1860/305/64 1859/304/64 1861/302/64
f 1864/301/65 1862/303/65 1861/302/65 1863/300/65
f 1866/298/66 1864/301/66 1863/300/66 1865/299/66
f 1868/313/67 1882/315/67 1881/314/67 1867/312/67
f 1870/311/68 1868/313/68 1867/312/68 1869/310/68
f 1872/309/69 1870/311/69 1869/310/69 1871/308/69
f 1874/307/70 1872/309/70 1871/308/70 1873/306/70
f 1876/305/63 1874/307/63 1873/306/63 1875/304/63
f 1878/303/64 1876/305/64 1875/304/64 1877/302/64
f 1880/301/65 1878/303/65 1877/302/65 1879/300/65
f 1882/298/66 1880/301/66 1879/300/66 1881/299/66
f 1883/298/66 1885/301/66 1886/300/66 1884/299/66
f 1885/301/65 1887/303/65 1888/302/65 1886/300/65
f 1887/303/64 1889/305/64 1890/304/64 1888/302/64
f 1889/305/63 1891/307/63 1892/306/63 1890/304/63
f 1891/307/70 1893/309/70 1894/308/70 1892/306/70
f 1893/309/69 1895/311/69 1896/310/69 1894/308/69
f 1895/311/68 1897/313/68 1898/312/68 1896/310/68
f 1897/313/67 1883/315/67 1884/314/67 1898/312/67
f 1899/298/66 1901/301/66 1902/300/66 1900/299/66
f 1901/301/65 1903/303/65 1904/302/65 1902/300/65
f 1903/303/64 1905/305/64 1906/304/64 1904/302/64
f 1905/305/63 1907/307/63 1908/306/63 1906/304/63
f 1907/307/70 1909/309/70 1910/308/70 1908/306/70
f 1909/309/69 1911/311/69 1912/310/69 1910/308/69
f 1911/311/68 1913/313/68 1914/312/68 1912/310/68
f 1913/313/67 1899/315/67 1900/314/67 1914/312/67
f 1761/201/7 449/201/7 450/200/7 1762/200/7
f 1915/298/66 1917/301/66 1918/300/66 1916/299/66
f 1917/301/65 1919/303/65 1920/302/65 1918/300/65
f 1919/303/64 1921/305/64 1922/304/64 1920/302/64
f 1921/305/63 1923/307/63 1924/306/63 1922/304/63
f 1923/307/70 1925/309/70 1926/308/70 1924/306/70
f 1925/309/69 1927/311/69 1928/310/69 1926/308/69
f 1927/311/68 1929/313/68 1930/312/68 1928/310/68
f 1929/313/67 1915/315/67 1916/314/67 1930/312/67
f 1931/298/66 1933/301/66 1934/300/66 1932/299/66
f 1933/301/65 1935/303/65 1936/302/65 1934/300/65
f 1935/303/64 1937/305/64 1938/304/64 1936/302/64
f 1937/305/63 1939/307/63 1940/306/63 1938/304/63
f 1939/307/70 1941/309/70 1942/308/70 1940/306/70
f 1941/309/69 1943/311/69 1944/310/69 1942/308/69
f 1943/311/68 1945/313/68 1946/312/68 1944/310/68
f 1945/313/67 1931/315/67 1932/314/67 1946/312/67
f 1759/187/2 486/187/2 488/186/2 1760/186/2
f 1764/190/57 485/190/57 486/192/57 1759/192/57
f 1771/182/23 487/182/23 485/190/23 1764/190/23
f 1760/204/55 488/204/55 484/195/55 1768/195/55
f 1768/195/1 484/195/1 483/316/1 1773/194/1
f 1762/183/56 450/183/56 487/182/56 1771/182/56
f 1773/194/58 483/316/58 449/198/58 1761/198/58
f 2072/317/224 2075/320/224 2078/319/224 2065/318/224
f 2073/321/152 2070/324/60 1948/323/60 2067/322/225
f 2069/325/5 2073/328/226 2067/327/5 1947/326/5
f 2071/329/1 1949/330/1 1948/323/1 2070/324/1
f 1950/298/66 1952/301/66 1953/300/66 1951/299/66
f 1952/301/65 1954/303/65 1955/302/65 1953/300/65
f 1954/303/64 1956/305/64 1957/304/64 1955/302/64
f 1956/305/63 1958/307/63 1959/306/63 1957/304/63
f 1958/307/70 1960/309/70 1961/308/70 1959/306/70
f 1960/309/69 1962/311/69 1963/310/69 1961/308/69
f 1962/311/68 1964/313/68 1965/312/68 1963/310/68
f 1964/313/67 1950/315/67 1951/314/67 1965/312/67
f 1966/298/66 1968/301/66 1969/300/66 1967/299/66
f 1968/301/65 1970/303/65 1971/302/65 1969/300/65
f 1970/303/64 1972/305/64 1973/304/64 1971/302/64
f 1972/305/63 1974/307/63 1975/306/63 1973/304/63
f 1974/307/70 1976/309/70 1977/308/70 1975/306/70
f 1976/309/69 1978/311/69 1979/310/69 1977/308/69
f 1978/311/68 1980/313/68 1981/312/68 1979/310/68
f 1980/313/67 1966/315/67 1967/314/67 1981/312/67
f 1982/298/66 1984/301/66 1985/300/66 1983/299/66
f 1984/301/65 1986/303/65 1987/302/65 1985/300/65
f 1986/303/64 1988/305/64 1989/304/64 1987/302/64
f 1988/305/63 1990/307/63 1991/306/63 1989/304/63
f 1990/307/70 1992/309/70 1993/308/70 1991/306/70
f 1992/309/69 1994/311/69 1995/310/69 1993/308/69
f 1994/311/68 1996/313/68 1997/312/68 1995/310/68
f 1996/313/67 1982/315/67 1983/314/67 1997/312/67
f 1998/298/66 2000/301/66 2001/300/66 1999/299/66
f 2000/301/65 2002/303/65 2003/302/65 2001/300/65
f 2002/303/64 2004/305/64 2005/304/64 2003/302/64
f 2004/305/63 2006/307/63 2007/306/63 2005/304/63
f 2006/307/70 2008/309/70 2009/308/70 2007/306/70
f 2008/309/69 2010/311/69 2011/310/69 2009/308/69
f 2010/311/68 2012/313/68 2013/312/68 2011/310/68
f 2012/313/67 1998/315/67 1999/314/67 2013/312/67
f 2014/298/66 2016/301/66 2017/300/66 2015/299/66
f 2016/301/65 2018/303/65 2019/302/65 2017/300/65
f 2018/303/64 2020/305/64 2021/304/64 2019/302/64
f 2020/305/63 2022/307/63 2023/306/63 2021/304/63
f 2022/307/70 2024/309/70 2025/308/70 2023/306/70
f 2024/309/69 2026/311/69 2027/310/69 2025/308/69
f 2026/311/68 2028/313/68 2029/312/68 2027/310/68
f 2028/313/67 2014/315/67 2015/314/67 2029/312/67
f 2030/298/66 2032/301/66 2033/300/66 2031/299/66
f 2032/301/65 2034/303/65 2035/302/65 2033/300/65
f 2034/303/64 2036/305/64 2037/304/64 2035/302/64
f 2036/305/63 2038/307/63 2039/306/63 2037/304/63
f 2038/307/70 2040/309/70 2041/308/70 2039/306/70
f 2040/309/69 2042/311/69 2043/310/69 2041/308/69
f 2042/311/68 2044/313/68 2045/312/68 2043/310/68
f 2044/313/67 2030/315/67 2031/314/67 2045/312/67
f 2046/298/66 2048/301/66 2049/300/66 2047/299/66
f 2048/301/65 2050/303/65 2051/302/65 2049/300/65
f 2050/303/64 2052/305/64 2053/304/64 2051/302/64
f 2052/305/63 2054/307/63 2055/306/63 2053/304/63
f 2054/307/70 2056/309/70 2057/308/70 2055/306/70
f 2056/309/69 2058/311/69 2059/310/69 2057/308/69
f 2058/311/68 2060/313/68 2061/312/68 2059/310/68
f 2060/313/67 2046/315/67 2047/314/67 2061/312/67
f 2064/331/23 2078/319/23 2075/320/23 2074/332/23
f 1947/326/59 2064/334/59 2074/333/76 2069/325/59
f 2066/335/77 1949/338/77 2071/337/148 2068/336/77
f 2065/339/227 2066/335/227 2068/336/227 2072/340/227
f 2078/182/228 2087/185/228 2084/184/228 2065/183/228
f 2067/186/5 2082/189/5 2081/188/5 1947/187/5
f 2064/190/84 2085/191/84 2087/185/84 2078/182/84
f 1947/192/229 2081/193/229 2085/191/229 2064/190/229
f 1949/194/230 2088/197/230 2086/196/230 1948/195/230
f 2066/198/231 2083/199/231 2088/197/231 1949/194/231
f 2065/200/79 2084/203/79 2083/202/79 2066/201/79
f 1948/195/232 2086/196/233 2082/205/232 2067/204/232
f 2086/219/96 2089/222/96 2079/221/96 2082/220/96
f 2087/223/94 2091/226/94 2076/225/94 2084/224/94
f 2082/227/5 2079/230/5 2080/229/5 2081/228/5
f 2085/231/93 2062/232/93 2091/226/93 2087/223/93
f 2081/233/92 2080/234/92 2062/232/92 2085/231/92
f 2088/235/95 2092/236/95 2089/222/95 2086/219/95
f 2083/237/91 2077/238/91 2092/236/91 2088/235/91
f 2084/239/79 2076/242/79 2077/241/79 2083/240/79
f 2079/243/5 2096/246/5 2097/245/5 2080/244/5
f 2062/247/97 2093/250/97 2099/249/97 2091/248/97
f 2080/251/102 2097/252/102 2093/250/102 2062/247/102
f 2092/253/99 2100/256/99 2098/255/99 2089/254/99
f 2077/257/101 2095/258/101 2100/256/101 2092/253/101
f 2089/254/100 2098/255/100 2096/260/100 2079/259/100
f 2091/248/98 2099/249/98 2094/262/98 2076/261/98
f 2076/263/79 2094/266/79 2095/265/79 2077/264/79
f 2094/271/234 1571/274/234 1572/273/234 2095/272/234
f 2098/275/60 2101/278/60 2063/277/60 2096/276/60
f 2099/279/81 1573/282/81 1571/281/81 2094/280/81
f 2096/276/5 2063/277/5 1570/284/5 2097/283/5
f 2093/285/23 2090/286/23 1573/282/23 2099/279/23
f 2097/287/235 1570/288/59 2090/286/235 2093/285/59
f 2100/289/1 1574/291/1 2101/290/1 2098/287/1
f 2095/292/77 1572/293/77 1574/291/77 2100/289/77
f 2102/298/64 2104/301/64 2105/300/64 2103/299/64
f 2104/301/63 2106/303/63 2107/302/63 2105/300/63
f 2106/303/70 2108/305/70 2109/304/70 2107/302/70
f 2108/305/69 2110/307/69 2111/306/69 2109/304/69
f 2110/307/68 2112/309/68 2113/308/68 2111/306/68
f 2112/309/67 2114/311/67 2115/310/67 2113/308/67
f 2114/311/66 2116/313/66 2117/312/66 2115/310/66
f 2116/313/65 2102/315/65 2103/314/65 2117/312/65
f 2119/313/65 2133/315/65 2132/314/65 2118/312/65
f 2121/311/66 2119/313/66 2118/312/66 2120/310/66
f 2123/309/67 2121/311/67 2120/310/67 2122/308/67
f 2125/307/68 2123/309/68 2122/308/68 2124/306/68
f 2127/305/69 2125/307/69 2124/306/69 2126/304/69
f 2129/303/70 2127/305/70 2126/304/70 2128/302/70
f 2131/301/63 2129/303/63 2128/302/63 2130/300/63
f 2133/298/64 2131/301/64 2130/300/64 2132/299/64
f 2135/313/65 2149/315/65 2148/314/65 2134/312/65
f 2137/311/66 2135/313/66 2134/312/66 2136/310/66
f 2139/309/67 2137/311/67 2136/310/67 2138/308/67
f 2141/307/68 2139/309/68 2138/308/68 2140/306/68
f 2143/305/69 2141/307/69 2140/306/69 2142/304/69
f 2145/303/70 2143/305/70 2142/304/70 2144/302/70
f 2147/301/63 2145/303/63 2144/302/63 2146/300/63
f 2149/298/64 2147/301/64 2146/300/64 2148/299/64
f 2151/313/65 2165/315/65 2164/314/65 2150/312/65
f 2153/311/66 2151/313/66 2150/312/66 2152/310/66
f 2155/309/67 2153/311/67 2152/310/67 2154/308/67
f 2157/307/68 2155/309/68 2154/308/68 2156/306/68
f 2159/305/69 2157/307/69 2156/306/69 2158/304/69
f 2161/303/70 2159/305/70 2158/304/70 2160/302/70
f 2163/301/63 2161/303/63 2160/302/63 2162/300/63
f 2165/298/64 2163/301/64 2162/300/64 2164/299/64
f 2167/313/65 2181/315/65 2180/314/65 2166/312/65
f 2169/311/66 2167/313/66 2166/312/66 2168/310/66
f 2171/309/67 2169/311/67 2168/310/67 2170/308/67
f 2173/307/68 2171/309/68 2170/308/68 2172/306/68
f 2175/305/69 2173/307/69 2172/306/69 2174/304/69
f 2177/303/70 2175/305/70 2174/304/70 2176/302/70
f 2179/301/63 2177/303/63 2176/302/63 2178/300/63
f 2181/298/64 2179/301/64 2178/300/64 2180/299/64
f 2182/298/64 2184/301/64 2185/300/64 2183/299/64
f 2184/301/63 2186/303/63 2187/302/63 2185/300/63
f 2186/303/70 2188/305/70 2189/304/70 2187/302/70
f 2188/305/69 2190/307/69 2191/306/69 2189/304/69
f 2190/307/68 2192/309/68 2193/308/68 2191/306/68
f 2192/309/67 2194/311/67 2195/310/67 2193/308/67
f 2194/311/66 2196/313/66 2197/312/66 2195/310/66
f 2196/313/65 2182/315/65 2183/314/65 2197/312/65
f 2198/298/64 2200/301/64 2201/300/64 2199/299/64
f 2200/301/63 2202/303/63 2203/302/63 2201/300/63
f 2202/303/70 2204/305/70 2205/304/70 2203/302/70
f 2204/305/69 2206/307/69 2207/306/69 2205/304/69
f 2206/307/68 2208/309/68 2209/308/68 2207/306/68
f 2208/309/67 2210/311/67 2211/310/67 2209/308/67
f 2210/311/66 2212/313/66 2213/312/66 2211/310/66
f 2212/313/65 2198/315/65 2199/314/65 2213/312/65
f 758/1/1 757/2/1 2217/3/1 2237/4/1
f 2226/5/7 2228/6/7 756/7/7
f 2237/4/236 2217/3/236 2236/8/236 2239/9/236
f 2239/9/237 2236/8/237 2235/10/237 2240/11/237
f 2240/11/79 2235/10/79 2234/8/79 2241/9/79
f 2241/9/1 2234/8/1 2233/10/1 2242/11/1
f 2242/11/79 2233/10/79 2232/8/79 2243/9/79
f 2243/9/1 2232/8/1 2231/10/1 2244/11/1
f 2244/11/79 2231/10/79 2230/12/79 2245/9/79
f 2245/9/1 2230/12/1 2229/13/1 2246/11/1
f 2246/11/79 2229/13/79 2228/12/79 2247/9/79
f 2247/9/1 2228/12/1 2227/10/1 2248/11/1
f 2248/11/79 2227/10/79 2226/8/79 2249/9/79
f 2249/9/1 2226/8/1 2225/13/1 2250/14/1
f 2250/14/79 2225/13/79 2224/12/79 2251/15/79
f 2251/15/1 2224/12/1 2223/10/1 2252/11/1
f 2252/11/79 2223/10/79 2222/8/79 2253/15/79
f 2253/15/1 2222/8/1 2221/10/1 2254/14/1
f 2254/14/79 2221/10/79 2220/8/79 2255/9/79
f 2255/9/1 2220/8/1 2219/10/1 2256/14/1
f 2256/14/79 2219/10/79 2218/8/79 2257/15/79
f 2257/15/1 2218/8/1 2216/10/1 2238/11/1
f 2215/15/79 2238/11/79 2216/10/79 2214/12/79
f 756/7/7 2214/16/7 2218/17/7
f 2214/16/7 2216/18/7 2218/17/7
f 2218/17/7 2219/19/7 2220/20/7
f 2217/21/7 757/22/7 2236/23/7
f 757/22/7 756/7/7 2236/23/7
f 2234/24/7 2235/25/7 2236/23/7
f 756/7/7 2218/17/7 2220/20/7
f 2220/20/7 2221/26/7 2222/27/7
f 2222/27/7 2223/28/7 2224/29/7
f 2224/29/7 2225/30/7 2226/5/7
f 2226/5/7 2227/31/7 2228/6/7
f 2228/6/7 2229/32/7 2230/33/7
f 2230/33/7 2231/34/7 2232/35/7
f 2232/35/7 2233/36/7 2234/24/7
f 2234/24/7 2236/23/7 756/7/7
f 756/7/7 2220/20/7 2222/27/7
f 756/7/7 2222/27/7 2224/29/7
f 2232/35/7 2234/24/7 756/7/7
f 2230/33/7 2232/35/7 756/7/7
f 756/7/7 2224/29/7 2226/5/7
f 2228/6/7 2230/33/7 756/7/7
f 758/37/105 2237/38/105 2259/39/105 761/40/105
f 2239/41/2 2240/42/2 2241/43/2
f 2238/44/2 2215/45/2 2257/46/2
f 2255/47/2 2256/48/2 2257/46/2
f 2241/43/2 2242/49/2 2243/50/2
f 2243/50/2 2244/51/2 2245/52/2
f 2245/52/2 2246/53/2 2247/54/2
f 2247/54/2 2248/55/2 2249/56/2
f 2249/56/2 2250/57/2 2251/58/2
f 2251/58/2 2252/59/2 2253/60/2
f 2253/60/2 2254/61/2 2255/47/2
f 2266/62/106 2260/63/106 762/64/106 784/65/106
f 761/40/107 2259/39/107 2265/66/107 767/67/107
f 2264/68/108 766/69/108 763/70/108 2261/23/108
f 2258/71/238 2239/72/238 2262/73/238 2263/74/238
f 2262/23/239 764/70/239 765/69/239 2263/68/239
f 2239/75/240 759/75/240 764/75/240 2262/75/240
f 760/76/112 2258/77/112 2263/78/112 765/79/112
f 2251/58/2 2253/60/2 2262/80/2
f 2258/68/113 760/69/113 766/69/113 2264/68/113
f 2266/62/114 784/65/114 783/81/114 2267/82/114
f 2267/82/115 783/81/115 782/83/115 2268/84/115
f 2268/84/114 782/83/114 781/85/114 2269/86/114
f 2269/86/115 781/85/115 780/87/115 2270/88/115
f 2270/88/114 780/87/114 779/89/114 2271/90/114
f 2271/90/107 779/89/107 778/91/107 2272/92/107
f 2272/92/114 778/91/114 777/93/114 2273/94/114
f 2273/94/107 777/93/107 776/95/107 2274/96/107
f 2274/96/114 776/95/114 775/97/114 2275/98/114
f 2275/98/107 775/97/107 774/99/107 2276/100/107
f 2276/100/116 774/99/116 773/101/116 2277/102/116
f 2277/102/107 773/101/107 772/103/107 2278/104/107
f 2278/104/116 772/103/116 771/105/116 2279/106/116
f 2279/106/107 771/105/107 770/107/107 2280/108/107
f 2280/108/116 770/107/116 769/109/116 2281/110/116
f 2281/110/107 769/109/107 768/111/107 2282/112/107
f 2282/112/116 768/111/116 767/67/116 2265/66/116
f 2266/113/79 2267/114/79 2268/115/79
f 2268/115/79 2269/116/79 2270/117/79
f 2270/117/79 2271/118/79 2272/119/79
f 2272/119/79 2273/120/79 2274/121/79
f 2274/121/79 2275/122/79 2276/123/79
f 2276/123/79 2277/124/79 2278/125/79
f 2278/125/79 2279/126/79 2280/127/79
f 2280/127/79 2281/128/79 2282/129/79
f 2282/129/79 2265/130/79 2259/131/79
f 2259/131/79 2237/132/79 2239/133/79
f 2258/134/79 2264/135/79 2276/123/79
f 2264/135/79 2261/136/79 2268/115/79
f 2260/137/79 2261/138/79 1569/139/79
f 2259/131/79 2239/133/79 2258/134/79
f 2280/127/79 2282/129/79 2258/134/79
f 2282/129/79 2259/131/79 2258/134/79
f 2276/123/79 2278/125/79 2258/134/79
f 2278/125/79 2280/127/79 2258/134/79
f 2274/121/79 2276/123/79 2264/135/79
f 2268/115/79 2270/117/79 2264/135/79
f 2270/117/79 2272/119/79 2264/135/79
f 2272/119/79 2274/121/79 2264/135/79
f 2261/138/79 2266/140/79 2268/141/79
f 2247/54/2 2249/56/2 2262/80/2
f 2249/56/2 2251/58/2 2262/80/2
f 2245/52/2 2247/54/2 2262/80/2
f 2243/50/2 2245/52/2 2262/80/2
f 2262/80/2 2239/41/2 2241/43/2
f 2257/46/2 2215/45/2 2262/80/2
f 2255/47/2 2257/46/2 2262/80/2
f 2262/80/2 2241/43/2 2243/50/2
f 2253/60/2 2255/47/2 2262/80/2
f 2261/142/117 763/143/117 31/144/117 1568/145/117
f 762/64/1 2260/63/1 1569/146/1 30/147/1
f 2266/140/79 2261/138/79 2260/137/79
f 1569/139/79 2261/138/79 1568/148/79
f 2321/149/241 2323/150/241 2288/151/241 2289/152/241
f 2304/153/242 2291/154/242 2300/155/242
f 2283/156/243 2795/157/243 2326/158/243 2324/159/243
f 2795/157/23 2327/160/23 2326/158/23
f 2325/161/23 2327/160/23 2293/162/23
f 2287/163/1 2806/164/1 2330/165/1 2305/166/1
f 2290/167/244 2305/168/244 2302/169/244
f 2316/170/186 2320/171/186 2294/172/186 2292/173/186
f 2342/174/245 2341/175/245 2314/176/246 2296/177/245
f 2339/178/79 2318/179/79 2340/180/79 2343/181/79
f 2300/182/247 2291/183/247 2309/184/247 2312/185/247
f 2289/186/7 2288/187/7 2306/188/7 2307/189/7
f 2293/190/189 2300/182/189 2312/185/189 2310/191/189
f 2288/192/248 2293/190/248 2310/191/248 2306/193/248
f 2302/194/191 2297/195/191 2311/196/191 2313/197/191
f 2290/198/249 2302/194/249 2313/197/249 2308/199/249
f 2291/200/2 2290/201/2 2308/202/2 2309/203/2
f 2297/195/250 2289/204/250 2307/205/250 2311/196/250
f 2285/206/251 2287/207/251 2305/168/251 2290/167/251
f 2323/208/252 2325/161/252 2293/162/252 2288/209/252
f 2305/166/1 2330/165/1 2297/210/1 2302/211/1
f 2329/212/253 2321/149/253 2289/152/253 2297/210/253
f 2286/213/254 2284/214/254 2291/154/254 2304/153/254
f 2776/215/38 2283/216/38 2324/217/38 2322/218/38
f 2284/214/37 2285/206/37 2290/167/37 2291/154/37
f 2311/219/203 2307/220/203 2301/221/203 2315/222/203
f 2312/223/201 2309/224/201 2298/225/201 2317/226/201
f 2307/227/7 2306/228/7 2303/229/7 2301/230/7
f 2310/231/200 2312/223/200 2317/226/200 2295/232/200
f 2306/233/199 2310/231/199 2295/232/199 2303/234/199
f 2313/235/202 2311/219/202 2315/222/202 2319/236/202
f 2308/237/198 2313/235/198 2319/236/198 2299/238/198
f 2309/239/2 2308/240/2 2299/241/2 2298/242/2
f 2301/243/7 2303/244/7 2335/245/7 2334/246/7
f 2295/247/204 2317/248/204 2337/249/204 2331/250/204
f 2303/251/209 2295/247/209 2331/250/209 2335/252/209
f 2319/253/206 2315/254/206 2336/255/206 2338/256/206
f 2299/257/208 2319/253/208 2338/256/208 2333/258/208
f 2315/254/207 2301/259/207 2334/260/207 2336/255/207
f 2317/248/205 2298/261/205 2332/262/205 2337/249/205
f 2298/263/2 2299/264/2 2333/265/2 2332/266/2
f 2325/161/23 2326/158/23 2327/160/23
f 2328/267/1 2329/212/1 2330/165/1
f 2325/161/255 2323/208/255 2324/159/255 2326/158/255
f 2323/150/256 2321/149/256 2322/218/256 2324/217/256
f 2321/149/257 2329/212/257 2328/267/257 2322/218/257
f 2806/164/258 2776/215/258 2322/218/258 2328/267/258
f 2330/165/1 2806/164/1 2328/267/1
f 2297/210/1 2330/165/1 2329/212/1
f 2327/160/23 2795/157/23 2286/268/23 2304/269/23
f 2293/162/23 2327/160/23 2304/269/23 2300/270/23
f 2332/271/2 2333/272/2 2296/273/2 2314/274/2
f 2336/275/58 2334/276/58 2294/277/58 2320/278/58
f 2337/279/57 2332/280/57 2314/281/57 2341/282/57
f 2334/276/7 2335/283/7 2292/284/7 2294/277/7
f 2331/285/23 2337/279/23 2341/282/23 2316/286/23
f 2335/287/56 2331/285/56 2316/286/56 2292/288/56
f 2338/289/1 2336/287/1 2320/290/1 2342/291/1
f 2333/292/55 2338/289/55 2342/291/55 2296/293/55
f 2340/180/81 2318/179/81 2316/294/81 2341/295/81
f 2339/178/214 2343/181/214 2342/296/214 2320/297/214
f 2320/171/259 2316/170/259 2318/179/259 2339/178/259
f 2341/175/260 2342/174/261 2343/181/262 2340/180/263
f 2344/298/67 2345/299/67 2347/300/67 2346/301/67
f 2346/301/68 2347/300/68 2349/302/68 2348/303/68
f 2348/303/69 2349/302/69 2351/304/69 2350/305/69
f 2350/305/70 2351/304/70 2353/306/70 2352/307/70
f 2352/307/63 2353/306/63 2355/308/63 2354/309/63
f 2354/309/64 2355/308/64 2357/310/64 2356/311/64
f 2356/311/65 2357/310/65 2359/312/65 2358/313/65
f 2358/313/66 2359/312/66 2345/314/66 2344/315/66
f 2361/313/66 2360/312/66 2374/314/66 2375/315/66
f 2363/311/65 2362/310/65 2360/312/65 2361/313/65
f 2365/309/64 2364/308/64 2362/310/64 2363/311/64
f 2367/307/63 2366/306/63 2364/308/63 2365/309/63
f 2369/305/70 2368/304/70 2366/306/70 2367/307/70
f 2371/303/69 2370/302/69 2368/304/69 2369/305/69
f 2373/301/68 2372/300/68 2370/302/68 2371/303/68
f 2375/298/67 2374/299/67 2372/300/67 2373/301/67
f 2377/313/66 2376/312/66 2390/314/66 2391/315/66
f 2379/311/65 2378/310/65 2376/312/65 2377/313/65
f 2381/309/64 2380/308/64 2378/310/64 2379/311/64
f 2383/307/63 2382/306/63 2380/308/63 2381/309/63
f 2385/305/70 2384/304/70 2382/306/70 2383/307/70
f 2387/303/69 2386/302/69 2384/304/69 2385/305/69
f 2389/301/68 2388/300/68 2386/302/68 2387/303/68
f 2391/298/67 2390/299/67 2388/300/67 2389/301/67
f 2393/313/66 2392/312/66 2406/314/66 2407/315/66
f 2395/311/65 2394/310/65 2392/312/65 2393/313/65
f 2397/309/64 2396/308/64 2394/310/64 2395/311/64
f 2399/307/63 2398/306/63 2396/308/63 2397/309/63
f 2401/305/70 2400/304/70 2398/306/70 2399/307/70
f 2403/303/69 2402/302/69 2400/304/69 2401/305/69
f 2405/301/68 2404/300/68 2402/302/68 2403/303/68
f 2407/298/67 2406/299/67 2404/300/67 2405/301/67
f 2409/313/66 2408/312/66 2422/314/66 2423/315/66
f 2411/311/65 2410/310/65 2408/312/65 2409/313/65
f 2413/309/64 2412/308/64 2410/310/64 2411/311/64
f 2415/307/63 2414/306/63 2412/308/63 2413/309/63
f 2417/305/70 2416/304/70 2414/306/70 2415/307/70
f 2419/303/69 2418/302/69 2416/304/69 2417/305/69
f 2421/301/68 2420/300/68 2418/302/68 2419/303/68
f 2423/298/67 2422/299/67 2420/300/67 2421/301/67
f 2424/298/67 2425/299/67 2427/300/67 2426/301/67
f 2426/301/68 2427/300/68 2429/302/68 2428/303/68
f 2428/303/69 2429/302/69 2431/304/69 2430/305/69
f 2430/305/70 2431/304/70 2433/306/70 2432/307/70
f 2432/307/63 2433/306/63 2435/308/63 2434/309/63
f 2434/309/64 2435/308/64 2437/310/64 2436/311/64
f 2436/311/65 2437/310/65 2439/312/65 2438/313/65
f 2438/313/66 2439/312/66 2425/314/66 2424/315/66
f 2440/298/67 2441/299/67 2443/300/67 2442/301/67
f 2442/301/68 2443/300/68 2445/302/68 2444/303/68
f 2444/303/69 2445/302/69 2447/304/69 2446/305/69
f 2446/305/70 2447/304/70 2449/306/70 2448/307/70
f 2448/307/63 2449/306/63 2451/308/63 2450/309/63
f 2450/309/64 2451/308/64 2453/310/64 2452/311/64
f 2452/311/65 2453/310/65 2455/312/65 2454/313/65
f 2454/313/66 2455/312/66 2441/314/66 2440/315/66
f 2456/298/67 2457/299/67 2459/300/67 2458/301/67
f 2458/301/68 2459/300/68 2461/302/68 2460/303/68
f 2460/303/69 2461/302/69 2463/304/69 2462/305/69
f 2462/305/70 2463/304/70 2465/306/70 2464/307/70
f 2464/307/63 2465/306/63 2467/308/63 2466/309/63
f 2466/309/64 2467/308/64 2469/310/64 2468/311/64
f 2468/311/65 2469/310/65 2471/312/65 2470/313/65
f 2470/313/66 2471/312/66 2457/314/66 2456/315/66
f 2498/170/186 2502/171/186 2478/172/186 2476/173/186
f 2514/174/264 2513/175/264 2496/176/264 2480/177/265
f 2511/178/79 2500/179/79 2512/180/79 2515/181/79
f 2484/182/266 2475/183/266 2491/184/266 2494/185/266
f 2473/186/7 2472/187/7 2488/188/7 2489/189/7
f 2477/190/189 2484/182/189 2494/185/189 2492/191/189
f 2472/192/248 2477/190/248 2492/191/248 2488/193/248
f 2486/194/191 2481/195/191 2493/196/191 2495/197/191
f 2474/198/249 2486/194/249 2495/197/249 2490/199/249
f 2475/200/2 2474/201/2 2490/202/2 2491/203/2
f 2481/195/267 2473/204/267 2489/205/267 2493/196/267
f 2493/219/203 2489/220/203 2485/221/203 2497/222/203
f 2494/223/201 2491/224/201 2482/225/201 2499/226/201
f 2489/227/7 2488/228/7 2487/229/7 2485/230/7
f 2492/231/200 2494/223/200 2499/226/200 2479/232/200
f 2488/233/199 2492/231/199 2479/232/199 2487/234/199
f 2495/235/202 2493/219/202 2497/222/202 2501/236/202
f 2490/237/198 2495/235/198 2501/236/198 2483/238/198
f 2491/239/2 2490/240/2 2483/241/2 2482/242/2
f 2485/243/7 2487/244/7 2507/245/7 2506/246/7
f 2479/247/204 2499/248/204 2509/249/204 2503/250/204
f 2487/251/209 2479/247/209 2503/250/209 2507/252/209
f 2501/253/206 2497/254/206 2508/255/206 2510/256/206
f 2483/257/208 2501/253/208 2510/256/208 2505/258/208
f 2497/254/207 2485/259/207 2506/260/207 2508/255/207
f 2499/248/205 2482/261/205 2504/262/205 2509/249/205
f 2482/263/2 2483/264/2 2505/265/2 2504/266/2
f 2504/271/2 2505/272/2 2480/273/2 2496/274/2
f 2508/275/58 2506/276/58 2478/277/58 2502/278/58
f 2509/279/57 2504/280/57 2496/281/57 2513/282/57
f 2506/276/7 2507/283/7 2476/284/7 2478/277/7
f 2503/285/23 2509/279/23 2513/282/23 2498/286/23
f 2507/287/56 2503/285/56 2498/286/56 2476/288/56
f 2510/289/1 2508/287/1 2502/290/1 2514/291/1
f 2505/292/55 2510/289/55 2514/291/55 2480/293/55
f 2512/180/81 2500/179/81 2498/294/81 2513/295/81
f 2511/178/77 2515/181/77 2514/296/77 2502/297/77
f 2502/171/259 2498/170/259 2500/179/259 2511/178/259
f 2513/175/268 2514/174/269 2515/181/269 2512/180/268
f 2516/298/67 2517/299/67 2519/300/67 2518/301/67
f 2518/301/68 2519/300/68 2521/302/68 2520/303/68
f 2520/303/69 2521/302/69 2523/304/69 2522/305/69
f 2522/305/70 2523/304/70 2525/306/70 2524/307/70
f 2524/307/63 2525/306/63 2527/308/63 2526/309/63
f 2526/309/64 2527/308/64 2529/310/64 2528/311/64
f 2528/311/65 2529/310/65 2531/312/65 2530/313/65
f 2530/313/66 2531/312/66 2517/314/66 2516/315/66
f 2533/313/66 2532/312/66 2546/314/66 2547/315/66
f 2535/311/65 2534/310/65 2532/312/65 2533/313/65
f 2537/309/64 2536/308/64 2534/310/64 2535/311/64
f 2539/307/63 2538/306/63 2536/308/63 2537/309/63
f 2541/305/70 2540/304/70 2538/306/70 2539/307/70
f 2543/303/69 2542/302/69 2540/304/69 2541/305/69
f 2545/301/68 2544/300/68 2542/302/68 2543/303/68
f 2547/298/67 2546/299/67 2544/300/67 2545/301/67
f 2549/313/66 2548/312/66 2562/314/66 2563/315/66
f 2551/311/65 2550/310/65 2548/312/65 2549/313/65
f 2553/309/64 2552/308/64 2550/310/64 2551/311/64
f 2555/307/63 2554/306/63 2552/308/63 2553/309/63
f 2557/305/70 2556/304/70 2554/306/70 2555/307/70
f 2559/303/69 2558/302/69 2556/304/69 2557/305/69
f 2561/301/68 2560/300/68 2558/302/68 2559/303/68
f 2563/298/67 2562/299/67 2560/300/67 2561/301/67
f 2565/313/66 2564/312/66 2578/314/66 2579/315/66
f 2567/311/65 2566/310/65 2564/312/65 2565/313/65
f 2569/309/64 2568/308/64 2566/310/64 2567/311/64
f 2571/307/63 2570/306/63 2568/308/63 2569/309/63
f 2573/305/70 2572/304/70 2570/306/70 2571/307/70
f 2575/303/69 2574/302/69 2572/304/69 2573/305/69
f 2577/301/68 2576/300/68 2574/302/68 2575/303/68
f 2579/298/67 2578/299/67 2576/300/67 2577/301/67
f 2581/313/66 2580/312/66 2594/314/66 2595/315/66
f 2583/311/65 2582/310/65 2580/312/65 2581/313/65
f 2585/309/64 2584/308/64 2582/310/64 2583/311/64
f 2587/307/63 2586/306/63 2584/308/63 2585/309/63
f 2589/305/70 2588/304/70 2586/306/70 2587/307/70
f 2591/303/69 2590/302/69 2588/304/69 2589/305/69
f 2593/301/68 2592/300/68 2590/302/68 2591/303/68
f 2595/298/67 2594/299/67 2592/300/67 2593/301/67
f 2596/298/67 2597/299/67 2599/300/67 2598/301/67
f 2598/301/68 2599/300/68 2601/302/68 2600/303/68
f 2600/303/69 2601/302/69 2603/304/69 2602/305/69
f 2602/305/70 2603/304/70 2605/306/70 2604/307/70
f 2604/307/63 2605/306/63 2607/308/63 2606/309/63
f 2606/309/64 2607/308/64 2609/310/64 2608/311/64
f 2608/311/65 2609/310/65 2611/312/65 2610/313/65
f 2610/313/66 2611/312/66 2597/314/66 2596/315/66
f 2612/298/67 2613/299/67 2615/300/67 2614/301/67
f 2614/301/68 2615/300/68 2617/302/68 2616/303/68
f 2616/303/69 2617/302/69 2619/304/69 2618/305/69
f 2618/305/70 2619/304/70 2621/306/70 2620/307/70
f 2620/307/63 2621/306/63 2623/308/63 2622/309/63
f 2622/309/64 2623/308/64 2625/310/64 2624/311/64
f 2624/311/65 2625/310/65 2627/312/65 2626/313/65
f 2626/313/66 2627/312/66 2613/314/66 2612/315/66
f 2474/201/2 2475/200/2 1200/200/2 1199/201/2
f 2628/298/67 2629/299/67 2631/300/67 2630/301/67
f 2630/301/68 2631/300/68 2633/302/68 2632/303/68
f 2632/303/69 2633/302/69 2635/304/69 2634/305/69
f 2634/305/70 2635/304/70 2637/306/70 2636/307/70
f 2636/307/63 2637/306/63 2639/308/63 2638/309/63
f 2638/309/64 2639/308/64 2641/310/64 2640/311/64
f 2640/311/65 2641/310/65 2643/312/65 2642/313/65
f 2642/313/66 2643/312/66 2629/314/66 2628/315/66
f 2644/298/67 2645/299/67 2647/300/67 2646/301/67
f 2646/301/68 2647/300/68 2649/302/68 2648/303/68
f 2648/303/69 2649/302/69 2651/304/69 2650/305/69
f 2650/305/70 2651/304/70 2653/306/70 2652/307/70
f 2652/307/63 2653/306/63 2655/308/63 2654/309/63
f 2654/309/64 2655/308/64 2657/310/64 2656/311/64
f 2656/311/65 2657/310/65 2659/312/65 2658/313/65
f 2658/313/66 2659/312/66 2645/314/66 2644/315/66
f 2472/187/7 2473/186/7 1238/186/7 1236/187/7
f 2477/190/56 2472/192/56 1236/192/56 1235/190/56
f 2484/182/23 2477/190/23 1235/190/23 1237/182/23
f 2473/204/58 2481/195/58 1234/195/58 1238/204/58
f 2481/195/1 2486/194/1 1233/316/1 1234/195/1
f 2475/183/57 2484/182/57 1237/182/57 1200/183/57
f 2486/194/55 2474/198/55 1199/198/55 1233/316/55
f 2072/317/270 2778/318/271 2783/319/270 2075/320/272
f 2073/321/273 2780/322/274 2661/323/60 2070/324/60
f 2069/325/5 2660/326/5 2780/327/5 2073/328/275
f 2071/329/1 2070/324/1 2661/323/1 2662/330/1
f 2663/298/67 2664/299/67 2666/300/67 2665/301/67
f 2665/301/68 2666/300/68 2668/302/68 2667/303/68
f 2667/303/69 2668/302/69 2670/304/69 2669/305/69
f 2669/305/70 2670/304/70 2672/306/70 2671/307/70
f 2671/307/63 2672/306/63 2674/308/63 2673/309/63
f 2673/309/64 2674/308/64 2676/310/64 2675/311/64
f 2675/311/65 2676/310/65 2678/312/65 2677/313/65
f 2677/313/66 2678/312/66 2664/314/66 2663/315/66
f 2679/298/67 2680/299/67 2682/300/67 2681/301/67
f 2681/301/68 2682/300/68 2684/302/68 2683/303/68
f 2683/303/69 2684/302/69 2686/304/69 2685/305/69
f 2685/305/70 2686/304/70 2688/306/70 2687/307/70
f 2687/307/63 2688/306/63 2690/308/63 2689/309/63
f 2689/309/64 2690/308/64 2692/310/64 2691/311/64
f 2691/311/65 2692/310/65 2694/312/65 2693/313/65
f 2693/313/66 2694/312/66 2680/314/66 2679/315/66
f 2695/298/67 2696/299/67 2698/300/67 2697/301/67
f 2697/301/68 2698/300/68 2700/302/68 2699/303/68
f 2699/303/69 2700/302/69 2702/304/69 2701/305/69
f 2701/305/70 2702/304/70 2704/306/70 2703/307/70
f 2703/307/63 2704/306/63 2706/308/63 2705/309/63
f 2705/309/64 2706/308/64 2708/310/64 2707/311/64
f 2707/311/65 2708/310/65 2710/312/65 2709/313/65
f 2709/313/66 2710/312/66 2696/314/66 2695/315/66
f 2711/298/67 2712/299/67 2714/300/67 2713/301/67
f 2713/301/68 2714/300/68 2716/302/68 2715/303/68
f 2715/303/69 2716/302/69 2718/304/69 2717/305/69
f 2717/305/70 2718/304/70 2720/306/70 2719/307/70
f 2719/307/63 2720/306/63 2722/308/63 2721/309/63
f 2721/309/64 2722/308/64 2724/310/64 2723/311/64
f 2723/311/65 2724/310/65 2726/312/65 2725/313/65
f 2725/313/66 2726/312/66 2712/314/66 2711/315/66
f 2727/298/67 2728/299/67 2730/300/67 2729/301/67
f 2729/301/68 2730/300/68 2732/302/68 2731/303/68
f 2731/303/69 2732/302/69 2734/304/69 2733/305/69
f 2733/305/70 2734/304/70 2736/306/70 2735/307/70
f 2735/307/63 2736/306/63 2738/308/63 2737/309/63
f 2737/309/64 2738/308/64 2740/310/64 2739/311/64
f 2739/311/65 2740/310/65 2742/312/65 2741/313/65
f 2741/313/66 2742/312/66 2728/314/66 2727/315/66
f 2743/298/67 2744/299/67 2746/300/67 2745/301/67
f 2745/301/68 2746/300/68 2748/302/68 2747/303/68
f 2747/303/69 2748/302/69 2750/304/69 2749/305/69
f 2749/305/70 2750/304/70 2752/306/70 2751/307/70
f 2751/307/63 2752/306/63 2754/308/63 2753/309/63
f 2753/309/64 2754/308/64 2756/310/64 2755/311/64
f 2755/311/65 2756/310/65 2758/312/65 2757/313/65
f 2757/313/66 2758/312/66 2744/314/66 2743/315/66
f 2759/298/67 2760/299/67 2762/300/67 2761/301/67
f 2761/301/68 2762/300/68 2764/302/68 2763/303/68
f 2763/303/69 2764/302/69 2766/304/69 2765/305/69
f 2765/305/70 2766/304/70 2768/306/70 2767/307/70
f 2767/307/63 2768/306/63 2770/308/63 2769/309/63
f 2769/309/64 2770/308/64 2772/310/64 2771/311/64
f 2771/311/65 2772/310/65 2774/312/65 2773/313/65
f 2773/313/66 2774/312/66 2760/314/66 2759/315/66
f 2777/331/23 2074/332/23 2075/320/23 2783/319/23
f 2660/326/59 2069/325/59 2074/333/276 2777/334/59
f 2779/335/77 2068/336/77 2071/337/277 2662/338/77
f 2778/339/278 2072/340/278 2068/336/278 2779/335/278
f 2783/182/279 2778/183/279 2789/184/279 2792/185/279
f 2780/186/5 2660/187/5 2786/188/5 2787/189/5
f 2777/190/155 2783/182/155 2792/185/155 2790/191/155
f 2660/192/280 2777/190/280 2790/191/280 2786/193/280
f 2662/194/157 2661/195/281 2791/196/282 2793/197/282
f 2779/198/283 2662/194/283 2793/197/283 2788/199/283
f 2778/200/79 2779/201/79 2788/202/79 2789/203/79
f 2661/195/284 2780/204/284 2787/205/284 2791/196/285
f 2791/219/166 2787/220/166 2784/221/166 2794/222/166
f 2792/223/164 2789/224/164 2781/225/164 2796/226/164
f 2787/227/5 2786/228/5 2785/229/5 2784/230/5
f 2790/231/163 2792/223/163 2796/226/163 2775/232/163
f 2786/233/162 2790/231/162 2775/232/162 2785/234/162
f 2793/235/165 2791/219/165 2794/222/165 2797/236/165
f 2788/237/161 2793/235/161 2797/236/161 2782/238/161
f 2789/239/79 2788/240/79 2782/241/79 2781/242/79
f 2784/243/5 2785/244/5 2802/245/5 2801/246/5
f 2775/247/167 2796/248/167 2804/249/167 2798/250/167
f 2785/251/172 2775/247/172 2798/250/172 2802/252/172
f 2797/253/169 2794/254/169 2803/255/169 2805/256/169
f 2782/257/171 2797/253/171 2805/256/171 2800/258/171
f 2794/254/170 2784/259/170 2801/260/170 2803/255/170
f 2796/248/168 2781/261/168 2799/262/168 2804/249/168
f 2781/263/79 2782/264/79 2800/265/79 2799/266/79
f 2799/271/286 2800/272/286 2285/273/286 2284/274/286
f 2803/275/60 2801/276/60 2776/277/60 2806/278/60
f 2804/279/81 2799/280/81 2284/281/81 2286/282/81
f 2801/276/5 2802/283/5 2283/284/5 2776/277/5
f 2798/285/23 2804/279/23 2286/282/23 2795/286/23
f 2802/287/287 2798/285/287 2795/286/287 2283/288/287
f 2805/289/1 2803/287/1 2806/290/1 2287/291/1
f 2800/292/77 2805/289/77 2287/291/77 2285/293/77
f 2807/298/69 2808/299/69 2810/300/69 2809/301/69
f 2809/301/70 2810/300/70 2812/302/70 2811/303/70
f 2811/303/63 2812/302/63 2814/304/63 2813/305/63
f 2813/305/64 2814/304/64 2816/306/64 2815/307/64
f 2815/307/65 2816/306/65 2818/308/65 2817/309/65
f 2817/309/66 2818/308/66 2820/310/66 2819/311/66
f 2819/311/67 2820/310/67 2822/312/67 2821/313/67
f 2821/313/68 2822/312/68 2808/314/68 2807/315/68
f 2824/313/68 2823/312/68 2837/314/68 2838/315/68
f 2826/311/67 2825/310/67 2823/312/67 2824/313/67
f 2828/309/66 2827/308/66 2825/310/66 2826/311/66
f 2830/307/65 2829/306/65 2827/308/65 2828/309/65
f 2832/305/64 2831/304/64 2829/306/64 2830/307/64
f 2834/303/63 2833/302/63 2831/304/63 2832/305/63
f 2836/301/70 2835/300/70 2833/302/70 2834/303/70
f 2838/298/69 2837/299/69 2835/300/69 2836/301/69
f 2840/313/68 2839/312/68 2853/314/68 2854/315/68
f 2842/311/67 2841/310/67 2839/312/67 2840/313/67
f 2844/309/66 2843/308/66 2841/310/66 2842/311/66
f 2846/307/65 2845/306/65 2843/308/65 2844/309/65
f 2848/305/64 2847/304/64 2845/306/64 2846/307/64
f 2850/303/63 2849/302/63 2847/304/63 2848/305/63
f 2852/301/70 2851/300/70 2849/302/70 2850/303/70
f 2854/298/69 2853/299/69 2851/300/69 2852/301/69
f 2856/313/68 2855/312/68 2869/314/68 2870/315/68
f 2858/311/67 2857/310/67 2855/312/67 2856/313/67
f 2860/309/66 2859/308/66 2857/310/66 2858/311/66
f 2862/307/65 2861/306/65 2859/308/65 2860/309/65
f 2864/305/64 2863/304/64 2861/306/64 2862/307/64
f 2866/303/63 2865/302/63 2863/304/63 2864/305/63
f 2868/301/70 2867/300/70 2865/302/70 2866/303/70
f 2870/298/69 2869/299/69 2867/300/69 2868/301/69
f 2872/313/68 2871/312/68 2885/314/68 2886/315/68
f 2874/311/67 2873/310/67 2871/312/67 2872/313/67
f 2876/309/66 2875/308/66 2873/310/66 2874/311/66
f 2878/307/65 2877/306/65 2875/308/65 2876/309/65
f 2880/305/64 2879/304/64 2877/306/64 2878/307/64
f 2882/303/63 2881/302/63 2879/304/63 2880/305/63
f 2884/301/70 2883/300/70 2881/302/70 2882/303/70
f 2886/298/69 2885/299/69 2883/300/69 2884/301/69
f 2887/298/69 2888/299/69 2890/300/69 2889/301/69
f 2889/301/70 2890/300/70 2892/302/70 2891/303/70
f 2891/303/63 2892/302/63 2894/304/63 2893/305/63
f 2893/305/64 2894/304/64 2896/306/64 2895/307/64
f 2895/307/65 2896/306/65 2898/308/65 2897/309/65
f 2897/309/66 2898/308/66 2900/310/66 2899/311/66
f 2899/311/67 2900/310/67 2902/312/67 2901/313/67
f 2901/313/68 2902/312/68 2888/314/68 2887/315/68
f 2903/298/69 2904/299/69 2906/300/69 2905/301/69
f 2905/301/70 2906/300/70 2908/302/70 2907/303/70
f 2907/303/63 2908/302/63 2910/304/63 2909/305/63
f 2909/305/64 2910/304/64 2912/306/64 2911/307/64
f 2911/307/65 2912/306/65 2914/308/65 2913/309/65
f 2913/309/66 2914/308/66 2916/310/66 2915/311/66
f 2915/311/67 2916/310/67 2918/312/67 2917/313/67
f 2917/313/68 2918/312/68 2904/314/68 2903/315/68
