# Blender 4.4.3
# www.blender.org
o SM_3D-Tall_PedestrainBridge_V1.1
v -15.337286 0.000000 0.000000
v -15.337286 4.000000 -0.000000
v -11.662711 4.000000 -0.000000
v -7.911502 3.749866 -0.000000
v -10.599281 4.005177 -0.000000
v -6.990369 7.800000 -0.000001
v -4.933199 7.224999 -0.000001
v -6.911502 0.049866 -0.000000
v -6.995628 5.648434 -0.000000
v -10.597731 4.420289 -0.000000
v -10.198405 4.418707 -0.000000
v -10.196913 4.818033 -0.000000
v -9.797588 4.816453 -0.000000
v -9.796095 5.215777 -0.000000
v -9.396771 5.214198 -0.000000
v -9.395277 5.613522 -0.000000
v -8.995955 5.611944 -0.000000
v -8.994459 6.011267 -0.000000
v -8.595138 6.009690 -0.000000
v -8.593641 6.409011 -0.000000
v -8.194321 6.407435 -0.000000
v -8.192823 6.806756 -0.000001
v -7.793504 6.805182 -0.000001
v -7.792006 7.204500 -0.000001
v -7.392687 7.202927 -0.000001
v -7.391188 7.602245 -0.000001
v -6.991870 7.600673 -0.000001
v 0.000000 7.800138 -0.000001
v 0.000000 7.205968 -0.000001
v -15.337286 0.000000 5.500000
v -11.662711 0.000000 5.500000
v -15.337286 0.250000 5.500000
v -15.337286 4.000000 1.750000
v -15.337286 0.250000 5.125000
v -15.337286 0.625000 5.125000
v -15.337286 0.625000 4.750000
v -15.337286 1.000000 4.750000
v -15.337286 1.000000 4.375000
v -15.337286 1.375000 4.375000
v -15.337286 1.375000 4.000000
v -15.337286 1.750000 4.000000
v -15.337286 1.750000 3.625000
v -15.337286 2.125000 3.625000
v -15.337286 2.125000 3.250000
v -15.337286 2.500000 3.250000
v -15.337286 2.500000 2.875000
v -15.337286 2.875000 2.875000
v -15.337286 2.875000 2.500000
v -15.337286 3.250000 2.500000
v -15.337286 3.250000 2.125000
v -15.337286 3.625000 2.125000
v -15.337286 3.625000 1.750000
v -11.662711 4.000000 1.816818
v -11.662711 0.250000 5.500000
v -11.662711 3.725000 1.816818
v -11.662711 3.625000 2.125000
v -11.662711 3.250000 2.125000
v -11.662711 3.250000 2.500000
v -11.662711 2.875000 2.500000
v -11.662711 2.875000 2.875000
v -11.662711 2.500000 2.875000
v -11.662711 2.500000 3.250000
v -11.662711 2.125000 3.250000
v -11.662711 2.125000 3.625000
v -11.662711 1.750000 3.625000
v -11.662711 1.750000 4.000000
v -11.662711 1.375000 4.000000
v -11.662711 1.375000 4.375000
v -11.662711 1.000000 4.375000
v -11.662711 1.000000 4.750000
v -11.662711 0.625000 4.750000
v -11.662711 0.625000 5.125000
v -11.662711 0.250000 5.125000
v -7.911502 3.749866 1.816818
v -10.599281 4.005177 1.816818
v -6.990369 7.800000 1.816817
v -4.933199 7.224999 1.816817
v -11.662711 0.025000 2.625000
v -6.911502 0.049866 2.625000
v -6.995628 5.648434 1.816818
v -10.597731 4.420288 1.816818
v -6.991870 7.600673 1.816817
v -7.391188 7.602245 1.816817
v -7.392687 7.202928 1.816817
v -7.792006 7.204501 1.816817
v -7.793504 6.805182 1.816818
v -8.192823 6.806756 1.816818
v -8.194321 6.407436 1.816818
v -8.593641 6.409011 1.816818
v -8.595138 6.009690 1.816818
v -8.994460 6.011267 1.816818
v -8.995955 5.611944 1.816818
v -9.395277 5.613522 1.816818
v -9.396771 5.214199 1.816818
v -9.796096 5.215777 1.816818
v -9.797588 4.816453 1.816818
v -10.196914 4.818033 1.816818
v -10.198405 4.418707 1.816818
v 0.000000 7.205969 1.816817
v 0.000000 7.800138 1.816817
v -11.750000 4.931240 1.300043
v -11.770000 4.931240 1.699959
v -11.770000 4.968760 1.699959
v -11.770000 4.901240 1.669959
v -11.770000 4.998760 1.669959
v -12.204240 4.931240 1.696719
v -12.204240 4.968760 1.696719
v -11.804323 4.968760 1.699719
v -11.804323 4.931240 1.699719
v -12.204240 0.940847 6.451719
v -12.174240 4.901240 1.696719
v -12.204240 0.978367 6.451719
v -12.174240 1.010847 5.301719
v -11.804323 0.978367 6.451719
v -12.174240 4.998760 1.696719
v -11.804323 1.040846 5.301720
v -11.804323 1.078367 5.301720
v -11.834323 4.901240 1.696719
v -12.204240 1.078367 5.301719
v -11.834323 4.998760 1.696719
v -12.204240 1.040846 5.301719
v -11.801943 4.901240 1.673558
v -11.801943 4.998760 1.673558
v -12.204240 4.831240 1.901719
v -12.204240 4.868760 1.901719
v -11.804323 4.868760 1.901719
v -11.804323 4.831240 1.901719
v -12.174240 4.801240 1.901719
v -12.174240 4.898760 1.901719
v -11.834323 4.801240 1.901719
v -11.834323 4.898760 1.901719
v -11.804323 0.940847 6.451719
v -12.174240 1.108367 5.301719
v -12.193475 0.924572 6.478844
v -11.834323 1.010847 5.301720
v -12.174240 0.940847 6.501719
v -11.834323 1.108367 5.301720
v -12.193475 0.994642 6.478844
v -12.200983 4.968760 1.465622
v -12.028932 4.968760 1.298087
v -12.200983 4.931240 1.465622
v -12.028932 4.931240 1.298087
v -12.170888 4.901240 1.496484
v -11.997841 4.901240 1.328555
v -12.056365 4.901240 1.427566
v -11.997841 4.998760 1.328555
v -12.170888 4.998760 1.496484
v -12.056365 4.998760 1.427566
v -12.174240 0.910847 5.501719
v -11.804323 0.940847 5.501719
v -11.804323 0.978367 5.501719
v -12.204240 0.978367 5.501719
v -12.204240 0.940847 5.501719
v -12.174240 1.008367 5.501719
v -11.834323 0.910847 5.501719
v -11.834323 1.008367 5.501719
v -12.174240 0.978367 6.501719
v -11.834323 0.940847 6.501719
v -11.834323 0.910847 6.471719
v -11.815087 0.994642 6.478844
v -11.834323 0.978367 6.501719
v -11.997726 3.616158 1.873865
v -11.997726 4.831310 1.873865
v -11.948229 3.616158 1.894367
v -11.948229 4.816310 1.894367
v -11.927726 3.616158 1.943865
v -11.927726 4.781310 1.943865
v -11.948229 3.616158 1.993362
v -11.948229 4.746310 1.993362
v -11.997726 3.616158 2.013865
v -11.997726 4.731310 2.013865
v -12.047224 3.616158 1.993362
v -12.047224 4.746310 1.993362
v -12.067726 3.616158 1.943865
v -12.067726 4.781310 1.943865
v -12.047224 3.616158 1.894367
v -12.047224 4.816310 1.894367
v -12.047224 3.991594 2.659300
v -12.047224 2.856098 2.659300
v -12.067726 3.956594 2.708797
v -12.067726 2.856098 2.708797
v -12.047224 3.921594 2.758295
v -12.047224 2.856098 2.758295
v -11.997726 3.906594 2.778797
v -11.997726 2.856098 2.778797
v -11.948229 3.921594 2.758295
v -11.948229 2.856098 2.758295
v -11.927726 3.956594 2.708797
v -11.927726 2.856098 2.708797
v -11.948229 3.991594 2.659300
v -11.948229 2.856098 2.659300
v -11.997726 4.006594 2.638797
v -11.997726 2.856098 2.638797
v -12.047224 3.150814 3.398012
v -12.047224 2.109102 3.398012
v -12.067726 3.115814 3.447509
v -12.067726 2.109102 3.447509
v -12.047224 3.080814 3.497007
v -12.047224 2.109102 3.497007
v -11.997726 3.065814 3.517509
v -11.997726 2.109102 3.517509
v -11.948229 3.080814 3.497007
v -11.948229 2.109102 3.497007
v -11.927726 3.115814 3.447509
v -11.927726 2.109102 3.447509
v -11.948229 3.150814 3.398012
v -11.948229 2.109102 3.398012
v -11.997726 3.165814 3.377509
v -11.997726 2.109102 3.377509
v -12.047224 2.329161 4.149936
v -12.047224 1.324193 4.149936
v -12.067726 2.294161 4.199434
v -12.067726 1.324193 4.199434
v -12.047224 2.259161 4.248931
v -12.047224 1.324193 4.248931
v -11.997726 2.244161 4.269433
v -11.997726 1.324193 4.269433
v -11.948229 2.259161 4.248931
v -11.948229 1.324193 4.248931
v -11.927726 2.294161 4.199434
v -11.927726 1.324193 4.199434
v -11.948229 2.329161 4.149936
v -11.948229 1.324193 4.149936
v -11.997726 2.344162 4.129434
v -11.997726 1.324193 4.129434
v -12.047224 1.526688 4.869548
v -12.047224 0.471482 4.869548
v -12.067726 1.491688 4.919045
v -12.067726 0.471482 4.919045
v -12.047224 1.456688 4.968543
v -12.047224 0.471482 4.968543
v -11.997726 1.441688 4.989045
v -11.997726 0.471482 4.989045
v -11.948229 1.456688 4.968543
v -11.948229 0.471482 4.968543
v -11.927726 1.491688 4.919045
v -11.927726 0.471482 4.919045
v -11.948229 1.526688 4.869548
v -11.948229 0.471482 4.869548
v -11.997726 1.541688 4.849045
v -11.997726 0.471482 4.849045
v -11.997726 0.010258 5.521623
v -11.997726 0.958259 5.521623
v -11.948229 0.010258 5.542126
v -11.948229 0.958259 5.542126
v -11.927726 0.010258 5.591623
v -11.927726 0.958259 5.591623
v -11.948229 0.010258 5.641121
v -11.948229 0.958259 5.641121
v -11.997726 0.010258 5.661623
v -11.997726 0.958259 5.661623
v -12.047224 0.010258 5.641121
v -12.047224 0.958259 5.641121
v -12.067726 0.010258 5.591623
v -12.067726 0.958259 5.591623
v -12.047224 0.010258 5.542126
v -12.047224 0.958259 5.542126
v -11.997726 0.010258 6.221623
v -11.997726 0.958259 6.221623
v -11.948229 0.010258 6.242126
v -11.948229 0.958259 6.242126
v -11.927726 0.010258 6.291623
v -11.927726 0.958259 6.291623
v -11.948229 0.010258 6.341121
v -11.948229 0.958259 6.341121
v -11.997726 0.010258 6.361623
v -11.997726 0.958259 6.361623
v -12.047224 0.010258 6.341121
v -12.047224 0.958259 6.341121
v -12.067726 0.010258 6.291623
v -12.067726 0.958259 6.291623
v -12.047224 0.010258 6.242126
v -12.047224 0.958259 6.242126
v -11.997726 3.979456 1.429552
v -11.997726 4.948652 1.429552
v -11.948229 3.979456 1.450054
v -11.948229 4.948652 1.450054
v -11.927726 3.979456 1.499552
v -11.927726 4.948652 1.499552
v -11.948229 3.979456 1.549049
v -11.948229 4.948652 1.549049
v -11.997726 3.979456 1.569552
v -11.997726 4.948652 1.569552
v -12.047224 3.979456 1.549049
v -12.047224 4.948652 1.549049
v -12.067726 3.979456 1.499552
v -12.067726 4.948652 1.499552
v -12.047224 3.979456 1.450054
v -12.047224 4.948652 1.450054
v -15.204241 4.931240 1.696719
v -15.204241 4.968760 1.696719
v -14.804323 4.968760 1.699719
v -14.804323 4.931240 1.699719
v -15.204241 0.940847 6.451719
v -15.174240 4.901240 1.696719
v -15.204241 0.978367 6.451719
v -15.174240 1.010847 5.301719
v -14.804323 0.978367 6.451719
v -15.174240 4.998760 1.696719
v -14.804323 1.040846 5.301720
v -14.804323 1.078367 5.301720
v -14.834324 4.901240 1.696719
v -15.204241 1.078367 5.301719
v -14.834324 4.998760 1.696719
v -15.204241 1.040846 5.301719
v -15.204241 4.831240 1.901719
v -15.204241 4.868760 1.901719
v -14.804323 4.868760 1.901719
v -14.804323 4.831240 1.901719
v -15.174240 4.801240 1.901719
v -15.174240 4.898760 1.901719
v -14.834324 4.801240 1.901719
v -14.834324 4.898760 1.901719
v -14.804323 0.940847 6.451719
v -15.174240 1.108367 5.301719
v -15.193476 0.924572 6.478844
v -14.834324 1.010847 5.301720
v -15.174240 0.940847 6.501719
v -14.834324 1.108367 5.301720
v -15.193476 0.994642 6.478844
v -15.174240 0.910847 5.501719
v -14.804323 0.940847 5.501719
v -14.804323 0.978367 5.501719
v -15.204241 0.978367 5.501719
v -15.204241 0.940847 5.501719
v -15.174240 1.008367 5.501719
v -14.834324 0.910847 5.501719
v -14.834324 1.008367 5.501719
v -15.174240 0.978367 6.501719
v -14.834324 0.940847 6.501719
v -14.834324 0.910847 6.471719
v -14.834324 1.008367 6.471719
v -14.834324 0.978367 6.501719
v -14.997726 3.616158 1.873865
v -14.997726 4.831310 1.873865
v -14.948229 3.616158 1.894367
v -14.948229 4.816310 1.894367
v -14.927727 3.616158 1.943865
v -14.927727 4.781310 1.943865
v -14.948229 3.616158 1.993362
v -14.948229 4.746310 1.993362
v -14.997726 3.616158 2.013865
v -14.997726 4.731310 2.013865
v -15.047224 3.616158 1.993362
v -15.047224 4.746310 1.993362
v -15.067726 3.616158 1.943865
v -15.067726 4.781310 1.943865
v -15.047224 3.616158 1.894367
v -15.047224 4.816310 1.894367
v -15.047224 3.991594 2.659300
v -15.047224 2.856098 2.659300
v -15.067726 3.956594 2.708797
v -15.067726 2.856098 2.708797
v -15.047224 3.921594 2.758295
v -15.047224 2.856098 2.758295
v -14.997726 3.906594 2.778797
v -14.997726 2.856098 2.778797
v -14.948229 3.921594 2.758295
v -14.948229 2.856098 2.758295
v -14.927727 3.956594 2.708797
v -14.927727 2.856098 2.708797
v -14.948229 3.991594 2.659300
v -14.948229 2.856098 2.659300
v -14.997726 4.006594 2.638797
v -14.997726 2.856098 2.638797
v -15.047224 3.150814 3.398012
v -15.047224 2.109102 3.398012
v -15.067726 3.115814 3.447509
v -15.067726 2.109102 3.447509
v -15.047224 3.080814 3.497007
v -15.047224 2.109102 3.497007
v -14.997726 3.065814 3.517509
v -14.997726 2.109102 3.517509
v -14.948229 3.080814 3.497007
v -14.948229 2.109102 3.497007
v -14.927727 3.115814 3.447509
v -14.927727 2.109102 3.447509
v -14.948229 3.150814 3.398012
v -14.948229 2.109102 3.398012
v -14.997726 3.165814 3.377509
v -14.997726 2.109102 3.377509
v -15.047224 2.329161 4.149936
v -15.047224 1.324193 4.149936
v -15.067726 2.294161 4.199434
v -15.067726 1.324193 4.199434
v -15.047224 2.259161 4.248931
v -15.047224 1.324193 4.248931
v -14.997726 2.244161 4.269433
v -14.997726 1.324193 4.269433
v -14.948229 2.259161 4.248931
v -14.948229 1.324193 4.248931
v -14.927727 2.294161 4.199434
v -14.927727 1.324193 4.199434
v -14.948229 2.329161 4.149936
v -14.948229 1.324193 4.149936
v -14.997726 2.344162 4.129434
v -14.997726 1.324193 4.129434
v -15.047224 1.526688 4.869548
v -15.047224 0.471482 4.869548
v -15.067726 1.491688 4.919045
v -15.067726 0.471482 4.919045
v -15.047224 1.456688 4.968543
v -15.047224 0.471482 4.968543
v -14.997726 1.441688 4.989045
v -14.997726 0.471482 4.989045
v -14.948229 1.456688 4.968543
v -14.948229 0.471482 4.968543
v -14.927727 1.491688 4.919045
v -14.927727 0.471482 4.919045
v -14.948229 1.526688 4.869548
v -14.948229 0.471482 4.869548
v -14.997726 1.541688 4.849045
v -14.997726 0.471482 4.849045
v -14.997726 0.010258 5.521623
v -14.997726 0.958259 5.521623
v -14.948229 0.010258 5.542126
v -14.948229 0.958259 5.542126
v -14.927727 0.010258 5.591623
v -14.927727 0.958259 5.591623
v -14.948229 0.010258 5.641121
v -14.948229 0.958259 5.641121
v -14.997726 0.010258 5.661623
v -14.997726 0.958259 5.661623
v -15.047224 0.010258 5.641121
v -15.047224 0.958259 5.641121
v -15.067726 0.010258 5.591623
v -15.067726 0.958259 5.591623
v -15.047224 0.010258 5.542126
v -15.047224 0.958259 5.542126
v -14.997726 0.010258 6.221623
v -14.997726 0.958259 6.221623
v -14.948229 0.010258 6.242126
v -14.948229 0.958259 6.242126
v -14.927727 0.010258 6.291623
v -14.927727 0.958259 6.291623
v -14.948229 0.010258 6.341121
v -14.948229 0.958259 6.341121
v -14.997726 0.010258 6.361623
v -14.997726 0.958259 6.361623
v -15.047224 0.010258 6.341121
v -15.047224 0.958259 6.341121
v -15.067726 0.010258 6.291623
v -15.067726 0.958259 6.291623
v -15.047224 0.010258 6.242126
v -15.047224 0.958259 6.242126
v -14.804323 4.968760 -0.000000
v -14.804323 4.931240 -0.000000
v -14.997726 4.000651 1.029552
v -14.997726 4.948652 1.029552
v -14.948229 4.000651 1.050054
v -14.948229 4.948652 1.050054
v -14.927726 4.000651 1.099552
v -14.927726 4.948652 1.099552
v -14.948229 4.000651 1.149049
v -14.948229 4.948652 1.149049
v -14.997726 4.000651 1.169552
v -14.997726 4.948652 1.169552
v -15.047224 4.000651 1.149049
v -15.047224 4.948652 1.149049
v -15.067726 4.000651 1.099552
v -15.067726 4.948652 1.099552
v -15.047224 4.000651 1.050054
v -15.047224 4.948652 1.050054
v -14.997726 4.000651 0.329552
v -14.997726 4.948652 0.329552
v -14.948229 4.000651 0.350054
v -14.948229 4.948652 0.350054
v -14.927726 4.000651 0.399552
v -14.927726 4.948652 0.399552
v -14.948229 4.000651 0.449049
v -14.948229 4.948652 0.449049
v -14.997726 4.000651 0.469552
v -14.997726 4.948652 0.469552
v -15.047224 4.000651 0.449049
v -15.047224 4.948652 0.449049
v -15.067726 4.000651 0.399552
v -15.067726 4.948652 0.399552
v -15.047224 4.000651 0.350054
v -15.047224 4.948652 0.350054
v -14.834324 4.998760 -0.000000
v -15.174240 4.998760 -0.000000
v -15.174240 4.901240 -0.000000
v -15.204241 4.931240 -0.000000
v -14.834324 4.901240 -0.000000
v -15.204241 4.968760 -0.000000
v -6.980000 8.931240 1.300042
v -7.000000 8.998760 1.330042
v -7.000000 8.998760 1.669958
v -0.527916 7.750079 1.429551
v -0.527916 8.948652 1.429551
v -0.478418 7.750079 1.450053
v -0.478418 8.948652 1.450053
v -0.457915 7.750079 1.499551
v -0.457915 8.948652 1.499551
v -0.478418 7.750079 1.549048
v -0.478418 8.948652 1.549048
v -0.527916 7.750079 1.569551
v -0.527916 8.948652 1.569551
v -0.577413 7.750079 1.549048
v -0.577413 8.948652 1.549048
v -0.597916 7.750079 1.499551
v -0.597916 8.948652 1.499551
v -0.577413 7.750079 1.450053
v -0.577413 8.948652 1.450053
v -1.527916 7.750079 1.429551
v -1.527916 8.948652 1.429551
v -1.478418 7.750079 1.450053
v -1.478418 8.948652 1.450053
v -1.457915 7.750079 1.499551
v -1.457915 8.948652 1.499551
v -1.478418 7.750079 1.549048
v -1.478418 8.948652 1.549048
v -1.527916 7.750079 1.569551
v -1.527916 8.948652 1.569551
v -1.577413 7.750079 1.549048
v -1.577413 8.948652 1.549048
v -1.597916 7.750079 1.499551
v -1.597916 8.948652 1.499551
v -1.577413 7.750079 1.450053
v -1.577413 8.948652 1.450053
v -2.527916 7.750079 1.429551
v -2.527916 8.948652 1.429551
v -2.478418 7.750079 1.450053
v -2.478418 8.948652 1.450053
v -2.457915 7.750079 1.499551
v -2.457915 8.948652 1.499551
v -2.478418 7.750079 1.549048
v -2.478418 8.948652 1.549048
v -2.527916 7.750079 1.569551
v -2.527916 8.948652 1.569551
v -2.577413 7.750079 1.549048
v -2.577413 8.948652 1.549048
v -2.597916 7.750079 1.499551
v -2.597916 8.948652 1.499551
v -2.577413 7.750079 1.450053
v -2.577413 8.948652 1.450053
v -3.527916 7.750079 1.429551
v -3.527916 8.948652 1.429551
v -3.478418 7.750079 1.450053
v -3.478418 8.948652 1.450053
v -3.457915 7.750079 1.499551
v -3.457915 8.948652 1.499551
v -3.478418 7.750079 1.549048
v -3.478418 8.948652 1.549048
v -3.527916 7.750079 1.569551
v -3.527916 8.948652 1.569551
v -3.577413 7.750079 1.549048
v -3.577413 8.948652 1.549048
v -3.597916 7.750079 1.499551
v -3.597916 8.948652 1.499551
v -3.577413 7.750079 1.450053
v -3.577413 8.948652 1.450053
v -4.527916 7.750079 1.429551
v -4.527916 8.948652 1.429551
v -4.478418 7.750079 1.450053
v -4.478418 8.948652 1.450053
v -4.457915 7.750079 1.499551
v -4.457915 8.948652 1.499551
v -4.478418 7.750079 1.549048
v -4.478418 8.948652 1.549048
v -4.527916 7.750079 1.569551
v -4.527916 8.948652 1.569551
v -4.577414 7.750079 1.549048
v -4.577414 8.948652 1.549048
v -4.597916 7.750079 1.499551
v -4.597916 8.948652 1.499551
v -4.577414 7.750079 1.450053
v -4.577414 8.948652 1.450053
v -5.527916 7.750079 1.429551
v -5.527916 8.948652 1.429551
v -5.478418 7.750079 1.450053
v -5.478418 8.948652 1.450053
v -5.457915 7.750079 1.499551
v -5.457915 8.948652 1.499551
v -5.478418 7.750079 1.549048
v -5.478418 8.948652 1.549048
v -5.527916 7.750079 1.569551
v -5.527916 8.948652 1.569551
v -5.577414 7.750079 1.549048
v -5.577414 8.948652 1.549048
v -5.597916 7.750079 1.499551
v -5.597916 8.948652 1.499551
v -5.577414 7.750079 1.450053
v -5.577414 8.948652 1.450053
v -6.527916 7.750079 1.429551
v -6.527916 8.948652 1.429551
v -6.478418 7.750079 1.450053
v -6.478418 8.948652 1.450053
v -6.457915 7.750079 1.499551
v -6.457915 8.948652 1.499551
v -6.478418 7.750079 1.549048
v -6.478418 8.948652 1.549048
v -6.527916 7.750079 1.569551
v -6.527916 8.948652 1.569551
v -6.577414 7.750079 1.549048
v -6.577414 8.948652 1.549048
v -6.597916 7.750079 1.499551
v -6.597916 8.948652 1.499551
v -6.577414 7.750079 1.450053
v -6.577414 8.948652 1.450053
v -10.604819 5.010847 1.332843
v -11.764820 4.978367 1.302843
v -6.999820 8.901239 1.332842
v -7.002820 8.931240 1.702759
v -7.002820 8.968760 1.702759
v -6.999820 8.968760 1.302842
v 0.000000 8.968760 1.699958
v 0.000000 8.931240 1.300042
v 0.000000 8.998760 1.330042
v 0.000000 8.998760 1.669958
v 0.000000 8.931240 1.699958
v 0.000000 8.968760 1.300042
v 0.000000 8.901239 1.330042
v 0.000000 8.901239 1.669958
v -10.604820 5.040846 1.702760
v -10.604820 5.078367 1.702760
v -6.999820 8.901239 1.672759
v -10.604819 5.078367 1.302843
v -10.604819 5.040846 1.302843
v -7.204820 8.831240 1.302842
v -7.204820 8.868760 1.302842
v -7.204820 8.868760 1.702759
v -7.204820 8.831240 1.702759
v -7.204820 8.801240 1.332842
v -7.204820 8.898760 1.332842
v -7.204820 8.801240 1.672759
v -7.204820 8.898760 1.672759
v -10.604819 5.108367 1.332843
v -11.764820 4.910847 1.332843
v -10.604820 5.010847 1.672760
v -10.604820 5.108367 1.672760
v -10.804820 4.910847 1.332843
v -10.804820 4.940846 1.702760
v -10.804820 4.978367 1.702760
v -10.804820 4.978367 1.302843
v -10.804820 4.940846 1.302843
v -10.804820 5.008368 1.332843
v -10.804820 4.910847 1.672760
v -10.804820 5.008368 1.672760
v -11.764820 5.008368 1.332843
v -7.098643 7.571403 1.509355
v -7.098643 8.893320 1.509355
v -7.119146 7.571403 1.558853
v -7.119146 8.878320 1.558853
v -7.168643 7.571403 1.579356
v -7.168643 8.843320 1.579356
v -7.218141 7.571403 1.558853
v -7.218141 8.808319 1.558853
v -7.238643 7.571403 1.509355
v -7.238643 8.793320 1.509355
v -7.218141 7.571403 1.459858
v -7.218141 8.808319 1.459858
v -7.168643 7.571403 1.439356
v -7.168643 8.843320 1.439356
v -7.119146 7.571403 1.459858
v -7.119146 8.878320 1.459858
v -7.938674 7.989572 1.459858
v -7.938674 6.769823 1.459859
v -7.988172 7.954572 1.439356
v -7.988172 6.769823 1.439357
v -8.037670 7.919572 1.459858
v -8.037670 6.769823 1.459859
v -8.058172 7.904572 1.509355
v -8.058172 6.769823 1.509356
v -8.037670 7.919572 1.558853
v -8.037670 6.769823 1.558854
v -7.988172 7.954572 1.579356
v -7.988172 6.769823 1.579357
v -7.938674 7.989572 1.558853
v -7.938674 6.769823 1.558854
v -7.918171 8.004570 1.509355
v -7.918171 6.769823 1.509356
v -8.731309 7.104980 1.459859
v -8.731309 5.979014 1.459859
v -8.780807 7.069981 1.439357
v -8.780807 5.979014 1.439357
v -8.830304 7.034980 1.459859
v -8.830304 5.979014 1.459859
v -8.850807 7.019980 1.509356
v -8.850807 5.979014 1.509356
v -8.830304 7.034980 1.558854
v -8.830304 5.979014 1.558854
v -8.780807 7.069981 1.579357
v -8.780807 5.979014 1.579357
v -8.731309 7.104980 1.558854
v -8.731309 5.979014 1.558854
v -8.710807 7.119980 1.509355
v -8.710807 5.979014 1.509356
v -9.519037 6.224565 1.459859
v -9.519037 5.170838 1.459859
v -9.568535 6.189565 1.439357
v -9.568535 5.170838 1.439357
v -9.618032 6.154565 1.459859
v -9.618032 5.170838 1.459859
v -9.638535 6.139565 1.509356
v -9.638535 5.170838 1.509356
v -9.618032 6.154565 1.558854
v -9.618032 5.170838 1.558854
v -9.568535 6.189565 1.579357
v -9.568535 5.170838 1.579357
v -9.519037 6.224565 1.558854
v -9.519037 5.170838 1.558854
v -9.498535 6.239565 1.509356
v -9.498535 5.170838 1.509356
v -10.337650 5.332568 1.459859
v -10.337650 4.277363 1.459859
v -10.387148 5.297568 1.439357
v -10.387148 4.277363 1.439357
v -10.436646 5.262568 1.459859
v -10.436646 4.277363 1.459859
v -10.457148 5.247568 1.509356
v -10.457148 4.277363 1.509356
v -10.436646 5.262568 1.558854
v -10.436646 4.277363 1.558854
v -10.387148 5.297568 1.579357
v -10.387148 4.277363 1.579357
v -10.337650 5.332568 1.558854
v -10.337650 4.277363 1.558854
v -10.317148 5.347569 1.509356
v -10.317148 4.277363 1.509356
v -10.749723 3.952022 1.459357
v -10.749723 4.958259 1.459357
v -10.770226 3.952022 1.508854
v -10.770226 4.958259 1.508854
v -10.819724 3.952022 1.529357
v -10.819724 4.958259 1.529357
v -10.869222 3.952022 1.508854
v -10.869222 4.958259 1.508854
v -10.889725 3.952022 1.459357
v -10.889725 4.958259 1.459357
v -10.869222 3.952022 1.409859
v -10.869222 4.958259 1.409859
v -10.819724 3.952022 1.389357
v -10.819724 4.958259 1.389357
v -10.770226 3.952022 1.409859
v -10.770226 4.958259 1.409859
v -11.449724 3.952022 1.459357
v -11.449724 4.958259 1.459357
v -11.470226 3.952022 1.508854
v -11.470226 4.958259 1.508854
v -11.519724 3.952022 1.529357
v -11.519724 4.958259 1.529357
v -11.569221 3.952022 1.508854
v -11.569221 4.958259 1.508854
v -11.589724 3.952022 1.459357
v -11.589724 4.958259 1.459357
v -11.569221 3.952022 1.409859
v -11.569221 4.958259 1.409859
v -11.519724 3.952022 1.389357
v -11.519724 4.958259 1.389357
v -11.470226 3.952022 1.409859
v -11.470226 4.958259 1.409859
v 15.337286 0.000000 0.000000
v 15.337286 4.000000 -0.000000
v 11.662711 4.000000 -0.000000
v 7.911502 3.749866 -0.000000
v 10.599281 4.005177 -0.000000
v 6.990369 7.800000 -0.000001
v 4.933199 7.224999 -0.000001
v 6.911502 0.049866 -0.000000
v 6.995628 5.648434 -0.000000
v 10.597731 4.420289 -0.000000
v 10.198405 4.418707 -0.000000
v 10.196913 4.818033 -0.000000
v 9.797588 4.816453 -0.000000
v 9.796095 5.215777 -0.000000
v 9.396771 5.214198 -0.000000
v 9.395277 5.613522 -0.000000
v 8.995955 5.611944 -0.000000
v 8.994459 6.011267 -0.000000
v 8.595138 6.009690 -0.000000
v 8.593641 6.409011 -0.000000
v 8.194321 6.407435 -0.000000
v 8.192823 6.806756 -0.000001
v 7.793504 6.805182 -0.000001
v 7.792006 7.204500 -0.000001
v 7.392687 7.202927 -0.000001
v 7.391188 7.602245 -0.000001
v 6.991870 7.600673 -0.000001
v 15.337286 0.000000 5.500000
v 11.662711 0.000000 5.500000
v 15.337286 0.250000 5.500000
v 15.337286 4.000000 1.750000
v 15.337286 0.250000 5.125000
v 15.337286 0.625000 5.125000
v 15.337286 0.625000 4.750000
v 15.337286 1.000000 4.750000
v 15.337286 1.000000 4.375000
v 15.337286 1.375000 4.375000
v 15.337286 1.375000 4.000000
v 15.337286 1.750000 4.000000
v 15.337286 1.750000 3.625000
v 15.337286 2.125000 3.625000
v 15.337286 2.125000 3.250000
v 15.337286 2.500000 3.250000
v 15.337286 2.500000 2.875000
v 15.337286 2.875000 2.875000
v 15.337286 2.875000 2.500000
v 15.337286 3.250000 2.500000
v 15.337286 3.250000 2.125000
v 15.337286 3.625000 2.125000
v 15.337286 3.625000 1.750000
v 11.662711 4.000000 1.816818
v 11.662711 0.250000 5.500000
v 11.662711 3.725000 1.816818
v 11.662711 3.625000 2.125000
v 11.662711 3.250000 2.125000
v 11.662711 3.250000 2.500000
v 11.662711 2.875000 2.500000
v 11.662711 2.875000 2.875000
v 11.662711 2.500000 2.875000
v 11.662711 2.500000 3.250000
v 11.662711 2.125000 3.250000
v 11.662711 2.125000 3.625000
v 11.662711 1.750000 3.625000
v 11.662711 1.750000 4.000000
v 11.662711 1.375000 4.000000
v 11.662711 1.375000 4.375000
v 11.662711 1.000000 4.375000
v 11.662711 1.000000 4.750000
v 11.662711 0.625000 4.750000
v 11.662711 0.625000 5.125000
v 11.662711 0.250000 5.125000
v 7.911502 3.749866 1.816818
v 10.599281 4.005177 1.816818
v 6.990369 7.800000 1.816817
v 4.933199 7.224999 1.816817
v 11.662711 0.025000 2.625000
v 6.911502 0.049866 2.625000
v 6.995628 5.648434 1.816818
v 10.597731 4.420288 1.816818
v 6.991870 7.600673 1.816817
v 7.391188 7.602245 1.816817
v 7.392687 7.202928 1.816817
v 7.792006 7.204501 1.816817
v 7.793504 6.805182 1.816818
v 8.192823 6.806756 1.816818
v 8.194321 6.407436 1.816818
v 8.593641 6.409011 1.816818
v 8.595138 6.009690 1.816818
v 8.994460 6.011267 1.816818
v 8.995955 5.611944 1.816818
v 9.395277 5.613522 1.816818
v 9.396771 5.214199 1.816818
v 9.796096 5.215777 1.816818
v 9.797588 4.816453 1.816818
v 10.196914 4.818033 1.816818
v 10.198405 4.418707 1.816818
v 11.750000 4.931240 1.300043
v 11.770000 4.931240 1.699959
v 11.770000 4.968760 1.699959
v 11.770000 4.901240 1.669959
v 11.770000 4.998760 1.669959
v 12.204240 4.931240 1.696719
v 12.204240 4.968760 1.696719
v 11.804323 4.968760 1.699719
v 11.804323 4.931240 1.699719
v 12.204240 0.940847 6.451719
v 12.174240 4.901240 1.696719
v 12.204240 0.978367 6.451719
v 12.174240 1.010847 5.301719
v 11.804323 0.978367 6.451719
v 12.174240 4.998760 1.696719
v 11.804323 1.040846 5.301720
v 11.804323 1.078367 5.301720
v 11.834323 4.901240 1.696719
v 12.204240 1.078367 5.301719
v 11.834323 4.998760 1.696719
v 12.204240 1.040846 5.301719
v 11.801943 4.901240 1.673558
v 11.801943 4.998760 1.673558
v 12.204240 4.831240 1.901719
v 12.204240 4.868760 1.901719
v 11.804323 4.868760 1.901719
v 11.804323 4.831240 1.901719
v 12.174240 4.801240 1.901719
v 12.174240 4.898760 1.901719
v 11.834323 4.801240 1.901719
v 11.834323 4.898760 1.901719
v 11.804323 0.940847 6.451719
v 12.174240 1.108367 5.301719
v 12.193475 0.924572 6.478844
v 11.834323 1.010847 5.301720
v 12.174240 0.940847 6.501719
v 11.834323 1.108367 5.301720
v 12.193475 0.994642 6.478844
v 12.200983 4.968760 1.465622
v 12.028932 4.968760 1.298087
v 12.200983 4.931240 1.465622
v 12.028932 4.931240 1.298087
v 12.170888 4.901240 1.496484
v 11.997841 4.901240 1.328555
v 12.056365 4.901240 1.427566
v 11.997841 4.998760 1.328555
v 12.170888 4.998760 1.496484
v 12.056365 4.998760 1.427566
v 12.174240 0.910847 5.501719
v 11.804323 0.940847 5.501719
v 11.804323 0.978367 5.501719
v 12.204240 0.978367 5.501719
v 12.204240 0.940847 5.501719
v 12.174240 1.008367 5.501719
v 11.834323 0.910847 5.501719
v 11.834323 1.008367 5.501719
v 12.174240 0.978367 6.501719
v 11.834323 0.940847 6.501719
v 11.834323 0.910847 6.471719
v 11.815087 0.994642 6.478844
v 11.834323 0.978367 6.501719
v 11.997726 3.616158 1.873865
v 11.997726 4.831310 1.873865
v 11.948229 3.616158 1.894367
v 11.948229 4.816310 1.894367
v 11.927726 3.616158 1.943865
v 11.927726 4.781310 1.943865
v 11.948229 3.616158 1.993362
v 11.948229 4.746310 1.993362
v 11.997726 3.616158 2.013865
v 11.997726 4.731310 2.013865
v 12.047224 3.616158 1.993362
v 12.047224 4.746310 1.993362
v 12.067726 3.616158 1.943865
v 12.067726 4.781310 1.943865
v 12.047224 3.616158 1.894367
v 12.047224 4.816310 1.894367
v 12.047224 3.991594 2.659300
v 12.047224 2.856098 2.659300
v 12.067726 3.956594 2.708797
v 12.067726 2.856098 2.708797
v 12.047224 3.921594 2.758295
v 12.047224 2.856098 2.758295
v 11.997726 3.906594 2.778797
v 11.997726 2.856098 2.778797
v 11.948229 3.921594 2.758295
v 11.948229 2.856098 2.758295
v 11.927726 3.956594 2.708797
v 11.927726 2.856098 2.708797
v 11.948229 3.991594 2.659300
v 11.948229 2.856098 2.659300
v 11.997726 4.006594 2.638797
v 11.997726 2.856098 2.638797
v 12.047224 3.150814 3.398012
v 12.047224 2.109102 3.398012
v 12.067726 3.115814 3.447509
v 12.067726 2.109102 3.447509
v 12.047224 3.080814 3.497007
v 12.047224 2.109102 3.497007
v 11.997726 3.065814 3.517509
v 11.997726 2.109102 3.517509
v 11.948229 3.080814 3.497007
v 11.948229 2.109102 3.497007
v 11.927726 3.115814 3.447509
v 11.927726 2.109102 3.447509
v 11.948229 3.150814 3.398012
v 11.948229 2.109102 3.398012
v 11.997726 3.165814 3.377509
v 11.997726 2.109102 3.377509
v 12.047224 2.329161 4.149936
v 12.047224 1.324193 4.149936
v 12.067726 2.294161 4.199434
v 12.067726 1.324193 4.199434
v 12.047224 2.259161 4.248931
v 12.047224 1.324193 4.248931
v 11.997726 2.244161 4.269433
v 11.997726 1.324193 4.269433
v 11.948229 2.259161 4.248931
v 11.948229 1.324193 4.248931
v 11.927726 2.294161 4.199434
v 11.927726 1.324193 4.199434
v 11.948229 2.329161 4.149936
v 11.948229 1.324193 4.149936
v 11.997726 2.344162 4.129434
v 11.997726 1.324193 4.129434
v 12.047224 1.526688 4.869548
v 12.047224 0.471482 4.869548
v 12.067726 1.491688 4.919045
v 12.067726 0.471482 4.919045
v 12.047224 1.456688 4.968543
v 12.047224 0.471482 4.968543
v 11.997726 1.441688 4.989045
v 11.997726 0.471482 4.989045
v 11.948229 1.456688 4.968543
v 11.948229 0.471482 4.968543
v 11.927726 1.491688 4.919045
v 11.927726 0.471482 4.919045
v 11.948229 1.526688 4.869548
v 11.948229 0.471482 4.869548
v 11.997726 1.541688 4.849045
v 11.997726 0.471482 4.849045
v 11.997726 0.010258 5.521623
v 11.997726 0.958259 5.521623
v 11.948229 0.010258 5.542126
v 11.948229 0.958259 5.542126
v 11.927726 0.010258 5.591623
v 11.927726 0.958259 5.591623
v 11.948229 0.010258 5.641121
v 11.948229 0.958259 5.641121
v 11.997726 0.010258 5.661623
v 11.997726 0.958259 5.661623
v 12.047224 0.010258 5.641121
v 12.047224 0.958259 5.641121
v 12.067726 0.010258 5.591623
v 12.067726 0.958259 5.591623
v 12.047224 0.010258 5.542126
v 12.047224 0.958259 5.542126
v 11.997726 0.010258 6.221623
v 11.997726 0.958259 6.221623
v 11.948229 0.010258 6.242126
v 11.948229 0.958259 6.242126
v 11.927726 0.010258 6.291623
v 11.927726 0.958259 6.291623
v 11.948229 0.010258 6.341121
v 11.948229 0.958259 6.341121
v 11.997726 0.010258 6.361623
v 11.997726 0.958259 6.361623
v 12.047224 0.010258 6.341121
v 12.047224 0.958259 6.341121
v 12.067726 0.010258 6.291623
v 12.067726 0.958259 6.291623
v 12.047224 0.010258 6.242126
v 12.047224 0.958259 6.242126
v 11.997726 3.979456 1.429552
v 11.997726 4.948652 1.429552
v 11.948229 3.979456 1.450054
v 11.948229 4.948652 1.450054
v 11.927726 3.979456 1.499552
v 11.927726 4.948652 1.499552
v 11.948229 3.979456 1.549049
v 11.948229 4.948652 1.549049
v 11.997726 3.979456 1.569552
v 11.997726 4.948652 1.569552
v 12.047224 3.979456 1.549049
v 12.047224 4.948652 1.549049
v 12.067726 3.979456 1.499552
v 12.067726 4.948652 1.499552
v 12.047224 3.979456 1.450054
v 12.047224 4.948652 1.450054
v 15.204241 4.931240 1.696719
v 15.204241 4.968760 1.696719
v 14.804323 4.968760 1.699719
v 14.804323 4.931240 1.699719
v 15.204241 0.940847 6.451719
v 15.174240 4.901240 1.696719
v 15.204241 0.978367 6.451719
v 15.174240 1.010847 5.301719
v 14.804323 0.978367 6.451719
v 15.174240 4.998760 1.696719
v 14.804323 1.040846 5.301720
v 14.804323 1.078367 5.301720
v 14.834324 4.901240 1.696719
v 15.204241 1.078367 5.301719
v 14.834324 4.998760 1.696719
v 15.204241 1.040846 5.301719
v 15.204241 4.831240 1.901719
v 15.204241 4.868760 1.901719
v 14.804323 4.868760 1.901719
v 14.804323 4.831240 1.901719
v 15.174240 4.801240 1.901719
v 15.174240 4.898760 1.901719
v 14.834324 4.801240 1.901719
v 14.834324 4.898760 1.901719
v 14.804323 0.940847 6.451719
v 15.174240 1.108367 5.301719
v 15.193476 0.924572 6.478844
v 14.834324 1.010847 5.301720
v 15.174240 0.940847 6.501719
v 14.834324 1.108367 5.301720
v 15.193476 0.994642 6.478844
v 15.174240 0.910847 5.501719
v 14.804323 0.940847 5.501719
v 14.804323 0.978367 5.501719
v 15.204241 0.978367 5.501719
v 15.204241 0.940847 5.501719
v 15.174240 1.008367 5.501719
v 14.834324 0.910847 5.501719
v 14.834324 1.008367 5.501719
v 15.174240 0.978367 6.501719
v 14.834324 0.940847 6.501719
v 14.834324 0.910847 6.471719
v 14.834324 1.008367 6.471719
v 14.834324 0.978367 6.501719
v 14.997726 3.616158 1.873865
v 14.997726 4.831310 1.873865
v 14.948229 3.616158 1.894367
v 14.948229 4.816310 1.894367
v 14.927727 3.616158 1.943865
v 14.927727 4.781310 1.943865
v 14.948229 3.616158 1.993362
v 14.948229 4.746310 1.993362
v 14.997726 3.616158 2.013865
v 14.997726 4.731310 2.013865
v 15.047224 3.616158 1.993362
v 15.047224 4.746310 1.993362
v 15.067726 3.616158 1.943865
v 15.067726 4.781310 1.943865
v 15.047224 3.616158 1.894367
v 15.047224 4.816310 1.894367
v 15.047224 3.991594 2.659300
v 15.047224 2.856098 2.659300
v 15.067726 3.956594 2.708797
v 15.067726 2.856098 2.708797
v 15.047224 3.921594 2.758295
v 15.047224 2.856098 2.758295
v 14.997726 3.906594 2.778797
v 14.997726 2.856098 2.778797
v 14.948229 3.921594 2.758295
v 14.948229 2.856098 2.758295
v 14.927727 3.956594 2.708797
v 14.927727 2.856098 2.708797
v 14.948229 3.991594 2.659300
v 14.948229 2.856098 2.659300
v 14.997726 4.006594 2.638797
v 14.997726 2.856098 2.638797
v 15.047224 3.150814 3.398012
v 15.047224 2.109102 3.398012
v 15.067726 3.115814 3.447509
v 15.067726 2.109102 3.447509
v 15.047224 3.080814 3.497007
v 15.047224 2.109102 3.497007
v 14.997726 3.065814 3.517509
v 14.997726 2.109102 3.517509
v 14.948229 3.080814 3.497007
v 14.948229 2.109102 3.497007
v 14.927727 3.115814 3.447509
v 14.927727 2.109102 3.447509
v 14.948229 3.150814 3.398012
v 14.948229 2.109102 3.398012
v 14.997726 3.165814 3.377509
v 14.997726 2.109102 3.377509
v 15.047224 2.329161 4.149936
v 15.047224 1.324193 4.149936
v 15.067726 2.294161 4.199434
v 15.067726 1.324193 4.199434
v 15.047224 2.259161 4.248931
v 15.047224 1.324193 4.248931
v 14.997726 2.244161 4.269433
v 14.997726 1.324193 4.269433
v 14.948229 2.259161 4.248931
v 14.948229 1.324193 4.248931
v 14.927727 2.294161 4.199434
v 14.927727 1.324193 4.199434
v 14.948229 2.329161 4.149936
v 14.948229 1.324193 4.149936
v 14.997726 2.344162 4.129434
v 14.997726 1.324193 4.129434
v 15.047224 1.526688 4.869548
v 15.047224 0.471482 4.869548
v 15.067726 1.491688 4.919045
v 15.067726 0.471482 4.919045
v 15.047224 1.456688 4.968543
v 15.047224 0.471482 4.968543
v 14.997726 1.441688 4.989045
v 14.997726 0.471482 4.989045
v 14.948229 1.456688 4.968543
v 14.948229 0.471482 4.968543
v 14.927727 1.491688 4.919045
v 14.927727 0.471482 4.919045
v 14.948229 1.526688 4.869548
v 14.948229 0.471482 4.869548
v 14.997726 1.541688 4.849045
v 14.997726 0.471482 4.849045
v 14.997726 0.010258 5.521623
v 14.997726 0.958259 5.521623
v 14.948229 0.010258 5.542126
v 14.948229 0.958259 5.542126
v 14.927727 0.010258 5.591623
v 14.927727 0.958259 5.591623
v 14.948229 0.010258 5.641121
v 14.948229 0.958259 5.641121
v 14.997726 0.010258 5.661623
v 14.997726 0.958259 5.661623
v 15.047224 0.010258 5.641121
v 15.047224 0.958259 5.641121
v 15.067726 0.010258 5.591623
v 15.067726 0.958259 5.591623
v 15.047224 0.010258 5.542126
v 15.047224 0.958259 5.542126
v 14.997726 0.010258 6.221623
v 14.997726 0.958259 6.221623
v 14.948229 0.010258 6.242126
v 14.948229 0.958259 6.242126
v 14.927727 0.010258 6.291623
v 14.927727 0.958259 6.291623
v 14.948229 0.010258 6.341121
v 14.948229 0.958259 6.341121
v 14.997726 0.010258 6.361623
v 14.997726 0.958259 6.361623
v 15.047224 0.010258 6.341121
v 15.047224 0.958259 6.341121
v 15.067726 0.010258 6.291623
v 15.067726 0.958259 6.291623
v 15.047224 0.010258 6.242126
v 15.047224 0.958259 6.242126
v 14.804323 4.968760 -0.000000
v 14.804323 4.931240 -0.000000
v 14.997726 4.000651 1.029552
v 14.997726 4.948652 1.029552
v 14.948229 4.000651 1.050054
v 14.948229 4.948652 1.050054
v 14.927726 4.000651 1.099552
v 14.927726 4.948652 1.099552
v 14.948229 4.000651 1.149049
v 14.948229 4.948652 1.149049
v 14.997726 4.000651 1.169552
v 14.997726 4.948652 1.169552
v 15.047224 4.000651 1.149049
v 15.047224 4.948652 1.149049
v 15.067726 4.000651 1.099552
v 15.067726 4.948652 1.099552
v 15.047224 4.000651 1.050054
v 15.047224 4.948652 1.050054
v 14.997726 4.000651 0.329552
v 14.997726 4.948652 0.329552
v 14.948229 4.000651 0.350054
v 14.948229 4.948652 0.350054
v 14.927726 4.000651 0.399552
v 14.927726 4.948652 0.399552
v 14.948229 4.000651 0.449049
v 14.948229 4.948652 0.449049
v 14.997726 4.000651 0.469552
v 14.997726 4.948652 0.469552
v 15.047224 4.000651 0.449049
v 15.047224 4.948652 0.449049
v 15.067726 4.000651 0.399552
v 15.067726 4.948652 0.399552
v 15.047224 4.000651 0.350054
v 15.047224 4.948652 0.350054
v 14.834324 4.998760 -0.000000
v 15.174240 4.998760 -0.000000
v 15.174240 4.901240 -0.000000
v 15.204241 4.931240 -0.000000
v 14.834324 4.901240 -0.000000
v 15.204241 4.968760 -0.000000
v 6.980000 8.931240 1.300042
v 7.000000 8.998760 1.330042
v 7.000000 8.998760 1.669958
v 0.527916 7.750079 1.429551
v 0.527916 8.948652 1.429551
v 0.478418 7.750079 1.450053
v 0.478418 8.948652 1.450053
v 0.457915 7.750079 1.499551
v 0.457915 8.948652 1.499551
v 0.478418 7.750079 1.549048
v 0.478418 8.948652 1.549048
v 0.527916 7.750079 1.569551
v 0.527916 8.948652 1.569551
v 0.577413 7.750079 1.549048
v 0.577413 8.948652 1.549048
v 0.597916 7.750079 1.499551
v 0.597916 8.948652 1.499551
v 0.577413 7.750079 1.450053
v 0.577413 8.948652 1.450053
v 1.527916 7.750079 1.429551
v 1.527916 8.948652 1.429551
v 1.478418 7.750079 1.450053
v 1.478418 8.948652 1.450053
v 1.457915 7.750079 1.499551
v 1.457915 8.948652 1.499551
v 1.478418 7.750079 1.549048
v 1.478418 8.948652 1.549048
v 1.527916 7.750079 1.569551
v 1.527916 8.948652 1.569551
v 1.577413 7.750079 1.549048
v 1.577413 8.948652 1.549048
v 1.597916 7.750079 1.499551
v 1.597916 8.948652 1.499551
v 1.577413 7.750079 1.450053
v 1.577413 8.948652 1.450053
v 2.527916 7.750079 1.429551
v 2.527916 8.948652 1.429551
v 2.478418 7.750079 1.450053
v 2.478418 8.948652 1.450053
v 2.457915 7.750079 1.499551
v 2.457915 8.948652 1.499551
v 2.478418 7.750079 1.549048
v 2.478418 8.948652 1.549048
v 2.527916 7.750079 1.569551
v 2.527916 8.948652 1.569551
v 2.577413 7.750079 1.549048
v 2.577413 8.948652 1.549048
v 2.597916 7.750079 1.499551
v 2.597916 8.948652 1.499551
v 2.577413 7.750079 1.450053
v 2.577413 8.948652 1.450053
v 3.527916 7.750079 1.429551
v 3.527916 8.948652 1.429551
v 3.478418 7.750079 1.450053
v 3.478418 8.948652 1.450053
v 3.457915 7.750079 1.499551
v 3.457915 8.948652 1.499551
v 3.478418 7.750079 1.549048
v 3.478418 8.948652 1.549048
v 3.527916 7.750079 1.569551
v 3.527916 8.948652 1.569551
v 3.577413 7.750079 1.549048
v 3.577413 8.948652 1.549048
v 3.597916 7.750079 1.499551
v 3.597916 8.948652 1.499551
v 3.577413 7.750079 1.450053
v 3.577413 8.948652 1.450053
v 4.527916 7.750079 1.429551
v 4.527916 8.948652 1.429551
v 4.478418 7.750079 1.450053
v 4.478418 8.948652 1.450053
v 4.457915 7.750079 1.499551
v 4.457915 8.948652 1.499551
v 4.478418 7.750079 1.549048
v 4.478418 8.948652 1.549048
v 4.527916 7.750079 1.569551
v 4.527916 8.948652 1.569551
v 4.577414 7.750079 1.549048
v 4.577414 8.948652 1.549048
v 4.597916 7.750079 1.499551
v 4.597916 8.948652 1.499551
v 4.577414 7.750079 1.450053
v 4.577414 8.948652 1.450053
v 5.527916 7.750079 1.429551
v 5.527916 8.948652 1.429551
v 5.478418 7.750079 1.450053
v 5.478418 8.948652 1.450053
v 5.457915 7.750079 1.499551
v 5.457915 8.948652 1.499551
v 5.478418 7.750079 1.549048
v 5.478418 8.948652 1.549048
v 5.527916 7.750079 1.569551
v 5.527916 8.948652 1.569551
v 5.577414 7.750079 1.549048
v 5.577414 8.948652 1.549048
v 5.597916 7.750079 1.499551
v 5.597916 8.948652 1.499551
v 5.577414 7.750079 1.450053
v 5.577414 8.948652 1.450053
v 6.527916 7.750079 1.429551
v 6.527916 8.948652 1.429551
v 6.478418 7.750079 1.450053
v 6.478418 8.948652 1.450053
v 6.457915 7.750079 1.499551
v 6.457915 8.948652 1.499551
v 6.478418 7.750079 1.549048
v 6.478418 8.948652 1.549048
v 6.527916 7.750079 1.569551
v 6.527916 8.948652 1.569551
v 6.577414 7.750079 1.549048
v 6.577414 8.948652 1.549048
v 6.597916 7.750079 1.499551
v 6.597916 8.948652 1.499551
v 6.577414 7.750079 1.450053
v 6.577414 8.948652 1.450053
v 10.604819 5.010847 1.332843
v 11.764820 4.978367 1.302843
v 6.999820 8.901239 1.332842
v 7.002820 8.931240 1.702759
v 7.002820 8.968760 1.702759
v 6.999820 8.968760 1.302842
v 10.604820 5.040846 1.702760
v 10.604820 5.078367 1.702760
v 6.999820 8.901239 1.672759
v 10.604819 5.078367 1.302843
v 10.604819 5.040846 1.302843
v 7.204820 8.831240 1.302842
v 7.204820 8.868760 1.302842
v 7.204820 8.868760 1.702759
v 7.204820 8.831240 1.702759
v 7.204820 8.801240 1.332842
v 7.204820 8.898760 1.332842
v 7.204820 8.801240 1.672759
v 7.204820 8.898760 1.672759
v 10.604819 5.108367 1.332843
v 11.764820 4.910847 1.332843
v 10.604820 5.010847 1.672760
v 10.604820 5.108367 1.672760
v 10.804820 4.910847 1.332843
v 10.804820 4.940846 1.702760
v 10.804820 4.978367 1.702760
v 10.804820 4.978367 1.302843
v 10.804820 4.940846 1.302843
v 10.804820 5.008368 1.332843
v 10.804820 4.910847 1.672760
v 10.804820 5.008368 1.672760
v 11.764820 5.008368 1.332843
v 7.098643 7.571403 1.509355
v 7.098643 8.893320 1.509355
v 7.119146 7.571403 1.558853
v 7.119146 8.878320 1.558853
v 7.168643 7.571403 1.579356
v 7.168643 8.843320 1.579356
v 7.218141 7.571403 1.558853
v 7.218141 8.808319 1.558853
v 7.238643 7.571403 1.509355
v 7.238643 8.793320 1.509355
v 7.218141 7.571403 1.459858
v 7.218141 8.808319 1.459858
v 7.168643 7.571403 1.439356
v 7.168643 8.843320 1.439356
v 7.119146 7.571403 1.459858
v 7.119146 8.878320 1.459858
v 7.938674 7.989572 1.459858
v 7.938674 6.769823 1.459859
v 7.988172 7.954572 1.439356
v 7.988172 6.769823 1.439357
v 8.037670 7.919572 1.459858
v 8.037670 6.769823 1.459859
v 8.058172 7.904572 1.509355
v 8.058172 6.769823 1.509356
v 8.037670 7.919572 1.558853
v 8.037670 6.769823 1.558854
v 7.988172 7.954572 1.579356
v 7.988172 6.769823 1.579357
v 7.938674 7.989572 1.558853
v 7.938674 6.769823 1.558854
v 7.918171 8.004570 1.509355
v 7.918171 6.769823 1.509356
v 8.731309 7.104980 1.459859
v 8.731309 5.979014 1.459859
v 8.780807 7.069981 1.439357
v 8.780807 5.979014 1.439357
v 8.830304 7.034980 1.459859
v 8.830304 5.979014 1.459859
v 8.850807 7.019980 1.509356
v 8.850807 5.979014 1.509356
v 8.830304 7.034980 1.558854
v 8.830304 5.979014 1.558854
v 8.780807 7.069981 1.579357
v 8.780807 5.979014 1.579357
v 8.731309 7.104980 1.558854
v 8.731309 5.979014 1.558854
v 8.710807 7.119980 1.509355
v 8.710807 5.979014 1.509356
v 9.519037 6.224565 1.459859
v 9.519037 5.170838 1.459859
v 9.568535 6.189565 1.439357
v 9.568535 5.170838 1.439357
v 9.618032 6.154565 1.459859
v 9.618032 5.170838 1.459859
v 9.638535 6.139565 1.509356
v 9.638535 5.170838 1.509356
v 9.618032 6.154565 1.558854
v 9.618032 5.170838 1.558854
v 9.568535 6.189565 1.579357
v 9.568535 5.170838 1.579357
v 9.519037 6.224565 1.558854
v 9.519037 5.170838 1.558854
v 9.498535 6.239565 1.509356
v 9.498535 5.170838 1.509356
v 10.337650 5.332568 1.459859
v 10.337650 4.277363 1.459859
v 10.387148 5.297568 1.439357
v 10.387148 4.277363 1.439357
v 10.436646 5.262568 1.459859
v 10.436646 4.277363 1.459859
v 10.457148 5.247568 1.509356
v 10.457148 4.277363 1.509356
v 10.436646 5.262568 1.558854
v 10.436646 4.277363 1.558854
v 10.387148 5.297568 1.579357
v 10.387148 4.277363 1.579357
v 10.337650 5.332568 1.558854
v 10.337650 4.277363 1.558854
v 10.317148 5.347569 1.509356
v 10.317148 4.277363 1.509356
v 10.749723 3.952022 1.459357
v 10.749723 4.958259 1.459357
v 10.770226 3.952022 1.508854
v 10.770226 4.958259 1.508854
v 10.819724 3.952022 1.529357
v 10.819724 4.958259 1.529357
v 10.869222 3.952022 1.508854
v 10.869222 4.958259 1.508854
v 10.889725 3.952022 1.459357
v 10.889725 4.958259 1.459357
v 10.869222 3.952022 1.409859
v 10.869222 4.958259 1.409859
v 10.819724 3.952022 1.389357
v 10.819724 4.958259 1.389357
v 10.770226 3.952022 1.409859
v 10.770226 4.958259 1.409859
v 11.449724 3.952022 1.459357
v 11.449724 4.958259 1.459357
v 11.470226 3.952022 1.508854
v 11.470226 4.958259 1.508854
v 11.519724 3.952022 1.529357
v 11.519724 4.958259 1.529357
v 11.569221 3.952022 1.508854
v 11.569221 4.958259 1.508854
v 11.589724 3.952022 1.459357
v 11.589724 4.958259 1.459357
v 11.569221 3.952022 1.409859
v 11.569221 4.958259 1.409859
v 11.519724 3.952022 1.389357
v 11.519724 4.958259 1.389357
v 11.470226 3.952022 1.409859
v 11.470226 4.958259 1.409859
v -15.337286 -0.000000 -5.500000
v -11.662711 -0.000000 -5.500000
v -15.337286 0.250000 -5.500000
v -15.337286 4.000000 -1.750000
v -15.337286 0.250000 -5.125000
v -15.337286 0.625000 -5.125000
v -15.337286 0.625000 -4.750000
v -15.337286 1.000000 -4.750000
v -15.337286 1.000000 -4.375000
v -15.337286 1.375000 -4.375000
v -15.337286 1.375000 -4.000000
v -15.337286 1.750000 -4.000000
v -15.337286 1.750000 -3.625000
v -15.337286 2.125000 -3.625000
v -15.337286 2.125000 -3.250000
v -15.337286 2.500000 -3.250000
v -15.337286 2.500000 -2.875000
v -15.337286 2.875000 -2.875000
v -15.337286 2.875000 -2.500000
v -15.337286 3.250000 -2.500000
v -15.337286 3.250000 -2.125000
v -15.337286 3.625000 -2.125000
v -15.337286 3.625000 -1.750000
v -11.662711 4.000000 -1.816818
v -11.662711 0.250000 -5.500000
v -11.662711 3.725000 -1.816818
v -11.662711 3.625000 -2.125000
v -11.662711 3.250000 -2.125000
v -11.662711 3.250000 -2.500000
v -11.662711 2.875000 -2.500000
v -11.662711 2.875000 -2.875000
v -11.662711 2.500000 -2.875000
v -11.662711 2.500000 -3.250000
v -11.662711 2.125000 -3.250000
v -11.662711 2.125000 -3.625000
v -11.662711 1.750000 -3.625000
v -11.662711 1.750000 -4.000000
v -11.662711 1.375000 -4.000000
v -11.662711 1.375000 -4.375000
v -11.662711 1.000000 -4.375000
v -11.662711 1.000000 -4.750000
v -11.662711 0.625000 -4.750000
v -11.662711 0.625000 -5.125000
v -11.662711 0.250000 -5.125000
v -7.911502 3.749866 -1.816818
v -10.599281 4.005177 -1.816818
v -6.990369 7.800000 -1.816819
v -4.933199 7.224999 -1.816819
v -11.662711 0.025000 -2.625000
v -6.911502 0.049866 -2.625000
v -6.995628 5.648434 -1.816818
v -10.597731 4.420288 -1.816818
v -6.991870 7.600673 -1.816819
v -7.391188 7.602245 -1.816819
v -7.392687 7.202928 -1.816819
v -7.792006 7.204501 -1.816819
v -7.793504 6.805182 -1.816818
v -8.192823 6.806756 -1.816818
v -8.194321 6.407436 -1.816818
v -8.593641 6.409011 -1.816818
v -8.595138 6.009690 -1.816818
v -8.994460 6.011267 -1.816818
v -8.995955 5.611944 -1.816818
v -9.395277 5.613522 -1.816818
v -9.396771 5.214199 -1.816818
v -9.796096 5.215777 -1.816818
v -9.797588 4.816453 -1.816818
v -10.196914 4.818033 -1.816818
v -10.198405 4.418707 -1.816818
v 0.000000 7.205969 -1.816819
v 0.000000 7.800138 -1.816819
v -11.750000 4.931240 -1.300043
v -11.770000 4.931240 -1.699959
v -11.770000 4.968760 -1.699959
v -11.770000 4.901240 -1.669959
v -11.770000 4.998760 -1.669959
v -12.204240 4.931240 -1.696719
v -12.204240 4.968760 -1.696719
v -11.804323 4.968760 -1.699719
v -11.804323 4.931240 -1.699719
v -12.204240 0.940847 -6.451719
v -12.174240 4.901240 -1.696719
v -12.204240 0.978366 -6.451719
v -12.174240 1.010847 -5.301719
v -11.804323 0.978366 -6.451719
v -12.174240 4.998760 -1.696719
v -11.804323 1.040846 -5.301720
v -11.804323 1.078367 -5.301720
v -11.834323 4.901240 -1.696719
v -12.204240 1.078367 -5.301719
v -11.834323 4.998760 -1.696719
v -12.204240 1.040846 -5.301719
v -11.801943 4.901240 -1.673558
v -11.801943 4.998760 -1.673558
v -12.204240 4.831240 -1.901719
v -12.204240 4.868760 -1.901719
v -11.804323 4.868760 -1.901719
v -11.804323 4.831240 -1.901719
v -12.174240 4.801240 -1.901719
v -12.174240 4.898760 -1.901719
v -11.834323 4.801240 -1.901719
v -11.834323 4.898760 -1.901719
v -11.804323 0.940847 -6.451719
v -12.174240 1.108367 -5.301719
v -12.193475 0.924572 -6.478844
v -11.834323 1.010847 -5.301720
v -12.174240 0.940847 -6.501719
v -11.834323 1.108367 -5.301720
v -12.193475 0.994642 -6.478844
v -12.200983 4.968760 -1.465622
v -12.028932 4.968760 -1.298087
v -12.200983 4.931240 -1.465622
v -12.028932 4.931240 -1.298087
v -12.170888 4.901240 -1.496484
v -11.997841 4.901240 -1.328555
v -12.056365 4.901240 -1.427566
v -11.997841 4.998760 -1.328555
v -12.170888 4.998760 -1.496484
v -12.056365 4.998760 -1.427566
v -12.174240 0.910847 -5.501719
v -11.804323 0.940847 -5.501719
v -11.804323 0.978367 -5.501719
v -12.204240 0.978367 -5.501719
v -12.204240 0.940847 -5.501719
v -12.174240 1.008367 -5.501719
v -11.834323 0.910847 -5.501719
v -11.834323 1.008367 -5.501719
v -12.174240 0.978366 -6.501719
v -11.834323 0.940847 -6.501719
v -11.834323 0.910847 -6.471719
v -11.815087 0.994642 -6.478844
v -11.834323 0.978366 -6.501719
v -11.997726 3.616158 -1.873865
v -11.997726 4.831310 -1.873865
v -11.948229 3.616158 -1.894367
v -11.948229 4.816310 -1.894367
v -11.927726 3.616158 -1.943865
v -11.927726 4.781310 -1.943865
v -11.948229 3.616158 -1.993362
v -11.948229 4.746310 -1.993362
v -11.997726 3.616158 -2.013865
v -11.997726 4.731310 -2.013865
v -12.047224 3.616158 -1.993362
v -12.047224 4.746310 -1.993362
v -12.067726 3.616158 -1.943865
v -12.067726 4.781310 -1.943865
v -12.047224 3.616158 -1.894367
v -12.047224 4.816310 -1.894367
v -12.047224 3.991594 -2.659300
v -12.047224 2.856098 -2.659300
v -12.067726 3.956594 -2.708797
v -12.067726 2.856098 -2.708797
v -12.047224 3.921594 -2.758295
v -12.047224 2.856098 -2.758295
v -11.997726 3.906594 -2.778797
v -11.997726 2.856098 -2.778797
v -11.948229 3.921594 -2.758295
v -11.948229 2.856098 -2.758295
v -11.927726 3.956594 -2.708797
v -11.927726 2.856098 -2.708797
v -11.948229 3.991594 -2.659300
v -11.948229 2.856098 -2.659300
v -11.997726 4.006594 -2.638797
v -11.997726 2.856098 -2.638797
v -12.047224 3.150814 -3.398012
v -12.047224 2.109102 -3.398012
v -12.067726 3.115814 -3.447509
v -12.067726 2.109102 -3.447509
v -12.047224 3.080814 -3.497007
v -12.047224 2.109102 -3.497007
v -11.997726 3.065814 -3.517509
v -11.997726 2.109102 -3.517509
v -11.948229 3.080814 -3.497007
v -11.948229 2.109102 -3.497007
v -11.927726 3.115814 -3.447509
v -11.927726 2.109102 -3.447509
v -11.948229 3.150814 -3.398012
v -11.948229 2.109102 -3.398012
v -11.997726 3.165814 -3.377509
v -11.997726 2.109102 -3.377509
v -12.047224 2.329161 -4.149936
v -12.047224 1.324193 -4.149936
v -12.067726 2.294161 -4.199434
v -12.067726 1.324193 -4.199434
v -12.047224 2.259161 -4.248931
v -12.047224 1.324193 -4.248931
v -11.997726 2.244161 -4.269433
v -11.997726 1.324193 -4.269433
v -11.948229 2.259161 -4.248931
v -11.948229 1.324193 -4.248931
v -11.927726 2.294161 -4.199434
v -11.927726 1.324193 -4.199434
v -11.948229 2.329161 -4.149936
v -11.948229 1.324193 -4.149936
v -11.997726 2.344162 -4.129434
v -11.997726 1.324193 -4.129434
v -12.047224 1.526688 -4.869548
v -12.047224 0.471482 -4.869548
v -12.067726 1.491688 -4.919045
v -12.067726 0.471482 -4.919045
v -12.047224 1.456688 -4.968543
v -12.047224 0.471482 -4.968543
v -11.997726 1.441688 -4.989045
v -11.997726 0.471482 -4.989045
v -11.948229 1.456688 -4.968543
v -11.948229 0.471482 -4.968543
v -11.927726 1.491688 -4.919045
v -11.927726 0.471482 -4.919045
v -11.948229 1.526688 -4.869548
v -11.948229 0.471482 -4.869548
v -11.997726 1.541688 -4.849045
v -11.997726 0.471482 -4.849045
v -11.997726 0.010258 -5.521623
v -11.997726 0.958259 -5.521623
v -11.948229 0.010258 -5.542126
v -11.948229 0.958259 -5.542126
v -11.927726 0.010258 -5.591623
v -11.927726 0.958259 -5.591623
v -11.948229 0.010258 -5.641121
v -11.948229 0.958259 -5.641121
v -11.997726 0.010258 -5.661623
v -11.997726 0.958259 -5.661623
v -12.047224 0.010258 -5.641121
v -12.047224 0.958259 -5.641121
v -12.067726 0.010258 -5.591623
v -12.067726 0.958259 -5.591623
v -12.047224 0.010258 -5.542126
v -12.047224 0.958259 -5.542126
v -11.997726 0.010258 -6.221623
v -11.997726 0.958259 -6.221623
v -11.948229 0.010258 -6.242126
v -11.948229 0.958259 -6.242126
v -11.927726 0.010258 -6.291623
v -11.927726 0.958259 -6.291623
v -11.948229 0.010258 -6.341121
v -11.948229 0.958259 -6.341121
v -11.997726 0.010258 -6.361623
v -11.997726 0.958259 -6.361623
v -12.047224 0.010258 -6.341121
v -12.047224 0.958259 -6.341121
v -12.067726 0.010258 -6.291623
v -12.067726 0.958259 -6.291623
v -12.047224 0.010258 -6.242126
v -12.047224 0.958259 -6.242126
v -11.997726 3.979456 -1.429552
v -11.997726 4.948652 -1.429552
v -11.948229 3.979456 -1.450054
v -11.948229 4.948652 -1.450054
v -11.927726 3.979456 -1.499552
v -11.927726 4.948652 -1.499552
v -11.948229 3.979456 -1.549049
v -11.948229 4.948652 -1.549049
v -11.997726 3.979456 -1.569552
v -11.997726 4.948652 -1.569552
v -12.047224 3.979456 -1.549049
v -12.047224 4.948652 -1.549049
v -12.067726 3.979456 -1.499552
v -12.067726 4.948652 -1.499552
v -12.047224 3.979456 -1.450054
v -12.047224 4.948652 -1.450054
v -15.204241 4.931240 -1.696719
v -15.204241 4.968760 -1.696719
v -14.804323 4.968760 -1.699719
v -14.804323 4.931240 -1.699719
v -15.204241 0.940847 -6.451719
v -15.174240 4.901240 -1.696719
v -15.204241 0.978366 -6.451719
v -15.174240 1.010847 -5.301719
v -14.804323 0.978366 -6.451719
v -15.174240 4.998760 -1.696719
v -14.804323 1.040846 -5.301720
v -14.804323 1.078367 -5.301720
v -14.834324 4.901240 -1.696719
v -15.204241 1.078367 -5.301719
v -14.834324 4.998760 -1.696719
v -15.204241 1.040846 -5.301719
v -15.204241 4.831240 -1.901719
v -15.204241 4.868760 -1.901719
v -14.804323 4.868760 -1.901719
v -14.804323 4.831240 -1.901719
v -15.174240 4.801240 -1.901719
v -15.174240 4.898760 -1.901719
v -14.834324 4.801240 -1.901719
v -14.834324 4.898760 -1.901719
v -14.804323 0.940847 -6.451719
v -15.174240 1.108367 -5.301719
v -15.193476 0.924572 -6.478844
v -14.834324 1.010847 -5.301720
v -15.174240 0.940847 -6.501719
v -14.834324 1.108367 -5.301720
v -15.193476 0.994642 -6.478844
v -15.174240 0.910847 -5.501719
v -14.804323 0.940847 -5.501719
v -14.804323 0.978367 -5.501719
v -15.204241 0.978367 -5.501719
v -15.204241 0.940847 -5.501719
v -15.174240 1.008367 -5.501719
v -14.834324 0.910847 -5.501719
v -14.834324 1.008367 -5.501719
v -15.174240 0.978366 -6.501719
v -14.834324 0.940847 -6.501719
v -14.834324 0.910847 -6.471719
v -14.834324 1.008366 -6.471719
v -14.834324 0.978366 -6.501719
v -14.997726 3.616158 -1.873865
v -14.997726 4.831310 -1.873865
v -14.948229 3.616158 -1.894367
v -14.948229 4.816310 -1.894367
v -14.927727 3.616158 -1.943865
v -14.927727 4.781310 -1.943865
v -14.948229 3.616158 -1.993362
v -14.948229 4.746310 -1.993362
v -14.997726 3.616158 -2.013865
v -14.997726 4.731310 -2.013865
v -15.047224 3.616158 -1.993362
v -15.047224 4.746310 -1.993362
v -15.067726 3.616158 -1.943865
v -15.067726 4.781310 -1.943865
v -15.047224 3.616158 -1.894367
v -15.047224 4.816310 -1.894367
v -15.047224 3.991594 -2.659300
v -15.047224 2.856098 -2.659300
v -15.067726 3.956594 -2.708797
v -15.067726 2.856098 -2.708797
v -15.047224 3.921594 -2.758295
v -15.047224 2.856098 -2.758295
v -14.997726 3.906594 -2.778797
v -14.997726 2.856098 -2.778797
v -14.948229 3.921594 -2.758295
v -14.948229 2.856098 -2.758295
v -14.927727 3.956594 -2.708797
v -14.927727 2.856098 -2.708797
v -14.948229 3.991594 -2.659300
v -14.948229 2.856098 -2.659300
v -14.997726 4.006594 -2.638797
v -14.997726 2.856098 -2.638797
v -15.047224 3.150814 -3.398012
v -15.047224 2.109102 -3.398012
v -15.067726 3.115814 -3.447509
v -15.067726 2.109102 -3.447509
v -15.047224 3.080814 -3.497007
v -15.047224 2.109102 -3.497007
v -14.997726 3.065814 -3.517509
v -14.997726 2.109102 -3.517509
v -14.948229 3.080814 -3.497007
v -14.948229 2.109102 -3.497007
v -14.927727 3.115814 -3.447509
v -14.927727 2.109102 -3.447509
v -14.948229 3.150814 -3.398012
v -14.948229 2.109102 -3.398012
v -14.997726 3.165814 -3.377509
v -14.997726 2.109102 -3.377509
v -15.047224 2.329161 -4.149936
v -15.047224 1.324193 -4.149936
v -15.067726 2.294161 -4.199434
v -15.067726 1.324193 -4.199434
v -15.047224 2.259161 -4.248931
v -15.047224 1.324193 -4.248931
v -14.997726 2.244161 -4.269433
v -14.997726 1.324193 -4.269433
v -14.948229 2.259161 -4.248931
v -14.948229 1.324193 -4.248931
v -14.927727 2.294161 -4.199434
v -14.927727 1.324193 -4.199434
v -14.948229 2.329161 -4.149936
v -14.948229 1.324193 -4.149936
v -14.997726 2.344162 -4.129434
v -14.997726 1.324193 -4.129434
v -15.047224 1.526688 -4.869548
v -15.047224 0.471482 -4.869548
v -15.067726 1.491688 -4.919045
v -15.067726 0.471482 -4.919045
v -15.047224 1.456688 -4.968543
v -15.047224 0.471482 -4.968543
v -14.997726 1.441688 -4.989045
v -14.997726 0.471482 -4.989045
v -14.948229 1.456688 -4.968543
v -14.948229 0.471482 -4.968543
v -14.927727 1.491688 -4.919045
v -14.927727 0.471482 -4.919045
v -14.948229 1.526688 -4.869548
v -14.948229 0.471482 -4.869548
v -14.997726 1.541688 -4.849045
v -14.997726 0.471482 -4.849045
v -14.997726 0.010258 -5.521623
v -14.997726 0.958259 -5.521623
v -14.948229 0.010258 -5.542126
v -14.948229 0.958259 -5.542126
v -14.927727 0.010258 -5.591623
v -14.927727 0.958259 -5.591623
v -14.948229 0.010258 -5.641121
v -14.948229 0.958259 -5.641121
v -14.997726 0.010258 -5.661623
v -14.997726 0.958259 -5.661623
v -15.047224 0.010258 -5.641121
v -15.047224 0.958259 -5.641121
v -15.067726 0.010258 -5.591623
v -15.067726 0.958259 -5.591623
v -15.047224 0.010258 -5.542126
v -15.047224 0.958259 -5.542126
v -14.997726 0.010258 -6.221623
v -14.997726 0.958259 -6.221623
v -14.948229 0.010258 -6.242126
v -14.948229 0.958259 -6.242126
v -14.927727 0.010258 -6.291623
v -14.927727 0.958259 -6.291623
v -14.948229 0.010258 -6.341121
v -14.948229 0.958259 -6.341121
v -14.997726 0.010258 -6.361623
v -14.997726 0.958259 -6.361623
v -15.047224 0.010258 -6.341121
v -15.047224 0.958259 -6.341121
v -15.067726 0.010258 -6.291623
v -15.067726 0.958259 -6.291623
v -15.047224 0.010258 -6.242126
v -15.047224 0.958259 -6.242126
v -14.997726 4.000651 -1.029552
v -14.997726 4.948652 -1.029552
v -14.948229 4.000651 -1.050054
v -14.948229 4.948652 -1.050054
v -14.927726 4.000651 -1.099552
v -14.927726 4.948652 -1.099552
v -14.948229 4.000651 -1.149049
v -14.948229 4.948652 -1.149049
v -14.997726 4.000651 -1.169552
v -14.997726 4.948652 -1.169552
v -15.047224 4.000651 -1.149049
v -15.047224 4.948652 -1.149049
v -15.067726 4.000651 -1.099552
v -15.067726 4.948652 -1.099552
v -15.047224 4.000651 -1.050054
v -15.047224 4.948652 -1.050054
v -14.997726 4.000651 -0.329552
v -14.997726 4.948652 -0.329552
v -14.948229 4.000651 -0.350054
v -14.948229 4.948652 -0.350054
v -14.927726 4.000651 -0.399552
v -14.927726 4.948652 -0.399552
v -14.948229 4.000651 -0.449049
v -14.948229 4.948652 -0.449049
v -14.997726 4.000651 -0.469552
v -14.997726 4.948652 -0.469552
v -15.047224 4.000651 -0.449049
v -15.047224 4.948652 -0.449049
v -15.067726 4.000651 -0.399552
v -15.067726 4.948652 -0.399552
v -15.047224 4.000651 -0.350054
v -15.047224 4.948652 -0.350054
v -6.980000 8.931240 -1.300044
v -7.000000 8.998760 -1.330044
v -7.000000 8.998760 -1.669960
v -0.527916 7.750079 -1.429553
v -0.527916 8.948652 -1.429553
v -0.478418 7.750079 -1.450055
v -0.478418 8.948652 -1.450055
v -0.457915 7.750079 -1.499553
v -0.457915 8.948652 -1.499553
v -0.478418 7.750079 -1.549050
v -0.478418 8.948652 -1.549050
v -0.527916 7.750079 -1.569553
v -0.527916 8.948652 -1.569553
v -0.577413 7.750079 -1.549050
v -0.577413 8.948652 -1.549050
v -0.597916 7.750079 -1.499553
v -0.597916 8.948652 -1.499553
v -0.577413 7.750079 -1.450055
v -0.577413 8.948652 -1.450055
v -1.527916 7.750079 -1.429553
v -1.527916 8.948652 -1.429553
v -1.478418 7.750079 -1.450055
v -1.478418 8.948652 -1.450055
v -1.457915 7.750079 -1.499553
v -1.457915 8.948652 -1.499553
v -1.478418 7.750079 -1.549050
v -1.478418 8.948652 -1.549050
v -1.527916 7.750079 -1.569553
v -1.527916 8.948652 -1.569553
v -1.577413 7.750079 -1.549050
v -1.577413 8.948652 -1.549050
v -1.597916 7.750079 -1.499553
v -1.597916 8.948652 -1.499553
v -1.577413 7.750079 -1.450055
v -1.577413 8.948652 -1.450055
v -2.527916 7.750079 -1.429553
v -2.527916 8.948652 -1.429553
v -2.478418 7.750079 -1.450055
v -2.478418 8.948652 -1.450055
v -2.457915 7.750079 -1.499553
v -2.457915 8.948652 -1.499553
v -2.478418 7.750079 -1.549050
v -2.478418 8.948652 -1.549050
v -2.527916 7.750079 -1.569553
v -2.527916 8.948652 -1.569553
v -2.577413 7.750079 -1.549050
v -2.577413 8.948652 -1.549050
v -2.597916 7.750079 -1.499553
v -2.597916 8.948652 -1.499553
v -2.577413 7.750079 -1.450055
v -2.577413 8.948652 -1.450055
v -3.527916 7.750079 -1.429553
v -3.527916 8.948652 -1.429553
v -3.478418 7.750079 -1.450055
v -3.478418 8.948652 -1.450055
v -3.457915 7.750079 -1.499553
v -3.457915 8.948652 -1.499553
v -3.478418 7.750079 -1.549050
v -3.478418 8.948652 -1.549050
v -3.527916 7.750079 -1.569553
v -3.527916 8.948652 -1.569553
v -3.577413 7.750079 -1.549050
v -3.577413 8.948652 -1.549050
v -3.597916 7.750079 -1.499553
v -3.597916 8.948652 -1.499553
v -3.577413 7.750079 -1.450055
v -3.577413 8.948652 -1.450055
v -4.527916 7.750079 -1.429553
v -4.527916 8.948652 -1.429553
v -4.478418 7.750079 -1.450055
v -4.478418 8.948652 -1.450055
v -4.457915 7.750079 -1.499553
v -4.457915 8.948652 -1.499553
v -4.478418 7.750079 -1.549050
v -4.478418 8.948652 -1.549050
v -4.527916 7.750079 -1.569553
v -4.527916 8.948652 -1.569553
v -4.577414 7.750079 -1.549050
v -4.577414 8.948652 -1.549050
v -4.597916 7.750079 -1.499553
v -4.597916 8.948652 -1.499553
v -4.577414 7.750079 -1.450055
v -4.577414 8.948652 -1.450055
v -5.527916 7.750079 -1.429553
v -5.527916 8.948652 -1.429553
v -5.478418 7.750079 -1.450055
v -5.478418 8.948652 -1.450055
v -5.457915 7.750079 -1.499553
v -5.457915 8.948652 -1.499553
v -5.478418 7.750079 -1.549050
v -5.478418 8.948652 -1.549050
v -5.527916 7.750079 -1.569553
v -5.527916 8.948652 -1.569553
v -5.577414 7.750079 -1.549050
v -5.577414 8.948652 -1.549050
v -5.597916 7.750079 -1.499553
v -5.597916 8.948652 -1.499553
v -5.577414 7.750079 -1.450055
v -5.577414 8.948652 -1.450055
v -6.527916 7.750079 -1.429553
v -6.527916 8.948652 -1.429553
v -6.478418 7.750079 -1.450055
v -6.478418 8.948652 -1.450055
v -6.457915 7.750079 -1.499553
v -6.457915 8.948652 -1.499553
v -6.478418 7.750079 -1.549050
v -6.478418 8.948652 -1.549050
v -6.527916 7.750079 -1.569553
v -6.527916 8.948652 -1.569553
v -6.577414 7.750079 -1.549050
v -6.577414 8.948652 -1.549050
v -6.597916 7.750079 -1.499553
v -6.597916 8.948652 -1.499553
v -6.577414 7.750079 -1.450055
v -6.577414 8.948652 -1.450055
v -10.604819 5.010847 -1.332843
v -11.764820 4.978367 -1.302843
v -6.999820 8.901239 -1.332844
v -7.002820 8.931240 -1.702761
v -7.002820 8.968760 -1.702761
v -6.999820 8.968760 -1.302844
v 0.000000 8.968760 -1.699960
v 0.000000 8.931240 -1.300044
v 0.000000 8.998760 -1.330044
v 0.000000 8.998760 -1.669960
v 0.000000 8.931240 -1.699960
v 0.000000 8.968760 -1.300044
v 0.000000 8.901239 -1.330044
v 0.000000 8.901239 -1.669960
v -10.604820 5.040846 -1.702760
v -10.604820 5.078367 -1.702760
v -6.999820 8.901239 -1.672761
v -10.604819 5.078367 -1.302843
v -10.604819 5.040846 -1.302843
v -7.204820 8.831240 -1.302844
v -7.204820 8.868760 -1.302844
v -7.204820 8.868760 -1.702761
v -7.204820 8.831240 -1.702761
v -7.204820 8.801240 -1.332844
v -7.204820 8.898760 -1.332844
v -7.204820 8.801240 -1.672761
v -7.204820 8.898760 -1.672761
v -10.604819 5.108367 -1.332843
v -11.764820 4.910847 -1.332843
v -10.604820 5.010847 -1.672760
v -10.604820 5.108367 -1.672760
v -10.804820 4.910847 -1.332843
v -10.804820 4.940846 -1.702760
v -10.804820 4.978367 -1.702760
v -10.804820 4.978367 -1.302843
v -10.804820 4.940846 -1.302843
v -10.804820 5.008368 -1.332843
v -10.804820 4.910847 -1.672760
v -10.804820 5.008368 -1.672760
v -11.764820 5.008368 -1.332843
v -7.098643 7.571403 -1.509357
v -7.098643 8.893320 -1.509357
v -7.119146 7.571403 -1.558855
v -7.119146 8.878320 -1.558855
v -7.168643 7.571403 -1.579358
v -7.168643 8.843320 -1.579358
v -7.218141 7.571403 -1.558855
v -7.218141 8.808319 -1.558855
v -7.238643 7.571403 -1.509357
v -7.238643 8.793320 -1.509357
v -7.218141 7.571403 -1.459860
v -7.218141 8.808319 -1.459860
v -7.168643 7.571403 -1.439358
v -7.168643 8.843320 -1.439358
v -7.119146 7.571403 -1.459860
v -7.119146 8.878320 -1.459860
v -7.938674 7.989572 -1.459860
v -7.938674 6.769823 -1.459859
v -7.988172 7.954572 -1.439358
v -7.988172 6.769823 -1.439358
v -8.037670 7.919572 -1.459860
v -8.037670 6.769823 -1.459859
v -8.058172 7.904572 -1.509357
v -8.058172 6.769823 -1.509356
v -8.037670 7.919572 -1.558855
v -8.037670 6.769823 -1.558854
v -7.988172 7.954572 -1.579358
v -7.988172 6.769823 -1.579358
v -7.938674 7.989572 -1.558855
v -7.938674 6.769823 -1.558854
v -7.918171 8.004570 -1.509357
v -7.918171 6.769823 -1.509356
v -8.731309 7.104980 -1.459859
v -8.731309 5.979014 -1.459859
v -8.780807 7.069981 -1.439358
v -8.780807 5.979014 -1.439358
v -8.830304 7.034980 -1.459859
v -8.830304 5.979014 -1.459859
v -8.850807 7.019980 -1.509356
v -8.850807 5.979014 -1.509356
v -8.830304 7.034980 -1.558854
v -8.830304 5.979014 -1.558854
v -8.780807 7.069981 -1.579358
v -8.780807 5.979014 -1.579358
v -8.731309 7.104980 -1.558854
v -8.731309 5.979014 -1.558854
v -8.710807 7.119980 -1.509357
v -8.710807 5.979014 -1.509356
v -9.519037 6.224565 -1.459859
v -9.519037 5.170838 -1.459859
v -9.568535 6.189565 -1.439358
v -9.568535 5.170838 -1.439357
v -9.618032 6.154565 -1.459859
v -9.618032 5.170838 -1.459859
v -9.638535 6.139565 -1.509356
v -9.638535 5.170838 -1.509356
v -9.618032 6.154565 -1.558854
v -9.618032 5.170838 -1.558854
v -9.568535 6.189565 -1.579358
v -9.568535 5.170838 -1.579357
v -9.519037 6.224565 -1.558854
v -9.519037 5.170838 -1.558854
v -9.498535 6.239565 -1.509356
v -9.498535 5.170838 -1.509356
v -10.337650 5.332568 -1.459859
v -10.337650 4.277363 -1.459859
v -10.387148 5.297568 -1.439357
v -10.387148 4.277363 -1.439357
v -10.436646 5.262568 -1.459859
v -10.436646 4.277363 -1.459859
v -10.457148 5.247568 -1.509356
v -10.457148 4.277363 -1.509356
v -10.436646 5.262568 -1.558854
v -10.436646 4.277363 -1.558854
v -10.387148 5.297568 -1.579357
v -10.387148 4.277363 -1.579357
v -10.337650 5.332568 -1.558854
v -10.337650 4.277363 -1.558854
v -10.317148 5.347569 -1.509356
v -10.317148 4.277363 -1.509356
v -10.749723 3.952022 -1.459357
v -10.749723 4.958259 -1.459357
v -10.770226 3.952022 -1.508854
v -10.770226 4.958259 -1.508854
v -10.819724 3.952022 -1.529357
v -10.819724 4.958259 -1.529357
v -10.869222 3.952022 -1.508854
v -10.869222 4.958259 -1.508854
v -10.889725 3.952022 -1.459357
v -10.889725 4.958259 -1.459357
v -10.869222 3.952022 -1.409859
v -10.869222 4.958259 -1.409859
v -10.819724 3.952022 -1.389357
v -10.819724 4.958259 -1.389357
v -10.770226 3.952022 -1.409859
v -10.770226 4.958259 -1.409859
v -11.449724 3.952022 -1.459357
v -11.449724 4.958259 -1.459357
v -11.470226 3.952022 -1.508854
v -11.470226 4.958259 -1.508854
v -11.519724 3.952022 -1.529357
v -11.519724 4.958259 -1.529357
v -11.569221 3.952022 -1.508854
v -11.569221 4.958259 -1.508854
v -11.589724 3.952022 -1.459357
v -11.589724 4.958259 -1.459357
v -11.569221 3.952022 -1.409859
v -11.569221 4.958259 -1.409859
v -11.519724 3.952022 -1.389357
v -11.519724 4.958259 -1.389357
v -11.470226 3.952022 -1.409859
v -11.470226 4.958259 -1.409859
v 15.337286 -0.000000 -5.500000
v 11.662711 -0.000000 -5.500000
v 15.337286 0.250000 -5.500000
v 15.337286 4.000000 -1.750000
v 15.337286 0.250000 -5.125000
v 15.337286 0.625000 -5.125000
v 15.337286 0.625000 -4.750000
v 15.337286 1.000000 -4.750000
v 15.337286 1.000000 -4.375000
v 15.337286 1.375000 -4.375000
v 15.337286 1.375000 -4.000000
v 15.337286 1.750000 -4.000000
v 15.337286 1.750000 -3.625000
v 15.337286 2.125000 -3.625000
v 15.337286 2.125000 -3.250000
v 15.337286 2.500000 -3.250000
v 15.337286 2.500000 -2.875000
v 15.337286 2.875000 -2.875000
v 15.337286 2.875000 -2.500000
v 15.337286 3.250000 -2.500000
v 15.337286 3.250000 -2.125000
v 15.337286 3.625000 -2.125000
v 15.337286 3.625000 -1.750000
v 11.662711 4.000000 -1.816818
v 11.662711 0.250000 -5.500000
v 11.662711 3.725000 -1.816818
v 11.662711 3.625000 -2.125000
v 11.662711 3.250000 -2.125000
v 11.662711 3.250000 -2.500000
v 11.662711 2.875000 -2.500000
v 11.662711 2.875000 -2.875000
v 11.662711 2.500000 -2.875000
v 11.662711 2.500000 -3.250000
v 11.662711 2.125000 -3.250000
v 11.662711 2.125000 -3.625000
v 11.662711 1.750000 -3.625000
v 11.662711 1.750000 -4.000000
v 11.662711 1.375000 -4.000000
v 11.662711 1.375000 -4.375000
v 11.662711 1.000000 -4.375000
v 11.662711 1.000000 -4.750000
v 11.662711 0.625000 -4.750000
v 11.662711 0.625000 -5.125000
v 11.662711 0.250000 -5.125000
v 7.911502 3.749866 -1.816818
v 10.599281 4.005177 -1.816818
v 6.990369 7.800000 -1.816819
v 4.933199 7.224999 -1.816819
v 11.662711 0.025000 -2.625000
v 6.911502 0.049866 -2.625000
v 6.995628 5.648434 -1.816818
v 10.597731 4.420288 -1.816818
v 6.991870 7.600673 -1.816819
v 7.391188 7.602245 -1.816819
v 7.392687 7.202928 -1.816819
v 7.792006 7.204501 -1.816819
v 7.793504 6.805182 -1.816818
v 8.192823 6.806756 -1.816818
v 8.194321 6.407436 -1.816818
v 8.593641 6.409011 -1.816818
v 8.595138 6.009690 -1.816818
v 8.994460 6.011267 -1.816818
v 8.995955 5.611944 -1.816818
v 9.395277 5.613522 -1.816818
v 9.396771 5.214199 -1.816818
v 9.796096 5.215777 -1.816818
v 9.797588 4.816453 -1.816818
v 10.196914 4.818033 -1.816818
v 10.198405 4.418707 -1.816818
v 11.750000 4.931240 -1.300043
v 11.770000 4.931240 -1.699959
v 11.770000 4.968760 -1.699959
v 11.770000 4.901240 -1.669959
v 11.770000 4.998760 -1.669959
v 12.204240 4.931240 -1.696719
v 12.204240 4.968760 -1.696719
v 11.804323 4.968760 -1.699719
v 11.804323 4.931240 -1.699719
v 12.204240 0.940847 -6.451719
v 12.174240 4.901240 -1.696719
v 12.204240 0.978366 -6.451719
v 12.174240 1.010847 -5.301719
v 11.804323 0.978366 -6.451719
v 12.174240 4.998760 -1.696719
v 11.804323 1.040846 -5.301720
v 11.804323 1.078367 -5.301720
v 11.834323 4.901240 -1.696719
v 12.204240 1.078367 -5.301719
v 11.834323 4.998760 -1.696719
v 12.204240 1.040846 -5.301719
v 11.801943 4.901240 -1.673558
v 11.801943 4.998760 -1.673558
v 12.204240 4.831240 -1.901719
v 12.204240 4.868760 -1.901719
v 11.804323 4.868760 -1.901719
v 11.804323 4.831240 -1.901719
v 12.174240 4.801240 -1.901719
v 12.174240 4.898760 -1.901719
v 11.834323 4.801240 -1.901719
v 11.834323 4.898760 -1.901719
v 11.804323 0.940847 -6.451719
v 12.174240 1.108367 -5.301719
v 12.193475 0.924572 -6.478844
v 11.834323 1.010847 -5.301720
v 12.174240 0.940847 -6.501719
v 11.834323 1.108367 -5.301720
v 12.193475 0.994642 -6.478844
v 12.200983 4.968760 -1.465622
v 12.028932 4.968760 -1.298087
v 12.200983 4.931240 -1.465622
v 12.028932 4.931240 -1.298087
v 12.170888 4.901240 -1.496484
v 11.997841 4.901240 -1.328555
v 12.056365 4.901240 -1.427566
v 11.997841 4.998760 -1.328555
v 12.170888 4.998760 -1.496484
v 12.056365 4.998760 -1.427566
v 12.174240 0.910847 -5.501719
v 11.804323 0.940847 -5.501719
v 11.804323 0.978367 -5.501719
v 12.204240 0.978367 -5.501719
v 12.204240 0.940847 -5.501719
v 12.174240 1.008367 -5.501719
v 11.834323 0.910847 -5.501719
v 11.834323 1.008367 -5.501719
v 12.174240 0.978366 -6.501719
v 11.834323 0.940847 -6.501719
v 11.834323 0.910847 -6.471719
v 11.815087 0.994642 -6.478844
v 11.834323 0.978366 -6.501719
v 11.997726 3.616158 -1.873865
v 11.997726 4.831310 -1.873865
v 11.948229 3.616158 -1.894367
v 11.948229 4.816310 -1.894367
v 11.927726 3.616158 -1.943865
v 11.927726 4.781310 -1.943865
v 11.948229 3.616158 -1.993362
v 11.948229 4.746310 -1.993362
v 11.997726 3.616158 -2.013865
v 11.997726 4.731310 -2.013865
v 12.047224 3.616158 -1.993362
v 12.047224 4.746310 -1.993362
v 12.067726 3.616158 -1.943865
v 12.067726 4.781310 -1.943865
v 12.047224 3.616158 -1.894367
v 12.047224 4.816310 -1.894367
v 12.047224 3.991594 -2.659300
v 12.047224 2.856098 -2.659300
v 12.067726 3.956594 -2.708797
v 12.067726 2.856098 -2.708797
v 12.047224 3.921594 -2.758295
v 12.047224 2.856098 -2.758295
v 11.997726 3.906594 -2.778797
v 11.997726 2.856098 -2.778797
v 11.948229 3.921594 -2.758295
v 11.948229 2.856098 -2.758295
v 11.927726 3.956594 -2.708797
v 11.927726 2.856098 -2.708797
v 11.948229 3.991594 -2.659300
v 11.948229 2.856098 -2.659300
v 11.997726 4.006594 -2.638797
v 11.997726 2.856098 -2.638797
v 12.047224 3.150814 -3.398012
v 12.047224 2.109102 -3.398012
v 12.067726 3.115814 -3.447509
v 12.067726 2.109102 -3.447509
v 12.047224 3.080814 -3.497007
v 12.047224 2.109102 -3.497007
v 11.997726 3.065814 -3.517509
v 11.997726 2.109102 -3.517509
v 11.948229 3.080814 -3.497007
v 11.948229 2.109102 -3.497007
v 11.927726 3.115814 -3.447509
v 11.927726 2.109102 -3.447509
v 11.948229 3.150814 -3.398012
v 11.948229 2.109102 -3.398012
v 11.997726 3.165814 -3.377509
v 11.997726 2.109102 -3.377509
v 12.047224 2.329161 -4.149936
v 12.047224 1.324193 -4.149936
v 12.067726 2.294161 -4.199434
v 12.067726 1.324193 -4.199434
v 12.047224 2.259161 -4.248931
v 12.047224 1.324193 -4.248931
v 11.997726 2.244161 -4.269433
v 11.997726 1.324193 -4.269433
v 11.948229 2.259161 -4.248931
v 11.948229 1.324193 -4.248931
v 11.927726 2.294161 -4.199434
v 11.927726 1.324193 -4.199434
v 11.948229 2.329161 -4.149936
v 11.948229 1.324193 -4.149936
v 11.997726 2.344162 -4.129434
v 11.997726 1.324193 -4.129434
v 12.047224 1.526688 -4.869548
v 12.047224 0.471482 -4.869548
v 12.067726 1.491688 -4.919045
v 12.067726 0.471482 -4.919045
v 12.047224 1.456688 -4.968543
v 12.047224 0.471482 -4.968543
v 11.997726 1.441688 -4.989045
v 11.997726 0.471482 -4.989045
v 11.948229 1.456688 -4.968543
v 11.948229 0.471482 -4.968543
v 11.927726 1.491688 -4.919045
v 11.927726 0.471482 -4.919045
v 11.948229 1.526688 -4.869548
v 11.948229 0.471482 -4.869548
v 11.997726 1.541688 -4.849045
v 11.997726 0.471482 -4.849045
v 11.997726 0.010258 -5.521623
v 11.997726 0.958259 -5.521623
v 11.948229 0.010258 -5.542126
v 11.948229 0.958259 -5.542126
v 11.927726 0.010258 -5.591623
v 11.927726 0.958259 -5.591623
v 11.948229 0.010258 -5.641121
v 11.948229 0.958259 -5.641121
v 11.997726 0.010258 -5.661623
v 11.997726 0.958259 -5.661623
v 12.047224 0.010258 -5.641121
v 12.047224 0.958259 -5.641121
v 12.067726 0.010258 -5.591623
v 12.067726 0.958259 -5.591623
v 12.047224 0.010258 -5.542126
v 12.047224 0.958259 -5.542126
v 11.997726 0.010258 -6.221623
v 11.997726 0.958259 -6.221623
v 11.948229 0.010258 -6.242126
v 11.948229 0.958259 -6.242126
v 11.927726 0.010258 -6.291623
v 11.927726 0.958259 -6.291623
v 11.948229 0.010258 -6.341121
v 11.948229 0.958259 -6.341121
v 11.997726 0.010258 -6.361623
v 11.997726 0.958259 -6.361623
v 12.047224 0.010258 -6.341121
v 12.047224 0.958259 -6.341121
v 12.067726 0.010258 -6.291623
v 12.067726 0.958259 -6.291623
v 12.047224 0.010258 -6.242126
v 12.047224 0.958259 -6.242126
v 11.997726 3.979456 -1.429552
v 11.997726 4.948652 -1.429552
v 11.948229 3.979456 -1.450054
v 11.948229 4.948652 -1.450054
v 11.927726 3.979456 -1.499552
v 11.927726 4.948652 -1.499552
v 11.948229 3.979456 -1.549049
v 11.948229 4.948652 -1.549049
v 11.997726 3.979456 -1.569552
v 11.997726 4.948652 -1.569552
v 12.047224 3.979456 -1.549049
v 12.047224 4.948652 -1.549049
v 12.067726 3.979456 -1.499552
v 12.067726 4.948652 -1.499552
v 12.047224 3.979456 -1.450054
v 12.047224 4.948652 -1.450054
v 15.204241 4.931240 -1.696719
v 15.204241 4.968760 -1.696719
v 14.804323 4.968760 -1.699719
v 14.804323 4.931240 -1.699719
v 15.204241 0.940847 -6.451719
v 15.174240 4.901240 -1.696719
v 15.204241 0.978366 -6.451719
v 15.174240 1.010847 -5.301719
v 14.804323 0.978366 -6.451719
v 15.174240 4.998760 -1.696719
v 14.804323 1.040846 -5.301720
v 14.804323 1.078367 -5.301720
v 14.834324 4.901240 -1.696719
v 15.204241 1.078367 -5.301719
v 14.834324 4.998760 -1.696719
v 15.204241 1.040846 -5.301719
v 15.204241 4.831240 -1.901719
v 15.204241 4.868760 -1.901719
v 14.804323 4.868760 -1.901719
v 14.804323 4.831240 -1.901719
v 15.174240 4.801240 -1.901719
v 15.174240 4.898760 -1.901719
v 14.834324 4.801240 -1.901719
v 14.834324 4.898760 -1.901719
v 14.804323 0.940847 -6.451719
v 15.174240 1.108367 -5.301719
v 15.193476 0.924572 -6.478844
v 14.834324 1.010847 -5.301720
v 15.174240 0.940847 -6.501719
v 14.834324 1.108367 -5.301720
v 15.193476 0.994642 -6.478844
v 15.174240 0.910847 -5.501719
v 14.804323 0.940847 -5.501719
v 14.804323 0.978367 -5.501719
v 15.204241 0.978367 -5.501719
v 15.204241 0.940847 -5.501719
v 15.174240 1.008367 -5.501719
v 14.834324 0.910847 -5.501719
v 14.834324 1.008367 -5.501719
v 15.174240 0.978366 -6.501719
v 14.834324 0.940847 -6.501719
v 14.834324 0.910847 -6.471719
v 14.834324 1.008366 -6.471719
v 14.834324 0.978366 -6.501719
v 14.997726 3.616158 -1.873865
v 14.997726 4.831310 -1.873865
v 14.948229 3.616158 -1.894367
v 14.948229 4.816310 -1.894367
v 14.927727 3.616158 -1.943865
v 14.927727 4.781310 -1.943865
v 14.948229 3.616158 -1.993362
v 14.948229 4.746310 -1.993362
v 14.997726 3.616158 -2.013865
v 14.997726 4.731310 -2.013865
v 15.047224 3.616158 -1.993362
v 15.047224 4.746310 -1.993362
v 15.067726 3.616158 -1.943865
v 15.067726 4.781310 -1.943865
v 15.047224 3.616158 -1.894367
v 15.047224 4.816310 -1.894367
v 15.047224 3.991594 -2.659300
v 15.047224 2.856098 -2.659300
v 15.067726 3.956594 -2.708797
v 15.067726 2.856098 -2.708797
v 15.047224 3.921594 -2.758295
v 15.047224 2.856098 -2.758295
v 14.997726 3.906594 -2.778797
v 14.997726 2.856098 -2.778797
v 14.948229 3.921594 -2.758295
v 14.948229 2.856098 -2.758295
v 14.927727 3.956594 -2.708797
v 14.927727 2.856098 -2.708797
v 14.948229 3.991594 -2.659300
v 14.948229 2.856098 -2.659300
v 14.997726 4.006594 -2.638797
v 14.997726 2.856098 -2.638797
v 15.047224 3.150814 -3.398012
v 15.047224 2.109102 -3.398012
v 15.067726 3.115814 -3.447509
v 15.067726 2.109102 -3.447509
v 15.047224 3.080814 -3.497007
v 15.047224 2.109102 -3.497007
v 14.997726 3.065814 -3.517509
v 14.997726 2.109102 -3.517509
v 14.948229 3.080814 -3.497007
v 14.948229 2.109102 -3.497007
v 14.927727 3.115814 -3.447509
v 14.927727 2.109102 -3.447509
v 14.948229 3.150814 -3.398012
v 14.948229 2.109102 -3.398012
v 14.997726 3.165814 -3.377509
v 14.997726 2.109102 -3.377509
v 15.047224 2.329161 -4.149936
v 15.047224 1.324193 -4.149936
v 15.067726 2.294161 -4.199434
v 15.067726 1.324193 -4.199434
v 15.047224 2.259161 -4.248931
v 15.047224 1.324193 -4.248931
v 14.997726 2.244161 -4.269433
v 14.997726 1.324193 -4.269433
v 14.948229 2.259161 -4.248931
v 14.948229 1.324193 -4.248931
v 14.927727 2.294161 -4.199434
v 14.927727 1.324193 -4.199434
v 14.948229 2.329161 -4.149936
v 14.948229 1.324193 -4.149936
v 14.997726 2.344162 -4.129434
v 14.997726 1.324193 -4.129434
v 15.047224 1.526688 -4.869548
v 15.047224 0.471482 -4.869548
v 15.067726 1.491688 -4.919045
v 15.067726 0.471482 -4.919045
v 15.047224 1.456688 -4.968543
v 15.047224 0.471482 -4.968543
v 14.997726 1.441688 -4.989045
v 14.997726 0.471482 -4.989045
v 14.948229 1.456688 -4.968543
v 14.948229 0.471482 -4.968543
v 14.927727 1.491688 -4.919045
v 14.927727 0.471482 -4.919045
v 14.948229 1.526688 -4.869548
v 14.948229 0.471482 -4.869548
v 14.997726 1.541688 -4.849045
v 14.997726 0.471482 -4.849045
v 14.997726 0.010258 -5.521623
v 14.997726 0.958259 -5.521623
v 14.948229 0.010258 -5.542126
v 14.948229 0.958259 -5.542126
v 14.927727 0.010258 -5.591623
v 14.927727 0.958259 -5.591623
v 14.948229 0.010258 -5.641121
v 14.948229 0.958259 -5.641121
v 14.997726 0.010258 -5.661623
v 14.997726 0.958259 -5.661623
v 15.047224 0.010258 -5.641121
v 15.047224 0.958259 -5.641121
v 15.067726 0.010258 -5.591623
v 15.067726 0.958259 -5.591623
v 15.047224 0.010258 -5.542126
v 15.047224 0.958259 -5.542126
v 14.997726 0.010258 -6.221623
v 14.997726 0.958259 -6.221623
v 14.948229 0.010258 -6.242126
v 14.948229 0.958259 -6.242126
v 14.927727 0.010258 -6.291623
v 14.927727 0.958259 -6.291623
v 14.948229 0.010258 -6.341121
v 14.948229 0.958259 -6.341121
v 14.997726 0.010258 -6.361623
v 14.997726 0.958259 -6.361623
v 15.047224 0.010258 -6.341121
v 15.047224 0.958259 -6.341121
v 15.067726 0.010258 -6.291623
v 15.067726 0.958259 -6.291623
v 15.047224 0.010258 -6.242126
v 15.047224 0.958259 -6.242126
v 14.997726 4.000651 -1.029552
v 14.997726 4.948652 -1.029552
v 14.948229 4.000651 -1.050054
v 14.948229 4.948652 -1.050054
v 14.927726 4.000651 -1.099552
v 14.927726 4.948652 -1.099552
v 14.948229 4.000651 -1.149049
v 14.948229 4.948652 -1.149049
v 14.997726 4.000651 -1.169552
v 14.997726 4.948652 -1.169552
v 15.047224 4.000651 -1.149049
v 15.047224 4.948652 -1.149049
v 15.067726 4.000651 -1.099552
v 15.067726 4.948652 -1.099552
v 15.047224 4.000651 -1.050054
v 15.047224 4.948652 -1.050054
v 14.997726 4.000651 -0.329552
v 14.997726 4.948652 -0.329552
v 14.948229 4.000651 -0.350054
v 14.948229 4.948652 -0.350054
v 14.927726 4.000651 -0.399552
v 14.927726 4.948652 -0.399552
v 14.948229 4.000651 -0.449049
v 14.948229 4.948652 -0.449049
v 14.997726 4.000651 -0.469552
v 14.997726 4.948652 -0.469552
v 15.047224 4.000651 -0.449049
v 15.047224 4.948652 -0.449049
v 15.067726 4.000651 -0.399552
v 15.067726 4.948652 -0.399552
v 15.047224 4.000651 -0.350054
v 15.047224 4.948652 -0.350054
v 6.980000 8.931240 -1.300044
v 7.000000 8.998760 -1.330044
v 7.000000 8.998760 -1.669960
v 0.527916 7.750079 -1.429553
v 0.527916 8.948652 -1.429553
v 0.478418 7.750079 -1.450055
v 0.478418 8.948652 -1.450055
v 0.457915 7.750079 -1.499553
v 0.457915 8.948652 -1.499553
v 0.478418 7.750079 -1.549050
v 0.478418 8.948652 -1.549050
v 0.527916 7.750079 -1.569553
v 0.527916 8.948652 -1.569553
v 0.577413 7.750079 -1.549050
v 0.577413 8.948652 -1.549050
v 0.597916 7.750079 -1.499553
v 0.597916 8.948652 -1.499553
v 0.577413 7.750079 -1.450055
v 0.577413 8.948652 -1.450055
v 1.527916 7.750079 -1.429553
v 1.527916 8.948652 -1.429553
v 1.478418 7.750079 -1.450055
v 1.478418 8.948652 -1.450055
v 1.457915 7.750079 -1.499553
v 1.457915 8.948652 -1.499553
v 1.478418 7.750079 -1.549050
v 1.478418 8.948652 -1.549050
v 1.527916 7.750079 -1.569553
v 1.527916 8.948652 -1.569553
v 1.577413 7.750079 -1.549050
v 1.577413 8.948652 -1.549050
v 1.597916 7.750079 -1.499553
v 1.597916 8.948652 -1.499553
v 1.577413 7.750079 -1.450055
v 1.577413 8.948652 -1.450055
v 2.527916 7.750079 -1.429553
v 2.527916 8.948652 -1.429553
v 2.478418 7.750079 -1.450055
v 2.478418 8.948652 -1.450055
v 2.457915 7.750079 -1.499553
v 2.457915 8.948652 -1.499553
v 2.478418 7.750079 -1.549050
v 2.478418 8.948652 -1.549050
v 2.527916 7.750079 -1.569553
v 2.527916 8.948652 -1.569553
v 2.577413 7.750079 -1.549050
v 2.577413 8.948652 -1.549050
v 2.597916 7.750079 -1.499553
v 2.597916 8.948652 -1.499553
v 2.577413 7.750079 -1.450055
v 2.577413 8.948652 -1.450055
v 3.527916 7.750079 -1.429553
v 3.527916 8.948652 -1.429553
v 3.478418 7.750079 -1.450055
v 3.478418 8.948652 -1.450055
v 3.457915 7.750079 -1.499553
v 3.457915 8.948652 -1.499553
v 3.478418 7.750079 -1.549050
v 3.478418 8.948652 -1.549050
v 3.527916 7.750079 -1.569553
v 3.527916 8.948652 -1.569553
v 3.577413 7.750079 -1.549050
v 3.577413 8.948652 -1.549050
v 3.597916 7.750079 -1.499553
v 3.597916 8.948652 -1.499553
v 3.577413 7.750079 -1.450055
v 3.577413 8.948652 -1.450055
v 4.527916 7.750079 -1.429553
v 4.527916 8.948652 -1.429553
v 4.478418 7.750079 -1.450055
v 4.478418 8.948652 -1.450055
v 4.457915 7.750079 -1.499553
v 4.457915 8.948652 -1.499553
v 4.478418 7.750079 -1.549050
v 4.478418 8.948652 -1.549050
v 4.527916 7.750079 -1.569553
v 4.527916 8.948652 -1.569553
v 4.577414 7.750079 -1.549050
v 4.577414 8.948652 -1.549050
v 4.597916 7.750079 -1.499553
v 4.597916 8.948652 -1.499553
v 4.577414 7.750079 -1.450055
v 4.577414 8.948652 -1.450055
v 5.527916 7.750079 -1.429553
v 5.527916 8.948652 -1.429553
v 5.478418 7.750079 -1.450055
v 5.478418 8.948652 -1.450055
v 5.457915 7.750079 -1.499553
v 5.457915 8.948652 -1.499553
v 5.478418 7.750079 -1.549050
v 5.478418 8.948652 -1.549050
v 5.527916 7.750079 -1.569553
v 5.527916 8.948652 -1.569553
v 5.577414 7.750079 -1.549050
v 5.577414 8.948652 -1.549050
v 5.597916 7.750079 -1.499553
v 5.597916 8.948652 -1.499553
v 5.577414 7.750079 -1.450055
v 5.577414 8.948652 -1.450055
v 6.527916 7.750079 -1.429553
v 6.527916 8.948652 -1.429553
v 6.478418 7.750079 -1.450055
v 6.478418 8.948652 -1.450055
v 6.457915 7.750079 -1.499553
v 6.457915 8.948652 -1.499553
v 6.478418 7.750079 -1.549050
v 6.478418 8.948652 -1.549050
v 6.527916 7.750079 -1.569553
v 6.527916 8.948652 -1.569553
v 6.577414 7.750079 -1.549050
v 6.577414 8.948652 -1.549050
v 6.597916 7.750079 -1.499553
v 6.597916 8.948652 -1.499553
v 6.577414 7.750079 -1.450055
v 6.577414 8.948652 -1.450055
v 10.604819 5.010847 -1.332843
v 11.764820 4.978367 -1.302843
v 6.999820 8.901239 -1.332844
v 7.002820 8.931240 -1.702761
v 7.002820 8.968760 -1.702761
v 6.999820 8.968760 -1.302844
v 10.604820 5.040846 -1.702760
v 10.604820 5.078367 -1.702760
v 6.999820 8.901239 -1.672761
v 10.604819 5.078367 -1.302843
v 10.604819 5.040846 -1.302843
v 7.204820 8.831240 -1.302844
v 7.204820 8.868760 -1.302844
v 7.204820 8.868760 -1.702761
v 7.204820 8.831240 -1.702761
v 7.204820 8.801240 -1.332844
v 7.204820 8.898760 -1.332844
v 7.204820 8.801240 -1.672761
v 7.204820 8.898760 -1.672761
v 10.604819 5.108367 -1.332843
v 11.764820 4.910847 -1.332843
v 10.604820 5.010847 -1.672760
v 10.604820 5.108367 -1.672760
v 10.804820 4.910847 -1.332843
v 10.804820 4.940846 -1.702760
v 10.804820 4.978367 -1.702760
v 10.804820 4.978367 -1.302843
v 10.804820 4.940846 -1.302843
v 10.804820 5.008368 -1.332843
v 10.804820 4.910847 -1.672760
v 10.804820 5.008368 -1.672760
v 11.764820 5.008368 -1.332843
v 7.098643 7.571403 -1.509357
v 7.098643 8.893320 -1.509357
v 7.119146 7.571403 -1.558855
v 7.119146 8.878320 -1.558855
v 7.168643 7.571403 -1.579358
v 7.168643 8.843320 -1.579358
v 7.218141 7.571403 -1.558855
v 7.218141 8.808319 -1.558855
v 7.238643 7.571403 -1.509357
v 7.238643 8.793320 -1.509357
v 7.218141 7.571403 -1.459860
v 7.218141 8.808319 -1.459860
v 7.168643 7.571403 -1.439358
v 7.168643 8.843320 -1.439358
v 7.119146 7.571403 -1.459860
v 7.119146 8.878320 -1.459860
v 7.938674 7.989572 -1.459860
v 7.938674 6.769823 -1.459859
v 7.988172 7.954572 -1.439358
v 7.988172 6.769823 -1.439358
v 8.037670 7.919572 -1.459860
v 8.037670 6.769823 -1.459859
v 8.058172 7.904572 -1.509357
v 8.058172 6.769823 -1.509356
v 8.037670 7.919572 -1.558855
v 8.037670 6.769823 -1.558854
v 7.988172 7.954572 -1.579358
v 7.988172 6.769823 -1.579358
v 7.938674 7.989572 -1.558855
v 7.938674 6.769823 -1.558854
v 7.918171 8.004570 -1.509357
v 7.918171 6.769823 -1.509356
v 8.731309 7.104980 -1.459859
v 8.731309 5.979014 -1.459859
v 8.780807 7.069981 -1.439358
v 8.780807 5.979014 -1.439358
v 8.830304 7.034980 -1.459859
v 8.830304 5.979014 -1.459859
v 8.850807 7.019980 -1.509356
v 8.850807 5.979014 -1.509356
v 8.830304 7.034980 -1.558854
v 8.830304 5.979014 -1.558854
v 8.780807 7.069981 -1.579358
v 8.780807 5.979014 -1.579358
v 8.731309 7.104980 -1.558854
v 8.731309 5.979014 -1.558854
v 8.710807 7.119980 -1.509357
v 8.710807 5.979014 -1.509356
v 9.519037 6.224565 -1.459859
v 9.519037 5.170838 -1.459859
v 9.568535 6.189565 -1.439358
v 9.568535 5.170838 -1.439357
v 9.618032 6.154565 -1.459859
v 9.618032 5.170838 -1.459859
v 9.638535 6.139565 -1.509356
v 9.638535 5.170838 -1.509356
v 9.618032 6.154565 -1.558854
v 9.618032 5.170838 -1.558854
v 9.568535 6.189565 -1.579358
v 9.568535 5.170838 -1.579357
v 9.519037 6.224565 -1.558854
v 9.519037 5.170838 -1.558854
v 9.498535 6.239565 -1.509356
v 9.498535 5.170838 -1.509356
v 10.337650 5.332568 -1.459859
v 10.337650 4.277363 -1.459859
v 10.387148 5.297568 -1.439357
v 10.387148 4.277363 -1.439357
v 10.436646 5.262568 -1.459859
v 10.436646 4.277363 -1.459859
v 10.457148 5.247568 -1.509356
v 10.457148 4.277363 -1.509356
v 10.436646 5.262568 -1.558854
v 10.436646 4.277363 -1.558854
v 10.387148 5.297568 -1.579357
v 10.387148 4.277363 -1.579357
v 10.337650 5.332568 -1.558854
v 10.337650 4.277363 -1.558854
v 10.317148 5.347569 -1.509356
v 10.317148 4.277363 -1.509356
v 10.749723 3.952022 -1.459357
v 10.749723 4.958259 -1.459357
v 10.770226 3.952022 -1.508854
v 10.770226 4.958259 -1.508854
v 10.819724 3.952022 -1.529357
v 10.819724 4.958259 -1.529357
v 10.869222 3.952022 -1.508854
v 10.869222 4.958259 -1.508854
v 10.889725 3.952022 -1.459357
v 10.889725 4.958259 -1.459357
v 10.869222 3.952022 -1.409859
v 10.869222 4.958259 -1.409859
v 10.819724 3.952022 -1.389357
v 10.819724 4.958259 -1.389357
v 10.770226 3.952022 -1.409859
v 10.770226 4.958259 -1.409859
v 11.449724 3.952022 -1.459357
v 11.449724 4.958259 -1.459357
v 11.470226 3.952022 -1.508854
v 11.470226 4.958259 -1.508854
v 11.519724 3.952022 -1.529357
v 11.519724 4.958259 -1.529357
v 11.569221 3.952022 -1.508854
v 11.569221 4.958259 -1.508854
v 11.589724 3.952022 -1.459357
v 11.589724 4.958259 -1.459357
v 11.569221 3.952022 -1.409859
v 11.569221 4.958259 -1.409859
v 11.519724 3.952022 -1.389357
v 11.519724 4.958259 -1.389357
v 11.470226 3.952022 -1.409859
v 11.470226 4.958259 -1.409859
vn -0.0024 1.0000 -0.0000
vn -0.0000 1.0000 -0.0000
vn -1.0000 -0.0000 -0.0000
vn -0.0182 -0.0000 0.9998
vn -0.0148 0.9893 0.1448
vn -0.0000 -0.0000 1.0000
vn -0.0049 1.0000 -0.0000
vn 1.0000 -0.0000 -0.0000
vn -1.0000 0.0075 -0.0000
vn -1.0000 0.0037 -0.0000
vn 0.6073 -0.7945 -0.0000
vn -0.0012 0.2132 0.9770
vn 0.9654 0.2609 -0.0000
vn 0.9007 -0.4345 -0.0000
vn 0.0039 1.0000 -0.0000
vn -1.0000 0.0038 -0.0000
vn 0.0040 1.0000 -0.0000
vn -0.0039 -1.0000 -0.0000
vn -0.0000 -1.0000 -0.0000
vn -0.9999 -0.0000 -0.0141
vn -0.9999 -0.0000 -0.0133
vn -1.0000 -0.0000 -0.0011
vn 0.4849 -0.5526 0.6779
vn 0.0024 -0.7084 -0.7058
vn 0.0048 -0.7096 -0.7046
vn 0.4849 0.5526 0.6779
vn -0.9295 -0.0000 0.3689
vn 0.9294 -0.0001 0.3692
vn 0.9294 -0.0001 0.3691
vn 0.9294 -0.0002 0.3691
vn 0.6769 -0.6606 -0.3246
vn -0.0000 -0.8988 -0.4384
vn -0.6685 -0.6685 -0.3261
vn -0.0000 0.8988 0.4384
vn 0.6587 0.6753 0.3318
vn -0.6685 0.6685 0.3261
vn 0.0370 0.6821 0.7303
vn -0.7037 -0.7104 -0.0108
vn -0.7037 0.7104 -0.0108
vn 0.0370 -0.6821 0.7303
vn 0.0035 -0.0002 -1.0000
vn 0.0035 -0.0001 -1.0000
vn 0.0070 -0.0000 -1.0000
vn -0.0014 -0.0000 1.0000
vn -0.0013 -0.0000 1.0000
vn -0.0070 -0.0000 1.0000
vn -0.5553 0.5553 0.6191
vn 0.5553 -0.5553 -0.6191
vn -0.0000 -0.6677 -0.7444
vn -0.5553 -0.5553 -0.6191
vn -0.0000 0.6677 0.7444
vn 0.5553 0.5553 0.6191
vn -0.0000 -0.8944 -0.4472
vn -0.6667 -0.6667 -0.3333
vn -0.0000 0.8944 0.4472
vn 0.6667 0.6667 0.3333
vn -0.6667 0.6667 0.3333
vn 0.6667 -0.6667 -0.3333
vn -0.3969 -0.8221 -0.4083
vn -0.6976 -0.0000 -0.7164
vn -0.3969 0.8221 -0.4083
vn 0.0028 0.7082 -0.7060
vn 0.0048 0.7094 -0.7048
vn -0.7071 0.7071 -0.0000
vn 0.7071 -0.7071 -0.0000
vn -0.7071 -0.7071 -0.0000
vn 0.7071 0.7071 -0.0000
vn -0.0000 -0.7071 0.7071
vn -0.0000 0.7073 0.7069
vn -0.7654 -0.0000 0.6436
vn 0.7655 -0.0001 0.6434
vn 0.7655 -0.0002 0.6434
vn 0.7656 -0.0001 0.6434
vn 0.3827 -0.0000 -0.9239
vn 0.9239 -0.0000 -0.3827
vn 0.9239 -0.0000 0.3827
vn 0.3827 -0.0000 0.9239
vn -0.3827 -0.0000 0.9239
vn -0.9239 -0.0000 0.3827
vn -0.9239 -0.0000 -0.3827
vn -0.3827 -0.0000 -0.9239
vn 0.9295 -0.0000 0.3688
vn 0.6769 -0.6607 -0.3246
vn -0.6684 -0.6685 -0.3261
vn -0.6684 0.6685 0.3261
vn 0.6666 -0.6667 -0.3333
vn -0.0000 0.7071 0.7071
vn 0.7652 -0.0000 0.6438
vn 0.7651 -0.0000 0.6439
vn 0.0003 -0.7071 0.7071
vn -0.0000 0.7071 -0.7071
vn -0.0003 0.7071 -0.7071
vn -0.0000 -0.0000 -1.0000
vn -0.0000 -0.7071 -0.7071
vn 0.0001 -0.7071 -0.7071
vn 0.0002 -0.0000 1.0000
vn 0.3246 -0.6606 0.6769
vn 0.4384 -0.8988 -0.0000
vn 0.3261 -0.6685 -0.6684
vn 0.3261 -0.6687 -0.6682
vn -0.4387 0.8986 -0.0000
vn -0.3318 0.6753 0.6587
vn -0.3261 0.6685 -0.6685
vn -0.3261 0.6684 -0.6685
vn -0.6191 0.5553 -0.5553
vn 0.6191 -0.5553 0.5553
vn 0.7444 -0.6677 -0.0000
vn 0.6191 -0.5553 -0.5553
vn -0.7444 0.6677 -0.0000
vn -0.6191 0.5553 0.5553
vn 0.4472 -0.8944 -0.0000
vn 0.3333 -0.6667 -0.6667
vn -0.4472 0.8944 -0.0000
vn -0.3333 0.6667 0.6667
vn -0.3333 0.6667 -0.6667
vn 0.3333 -0.6667 0.6667
vn -0.0000 -0.7072 0.7071
vn -0.0000 -0.7073 -0.7069
vn 0.0024 1.0000 -0.0000
vn 0.0182 -0.0000 0.9998
vn 0.0148 0.9893 0.1448
vn 0.0049 1.0000 -0.0000
vn 1.0000 0.0075 -0.0000
vn 1.0000 0.0037 -0.0000
vn -0.6073 -0.7945 -0.0000
vn 0.0012 0.2132 0.9770
vn -0.9654 0.2609 -0.0000
vn -0.9007 -0.4345 -0.0000
vn -0.0039 1.0000 -0.0000
vn 1.0000 0.0038 -0.0000
vn -0.0040 1.0000 -0.0000
vn 0.0039 -1.0000 -0.0000
vn 0.9999 -0.0000 -0.0141
vn 1.0000 -0.0000 -0.0011
vn 0.9999 -0.0000 -0.0133
vn -0.4849 -0.5526 0.6779
vn -0.0024 -0.7085 -0.7058
vn -0.0048 -0.7097 -0.7045
vn -0.0049 -0.7097 -0.7045
vn -0.0024 -0.7085 -0.7057
vn -0.4849 0.5526 0.6779
vn 0.9295 -0.0000 0.3689
vn -0.9293 -0.0001 0.3693
vn -0.9294 -0.0001 0.3691
vn -0.9294 -0.0002 0.3691
vn -0.6769 -0.6606 -0.3246
vn 0.6685 -0.6685 -0.3261
vn -0.6587 0.6753 0.3318
vn 0.6685 0.6685 0.3261
vn -0.0370 0.6821 0.7303
vn 0.7037 -0.7104 -0.0108
vn 0.7037 0.7104 -0.0108
vn -0.0370 -0.6821 0.7303
vn -0.0035 -0.0002 -1.0000
vn -0.0070 -0.0000 -1.0000
vn -0.0035 -0.0001 -1.0000
vn 0.0014 -0.0000 1.0000
vn 0.0070 -0.0000 1.0000
vn 0.0012 -0.0000 1.0000
vn 0.3969 -0.8221 -0.4083
vn 0.6976 -0.0000 -0.7164
vn 0.3969 0.8221 -0.4083
vn -0.0028 0.7082 -0.7060
vn -0.0048 0.7094 -0.7048
vn -0.0000 0.7074 0.7068
vn 0.7654 -0.0000 0.6436
vn -0.7656 -0.0001 0.6433
vn -0.9295 -0.0000 0.3688
vn -0.6769 -0.6607 -0.3246
vn 0.6684 -0.6685 -0.3261
vn 0.6684 0.6685 0.3261
vn -0.6666 -0.6667 -0.3333
vn -0.7651 -0.0001 0.6439
vn -0.7651 -0.0000 0.6439
vn -0.7651 0.0002 0.6439
vn -0.0003 -0.7071 0.7071
vn 0.0003 0.7071 -0.7071
vn -0.0002 -0.0000 1.0000
vn -0.3246 -0.6606 0.6769
vn -0.4384 -0.8988 -0.0000
vn -0.3261 -0.6686 -0.6683
vn -0.3261 -0.6687 -0.6682
vn -0.3261 -0.6685 -0.6684
vn 0.4387 0.8986 -0.0000
vn 0.3318 0.6753 0.6587
vn 0.3261 0.6685 -0.6685
vn 0.3261 0.6684 -0.6685
vn 0.6191 0.5553 -0.5553
vn -0.6191 -0.5553 0.5553
vn -0.7444 -0.6677 -0.0000
vn -0.6191 -0.5553 -0.5553
vn 0.7444 0.6677 -0.0000
vn 0.6191 0.5553 0.5553
vn -0.4472 -0.8944 -0.0000
vn -0.3333 -0.6667 -0.6667
vn 0.4472 0.8944 -0.0000
vn 0.3333 0.6667 0.6667
vn 0.3333 0.6667 -0.6667
vn -0.3333 -0.6667 0.6667
vn -0.0182 -0.0000 -0.9998
vn -0.0148 0.9893 -0.1448
vn -0.0012 0.2132 -0.9770
vn -0.9999 -0.0000 0.0141
vn -1.0000 -0.0000 0.0011
vn -0.9999 -0.0000 0.0133
vn 0.4849 -0.5526 -0.6779
vn 0.0024 -0.7085 0.7058
vn 0.0048 -0.7097 0.7045
vn 0.0049 -0.7097 0.7045
vn 0.0024 -0.7085 0.7057
vn 0.4849 0.5526 -0.6779
vn -0.9295 -0.0000 -0.3689
vn 0.9293 -0.0001 -0.3693
vn 0.9294 -0.0001 -0.3691
vn 0.9294 -0.0002 -0.3691
vn 0.6769 -0.6606 0.3246
vn -0.0000 -0.8988 0.4384
vn -0.6685 -0.6685 0.3261
vn -0.0000 0.8988 -0.4384
vn 0.6587 0.6753 -0.3318
vn -0.6685 0.6685 -0.3261
vn 0.0370 0.6821 -0.7303
vn -0.7037 -0.7104 0.0108
vn -0.7037 0.7104 0.0108
vn 0.0370 -0.6821 -0.7303
vn 0.0035 -0.0002 1.0000
vn 0.0035 -0.0001 1.0000
vn -0.0014 -0.0000 -1.0000
vn -0.0012 -0.0000 -1.0000
vn -0.5553 0.5553 -0.6191
vn 0.5553 -0.5553 0.6191
vn -0.0000 -0.6677 0.7444
vn -0.5553 -0.5553 0.6191
vn -0.0000 0.6677 -0.7444
vn 0.5553 0.5553 -0.6191
vn -0.0000 -0.8944 0.4472
vn -0.6667 -0.6667 0.3333
vn -0.0000 0.8944 -0.4472
vn 0.6667 0.6667 -0.3333
vn -0.6667 0.6667 -0.3333
vn 0.6667 -0.6667 0.3333
vn -0.3969 -0.8221 0.4083
vn -0.6976 -0.0000 0.7164
vn -0.3969 0.8221 0.4083
vn 0.0028 0.7082 0.7060
vn 0.0048 0.7094 0.7048
vn -0.0000 0.7074 -0.7068
vn -0.7654 -0.0000 -0.6436
vn 0.7656 -0.0001 -0.6433
vn 0.9295 -0.0000 -0.3688
vn 0.6769 -0.6607 0.3246
vn -0.6684 -0.6685 0.3261
vn -0.6684 0.6685 -0.3261
vn 0.6666 -0.6667 0.3333
vn 0.7651 -0.0001 -0.6439
vn 0.7651 -0.0000 -0.6439
vn 0.7651 0.0002 -0.6439
vn 0.0003 -0.7071 -0.7071
vn -0.0003 0.7071 0.7071
vn 0.0002 -0.0000 -1.0000
vn 0.3246 -0.6606 -0.6769
vn 0.3261 -0.6686 0.6683
vn 0.3261 -0.6687 0.6682
vn 0.3261 -0.6685 0.6684
vn -0.3318 0.6753 -0.6587
vn -0.3261 0.6685 0.6685
vn -0.3261 0.6684 0.6685
vn -0.0000 -0.7072 -0.7071
vn -0.0000 -0.7073 0.7069
vn 0.0182 -0.0000 -0.9998
vn 0.0148 0.9893 -0.1448
vn 0.0012 0.2132 -0.9770
vn 0.9999 -0.0000 0.0141
vn 0.9999 -0.0000 0.0133
vn 1.0000 -0.0000 0.0011
vn -0.4849 -0.5526 -0.6779
vn -0.0024 -0.7085 0.7057
vn -0.0048 -0.7097 0.7045
vn -0.4849 0.5526 -0.6779
vn 0.9295 -0.0000 -0.3689
vn -0.9293 -0.0003 -0.3693
vn -0.9293 -0.0002 -0.3692
vn -0.9293 -0.0001 -0.3693
vn -0.6769 -0.6606 0.3246
vn 0.6685 -0.6685 0.3261
vn -0.6587 0.6753 -0.3318
vn 0.6685 0.6685 -0.3261
vn -0.0370 0.6821 -0.7303
vn 0.7037 -0.7104 0.0108
vn 0.7037 0.7104 0.0108
vn -0.0370 -0.6821 -0.7303
vn -0.0035 -0.0002 1.0000
vn -0.0035 -0.0001 1.0000
vn 0.0014 -0.0000 -1.0000
vn 0.0012 -0.0000 -1.0000
vn 0.3969 -0.8221 0.4083
vn 0.6976 -0.0000 0.7164
vn 0.3969 0.8221 0.4083
vn -0.0028 0.7082 0.7060
vn -0.0048 0.7094 0.7048
vn 0.7654 -0.0000 -0.6436
vn -0.7656 -0.0002 -0.6433
vn -0.7656 -0.0001 -0.6433
vn -0.9295 -0.0000 -0.3688
vn -0.9295 0.0002 -0.3688
vn -0.6769 -0.6607 0.3246
vn 0.6684 -0.6685 0.3261
vn 0.6684 0.6685 -0.3261
vn -0.6666 -0.6667 0.3333
vn -0.7651 -0.0001 -0.6439
vn -0.7651 0.0001 -0.6439
vn -0.7651 -0.0002 -0.6439
vn -0.0003 -0.7071 -0.7071
vn 0.0003 0.7071 0.7071
vn -0.0002 -0.0000 -1.0000
vn -0.3246 -0.6606 -0.6769
vn -0.3261 -0.6685 0.6684
vn -0.3261 -0.6687 0.6682
vn 0.4383 0.8988 -0.0000
vn 0.3318 0.6753 -0.6587
vn 0.3261 0.6685 0.6685
vn 0.3261 0.6684 0.6685
vn -0.0000 -0.7074 0.7068
vt 0.978312 0.969520
vt 0.898374 0.969520
vt 0.898374 0.914368
vt 0.978312 0.914368
vt 0.933807 0.936765
vt 0.941244 0.943831
vt 0.971986 0.903791
vt 0.897914 0.943910
vt 0.977852 0.943910
vt 0.898374 0.903353
vt 0.978312 0.903353
vt 0.896618 0.903791
vt 0.904056 0.908502
vt 0.896618 0.908502
vt 0.904056 0.915568
vt 0.911494 0.915568
vt 0.970995 0.979159
vt 0.971986 0.979159
vt 0.970995 0.972094
vt 0.963557 0.965028
vt 0.963557 0.972094
vt 0.911494 0.922633
vt 0.918931 0.922633
vt 0.918931 0.929699
vt 0.926369 0.929699
vt 0.926369 0.936765
vt 0.933807 0.943831
vt 0.941244 0.950897
vt 0.948682 0.950897
vt 0.948682 0.957962
vt 0.956119 0.957962
vt 0.956119 0.965028
vt 0.887508 0.944674
vt 0.998331 0.944674
vt 0.998331 0.945448
vt 0.887508 0.945448
vt 0.962191 0.958131
vt 0.957660 0.956661
vt 0.957660 0.951147
vt 0.908038 0.907039
vt 0.908038 0.903363
vt 0.913552 0.907039
vt 0.919065 0.912553
vt 0.913552 0.912553
vt 0.952146 0.951147
vt 0.952146 0.945634
vt 0.946633 0.945634
vt 0.946633 0.940120
vt 0.941119 0.940120
vt 0.941119 0.934607
vt 0.935606 0.934607
vt 0.935606 0.929093
vt 0.930092 0.929093
vt 0.930092 0.923580
vt 0.924579 0.923580
vt 0.924579 0.918066
vt 0.919065 0.918066
vt 0.998331 0.949975
vt 0.998331 0.908300
vt 0.887509 0.908300
vt 0.887509 0.949975
vt 0.998331 0.904771
vt 0.887509 0.904771
vt 0.971986 0.972094
vt 0.976443 0.957711
vt 0.898083 0.956441
vt 0.898842 0.903299
vt 0.996897 0.904770
vt 0.956982 0.987851
vt 0.930389 0.987851
vt 0.917092 0.903310
vt 0.956982 0.903310
vt 0.950308 0.903731
vt 0.887509 0.907202
vt 0.998331 0.907202
vt 0.887509 0.946336
vt 0.998331 0.946336
vt 0.887509 0.909084
vt 0.998331 0.909084
vt 0.887509 0.946378
vt 0.998331 0.946378
vt 0.887509 0.907285
vt 0.998331 0.907285
vt 0.887509 0.942738
vt 0.998331 0.942738
vt 0.887509 0.905486
vt 0.998331 0.905486
vt 0.887509 0.944620
vt 0.998331 0.944620
vt 0.887509 0.905527
vt 0.998331 0.905527
vt 0.887509 0.944661
vt 0.998331 0.944661
vt 0.887509 0.905568
vt 0.998331 0.905568
vt 0.887509 0.945623
vt 0.998331 0.945623
vt 0.887509 0.905610
vt 0.998331 0.905609
vt 0.887509 0.945664
vt 0.998331 0.945664
vt 0.887509 0.905650
vt 0.998331 0.905650
vt 0.887509 0.943864
vt 0.998331 0.943864
vt 0.974370 0.936855
vt 0.967240 0.936853
vt 0.967213 0.937420
vt 0.960084 0.937418
vt 0.960057 0.937985
vt 0.952927 0.937983
vt 0.952900 0.938550
vt 0.945771 0.938548
vt 0.945744 0.939115
vt 0.938614 0.939113
vt 0.938588 0.939681
vt 0.931458 0.939678
vt 0.931431 0.940246
vt 0.924301 0.940244
vt 0.924275 0.940811
vt 0.917145 0.940809
vt 0.917118 0.941376
vt 0.909988 0.941374
vt 0.909961 0.941964
vt 0.886909 0.941971
vt 0.886909 0.942362
vt 0.957950 0.942327
vt 0.974303 0.939629
vt 0.990466 0.936962
vt 0.978502 0.949766
vt 0.967426 0.946670
vt 0.940865 0.949767
vt 0.978510 0.948693
vt 0.980668 0.946552
vt 0.908561 0.954217
vt 0.908561 0.950691
vt 0.974642 0.950691
vt 0.974642 0.954217
vt 0.998331 0.969342
vt 0.887508 0.969342
vt 0.940865 0.946568
vt 0.966144 0.807016
vt 0.966138 0.806335
vt 0.996538 0.805985
vt 0.996604 0.806726
vt 0.924356 0.887455
vt 0.912798 0.887073
vt 0.924356 0.883374
vt 0.982045 0.809160
vt 0.980813 0.814635
vt 0.954186 0.815540
vt 0.954091 0.808483
vt 0.937204 0.819967
vt 0.917382 0.815159
vt 0.893278 0.812295
vt 0.935995 0.878441
vt 0.888556 0.815783
vt 0.941818 0.821614
vt 0.940146 0.874290
vt 0.898343 0.887073
vt 0.886785 0.887455
vt 0.886785 0.883374
vt 0.945003 0.816035
vt 0.933040 0.816087
vt 0.934652 0.809069
vt 0.943305 0.809824
vt 0.933144 0.884246
vt 0.945107 0.884195
vt 0.943495 0.891212
vt 0.934842 0.890457
vt 0.935530 0.821339
vt 0.942218 0.821311
vt 0.942617 0.878942
vt 0.935929 0.878970
vt 0.967184 0.876791
vt 0.969194 0.882564
vt 0.925959 0.882564
vt 0.923432 0.876791
vt 0.919501 0.814301
vt 0.922610 0.807928
vt 0.965715 0.807928
vt 0.962606 0.814301
vt 0.967183 0.811588
vt 0.923431 0.811589
vt 0.969710 0.805851
vt 0.925958 0.805852
vt 0.917499 0.877547
vt 0.917498 0.813172
vt 0.960695 0.813171
vt 0.960696 0.877546
vt 0.915003 0.883211
vt 0.958200 0.883210
vt 0.916791 0.897942
vt 0.920582 0.890172
vt 0.973136 0.890172
vt 0.969346 0.897942
vt 0.915513 0.807472
vt 0.958199 0.807472
vt 0.898343 0.891314
vt 0.886785 0.891415
vt 0.917438 0.808165
vt 0.894491 0.807559
vt 0.996725 0.814681
vt 0.947853 0.873492
vt 0.966224 0.815549
vt 0.924356 0.891415
vt 0.912798 0.891314
vt 0.884493 0.809801
vt 0.884486 0.809120
vt 0.921180 0.806903
vt 0.921186 0.807584
vt 0.911191 0.811298
vt 0.911573 0.807323
vt 0.977596 0.807323
vt 0.977214 0.811298
vt 0.971808 0.856920
vt 0.972139 0.860916
vt 0.915011 0.860916
vt 0.914680 0.856920
vt 0.902311 0.816583
vt 0.902770 0.810717
vt 0.986652 0.810717
vt 0.986194 0.816583
vt 0.971808 0.811637
vt 0.914680 0.811637
vt 0.972139 0.807641
vt 0.915011 0.807641
vt 0.911191 0.856331
vt 0.977214 0.856331
vt 0.911573 0.860305
vt 0.977597 0.860305
vt 0.891310 0.897085
vt 0.890794 0.893554
vt 0.985092 0.893554
vt 0.985608 0.897085
vt 0.958867 0.807193
vt 0.955723 0.813637
vt 0.912140 0.813637
vt 0.915283 0.807193
vt 0.956406 0.812999
vt 0.956406 0.877950
vt 0.912823 0.877951
vt 0.912822 0.812999
vt 0.958923 0.807284
vt 0.915339 0.807284
vt 0.915339 0.877986
vt 0.915339 0.813034
vt 0.958922 0.813034
vt 0.958923 0.877985
vt 0.912822 0.883701
vt 0.956406 0.883700
vt 0.913336 0.807284
vt 0.956404 0.807284
vt 0.958409 0.883701
vt 0.915341 0.883701
vt 0.958396 0.874541
vt 0.955252 0.880985
vt 0.911669 0.880985
vt 0.914812 0.874541
vt 0.921064 0.816199
vt 0.942216 0.859524
vt 0.938366 0.856497
vt 0.932367 0.855534
vt 0.995728 0.888191
vt 0.995787 0.891788
vt 0.904710 0.893276
vt 0.904651 0.889679
vt 0.990441 0.819926
vt 0.990441 0.825806
vt 0.894358 0.825806
vt 0.892335 0.819926
vt 0.892335 0.878705
vt 0.892335 0.884902
vt 0.988418 0.884902
vt 0.990441 0.878705
vt 0.990441 0.833161
vt 0.894358 0.833161
vt 0.892335 0.807959
vt 0.990441 0.807959
vt 0.892335 0.813840
vt 0.988418 0.813840
vt 0.892335 0.880468
vt 0.990441 0.813840
vt 0.990441 0.880468
vt 0.892335 0.886349
vt 0.988418 0.886349
vt 0.950425 0.817600
vt 0.950425 0.882651
vt 0.927721 0.882681
vt 0.927721 0.817630
vt 0.975019 0.709573
vt 0.975019 0.776760
vt 0.965455 0.776760
vt 0.965455 0.709573
vt 0.955890 0.776760
vt 0.955890 0.709573
vt 0.946325 0.776760
vt 0.946325 0.709573
vt 0.936760 0.776760
vt 0.936760 0.709573
vt 0.927195 0.776760
vt 0.927195 0.709573
vt 0.917630 0.776760
vt 0.917630 0.709573
vt 0.908066 0.776760
vt 0.908066 0.709573
vt 0.898501 0.776760
vt 0.898501 0.709573
vt 0.947818 0.859434
vt 0.906148 0.859434
vt 0.906148 0.855946
vt 0.947818 0.855946
vt 0.939645 0.815278
vt 0.980911 0.815278
vt 0.981017 0.819125
vt 0.939645 0.819125
vt 0.941062 0.813436
vt 0.895076 0.813436
vt 0.895076 0.810661
vt 0.941062 0.810661
vt 0.939645 0.862715
vt 0.981017 0.862715
vt 0.906148 0.816423
vt 0.947818 0.816424
vt 0.941062 0.816487
vt 0.894958 0.816487
vt 0.982666 0.881827
vt 0.942107 0.881827
vt 0.942107 0.872638
vt 0.982666 0.872638
vt 0.982666 0.890187
vt 0.942107 0.890187
s 1
f 3/1/1 2/2/2 33/3/2 53/4/1
f 42/5/3 44/6/3 1/7/3
f 53/4/4 33/3/4 52/8/4 55/9/4
f 55/9/5 52/8/5 51/10/5 56/11/5
f 56/11/6 51/10/6 50/8/6 57/9/6
f 57/9/2 50/8/2 49/10/2 58/11/2
f 58/11/6 49/10/6 48/8/6 59/9/6
f 59/9/2 48/8/2 47/10/2 60/11/2
f 60/11/6 47/10/6 46/8/6 61/9/6
f 61/9/2 46/8/2 45/10/2 62/11/2
f 62/11/6 45/10/6 44/8/6 63/9/6
f 63/9/2 44/8/2 43/10/2 64/11/2
f 64/11/6 43/10/6 42/8/6 65/9/6
f 65/9/2 42/8/2 41/10/2 66/11/2
f 66/11/6 41/10/6 40/8/6 67/9/6
f 67/9/2 40/8/2 39/10/2 68/11/2
f 68/11/6 39/10/6 38/8/6 69/9/6
f 69/9/2 38/8/2 37/10/2 70/11/2
f 70/11/6 37/10/6 36/8/6 71/9/6
f 71/9/2 36/8/2 35/10/2 72/11/2
f 72/11/6 35/10/6 34/8/6 73/9/6
f 73/9/2 34/8/2 32/10/2 54/11/2
f 31/9/6 54/11/6 32/10/6 30/8/6
f 1/7/3 30/12/3 34/13/3
f 30/12/3 32/14/3 34/13/3
f 34/13/3 35/15/3 36/16/3
f 33/17/3 2/18/3 52/19/3
f 2/18/3 1/7/3 52/19/3
f 50/20/3 51/21/3 52/19/3
f 1/7/3 34/13/3 36/16/3
f 36/16/3 37/22/3 38/23/3
f 38/23/3 39/24/3 40/25/3
f 40/25/3 41/26/3 42/5/3
f 42/5/3 43/27/3 44/6/3
f 44/6/3 45/28/3 46/29/3
f 46/29/3 47/30/3 48/31/3
f 48/31/3 49/32/3 50/20/3
f 50/20/3 52/19/3 1/7/3
f 1/7/3 36/16/3 38/23/3
f 1/7/3 38/23/3 40/25/3
f 48/31/3 50/20/3 1/7/3
f 46/29/3 48/31/3 1/7/3
f 1/7/3 40/25/3 42/5/3
f 44/6/3 46/29/3 1/7/3
f 3/33/1 53/34/1 75/35/7 5/36/7
f 55/37/8 56/38/8 57/39/8
f 54/40/8 31/41/8 73/42/8
f 71/43/8 72/44/8 73/42/8
f 57/39/8 58/45/8 59/46/8
f 59/46/8 60/47/8 61/48/8
f 61/48/8 62/49/8 63/50/8
f 63/50/8 64/51/8 65/52/8
f 65/52/8 66/53/8 67/54/8
f 67/54/8 68/55/8 69/56/8
f 69/56/8 70/57/8 71/43/8
f 82/58/9 76/59/9 6/60/9 27/61/9
f 5/36/10 75/35/10 81/62/10 10/63/10
f 80/19/11 9/64/11 7/64/11 77/19/11
f 74/65/12 55/66/12 78/67/12 79/68/12
f 4/69/13 74/70/13 79/71/13 8/72/13
f 67/54/8 69/56/8 78/73/8
f 74/19/14 4/64/14 9/64/14 80/19/14
f 82/58/15 27/61/15 26/74/15 83/75/15
f 83/75/16 26/74/16 25/76/16 84/77/16
f 84/77/15 25/76/15 24/78/15 85/79/15
f 85/79/16 24/78/16 23/80/16 86/81/16
f 86/81/15 23/80/15 22/82/15 87/83/15
f 87/83/16 22/82/16 21/84/16 88/85/16
f 88/85/15 21/84/15 20/86/15 89/87/15
f 89/87/10 20/86/10 19/88/10 90/89/10
f 90/89/17 19/88/17 18/90/17 91/91/17
f 91/91/10 18/90/10 17/92/10 92/93/10
f 92/93/17 17/92/17 16/94/17 93/95/17
f 93/95/10 16/94/10 15/96/10 94/97/10
f 94/97/17 15/96/17 14/98/17 95/99/17
f 95/99/10 14/98/10 13/100/10 96/101/10
f 96/101/17 13/100/17 12/102/17 97/103/17
f 97/103/10 12/102/10 11/104/10 98/105/10
f 98/105/17 11/104/17 10/63/17 81/62/17
f 82/106/6 83/107/6 84/108/6
f 84/108/6 85/109/6 86/110/6
f 86/110/6 87/111/6 88/112/6
f 88/112/6 89/113/6 90/114/6
f 90/114/6 91/115/6 92/116/6
f 92/116/6 93/117/6 94/118/6
f 94/118/6 95/119/6 96/120/6
f 96/120/6 97/121/6 98/122/6
f 98/122/6 81/123/6 75/124/6
f 75/124/6 53/125/6 55/126/6
f 74/127/6 80/128/6 92/116/6
f 80/128/6 77/129/6 84/108/6
f 76/130/6 77/131/6 100/132/6
f 75/124/6 55/126/6 74/127/6
f 96/120/6 98/122/6 74/127/6
f 98/122/6 75/124/6 74/127/6
f 92/116/6 94/118/6 74/127/6
f 94/118/6 96/120/6 74/127/6
f 90/114/6 92/116/6 80/128/6
f 84/108/6 86/110/6 80/128/6
f 86/110/6 88/112/6 80/128/6
f 88/112/6 90/114/6 80/128/6
f 77/131/6 82/133/6 84/134/6
f 63/50/8 65/52/8 78/73/8
f 65/52/8 67/54/8 78/73/8
f 61/48/8 63/50/8 78/73/8
f 59/46/8 61/48/8 78/73/8
f 78/73/8 55/37/8 57/39/8
f 73/42/8 31/41/8 78/73/8
f 71/43/8 73/42/8 78/73/8
f 78/73/8 57/39/8 59/46/8
f 69/56/8 71/43/8 78/73/8
f 77/135/18 7/136/18 29/137/19 99/138/19
f 6/60/2 76/59/2 100/139/2 28/140/2
f 82/133/6 77/131/6 76/130/6
f 100/132/6 77/131/6 99/141/6
f 139/142/20 141/143/20 106/144/21 107/145/22
f 122/146/23 109/147/23 118/148/23
f 101/149/24 629/150/24 144/151/25 142/152/25
f 629/150/19 145/153/19 144/151/19
f 143/154/19 145/153/19 111/155/19
f 105/156/2 640/157/2 148/158/2 123/159/2
f 108/160/26 123/161/26 120/162/26
f 134/163/27 138/164/27 112/165/27 110/166/27
f 160/167/28 159/168/29 132/169/30 114/170/29
f 157/171/6 136/172/6 158/173/6 161/174/6
f 118/175/31 109/176/31 127/177/31 130/178/31
f 107/179/22 106/180/21 124/181/3 125/182/3
f 111/183/32 118/175/32 130/178/32 128/184/32
f 106/185/33 111/183/33 128/184/33 124/186/33
f 120/187/34 115/188/34 129/189/34 131/190/34
f 108/191/35 120/187/35 131/190/35 126/192/35
f 109/193/8 108/194/8 126/195/8 127/196/8
f 115/188/36 107/197/36 125/198/36 129/189/36
f 103/199/37 105/200/37 123/161/37 108/160/37
f 141/201/38 143/154/38 111/155/38 106/202/38
f 123/159/2 148/158/2 115/203/2 120/204/2
f 147/205/39 139/142/39 107/145/39 115/203/39
f 104/206/40 102/207/40 109/147/40 122/146/40
f 602/208/41 101/209/42 142/210/43 140/211/43
f 102/207/44 103/199/45 108/160/46 109/147/46
f 129/212/47 125/213/47 119/214/47 133/215/47
f 130/216/48 127/217/48 116/218/48 135/219/48
f 125/220/3 124/221/3 121/222/3 119/223/3
f 128/224/49 130/216/49 135/219/49 113/225/49
f 124/226/50 128/224/50 113/225/50 121/227/50
f 131/228/51 129/212/51 133/215/51 137/229/51
f 126/230/52 131/228/52 137/229/52 117/231/52
f 127/232/8 126/233/8 117/234/8 116/235/8
f 119/236/3 121/237/3 153/238/3 152/239/3
f 113/240/53 135/241/53 155/242/53 149/243/53
f 121/244/54 113/240/54 149/243/54 153/245/54
f 137/246/55 133/247/55 154/248/55 156/249/55
f 117/250/56 137/246/56 156/249/56 151/251/56
f 133/247/57 119/252/57 152/253/57 154/248/57
f 135/241/58 116/254/58 150/255/58 155/242/58
f 116/256/8 117/257/8 151/258/8 150/259/8
f 143/154/19 144/151/19 145/153/19
f 146/260/2 147/205/2 148/158/2
f 143/154/59 141/201/59 142/152/59 144/151/59
f 141/143/60 139/142/60 140/211/60 142/210/60
f 139/142/61 147/205/61 146/260/61 140/211/61
f 640/157/62 602/208/62 140/211/63 146/260/63
f 148/158/2 640/157/2 146/260/2
f 115/203/2 148/158/2 147/205/2
f 145/153/19 629/150/19 104/261/19 122/262/19
f 111/155/19 145/153/19 122/262/19 118/263/19
f 150/264/8 151/265/8 114/266/8 132/267/8
f 154/268/64 152/269/64 112/270/64 138/271/64
f 155/272/65 150/273/65 132/274/65 159/275/65
f 152/269/3 153/276/3 110/277/3 112/270/3
f 149/278/19 155/272/19 159/275/19 134/279/19
f 153/280/66 149/278/66 134/279/66 110/281/66
f 156/282/2 154/280/2 138/283/2 160/284/2
f 151/285/67 156/282/67 160/284/67 114/286/67
f 158/173/68 136/172/68 134/287/68 159/288/68
f 157/171/69 161/174/69 160/289/69 138/290/69
f 138/164/70 134/163/70 136/172/70 157/171/70
f 159/168/71 160/167/72 161/174/71 158/173/73
f 162/291/74 163/292/74 165/293/74 164/294/74
f 164/294/75 165/293/75 167/295/75 166/296/75
f 166/296/76 167/295/76 169/297/76 168/298/76
f 168/298/77 169/297/77 171/299/77 170/300/77
f 170/300/78 171/299/78 173/301/78 172/302/78
f 172/302/79 173/301/79 175/303/79 174/304/79
f 174/304/80 175/303/80 177/305/80 176/306/80
f 176/306/81 177/305/81 163/307/81 162/308/81
f 179/306/81 178/305/81 192/307/81 193/308/81
f 181/304/80 180/303/80 178/305/80 179/306/80
f 183/302/79 182/301/79 180/303/79 181/304/79
f 185/300/78 184/299/78 182/301/78 183/302/78
f 187/298/77 186/297/77 184/299/77 185/300/77
f 189/296/76 188/295/76 186/297/76 187/298/76
f 191/294/75 190/293/75 188/295/75 189/296/75
f 193/291/74 192/292/74 190/293/74 191/294/74
f 195/306/81 194/305/81 208/307/81 209/308/81
f 197/304/80 196/303/80 194/305/80 195/306/80
f 199/302/79 198/301/79 196/303/79 197/304/79
f 201/300/78 200/299/78 198/301/78 199/302/78
f 203/298/77 202/297/77 200/299/77 201/300/77
f 205/296/76 204/295/76 202/297/76 203/298/76
f 207/294/75 206/293/75 204/295/75 205/296/75
f 209/291/74 208/292/74 206/293/74 207/294/74
f 211/306/81 210/305/81 224/307/81 225/308/81
f 213/304/80 212/303/80 210/305/80 211/306/80
f 215/302/79 214/301/79 212/303/79 213/304/79
f 217/300/78 216/299/78 214/301/78 215/302/78
f 219/298/77 218/297/77 216/299/77 217/300/77
f 221/296/76 220/295/76 218/297/76 219/298/76
f 223/294/75 222/293/75 220/295/75 221/296/75
f 225/291/74 224/292/74 222/293/74 223/294/74
f 227/306/81 226/305/81 240/307/81 241/308/81
f 229/304/80 228/303/80 226/305/80 227/306/80
f 231/302/79 230/301/79 228/303/79 229/304/79
f 233/300/78 232/299/78 230/301/78 231/302/78
f 235/298/77 234/297/77 232/299/77 233/300/77
f 237/296/76 236/295/76 234/297/76 235/298/76
f 239/294/75 238/293/75 236/295/75 237/296/75
f 241/291/74 240/292/74 238/293/74 239/294/74
f 242/291/74 243/292/74 245/293/74 244/294/74
f 244/294/75 245/293/75 247/295/75 246/296/75
f 246/296/76 247/295/76 249/297/76 248/298/76
f 248/298/77 249/297/77 251/299/77 250/300/77
f 250/300/78 251/299/78 253/301/78 252/302/78
f 252/302/79 253/301/79 255/303/79 254/304/79
f 254/304/80 255/303/80 257/305/80 256/306/80
f 256/306/81 257/305/81 243/307/81 242/308/81
f 258/291/74 259/292/74 261/293/74 260/294/74
f 260/294/75 261/293/75 263/295/75 262/296/75
f 262/296/76 263/295/76 265/297/76 264/298/76
f 264/298/77 265/297/77 267/299/77 266/300/77
f 266/300/78 267/299/78 269/301/78 268/302/78
f 268/302/79 269/301/79 271/303/79 270/304/79
f 270/304/80 271/303/80 273/305/80 272/306/80
f 272/306/81 273/305/81 259/307/81 258/308/81
f 274/291/74 275/292/74 277/293/74 276/294/74
f 276/294/75 277/293/75 279/295/75 278/296/75
f 278/296/76 279/295/76 281/297/76 280/298/76
f 280/298/77 281/297/77 283/299/77 282/300/77
f 282/300/78 283/299/78 285/301/78 284/302/78
f 284/302/79 285/301/79 287/303/79 286/304/79
f 286/304/80 287/303/80 289/305/80 288/306/80
f 288/306/81 289/305/81 275/307/81 274/308/81
f 316/163/27 320/164/27 296/165/27 294/166/27
f 332/167/82 331/168/82 314/169/82 298/170/82
f 329/171/6 318/172/6 330/173/6 333/174/6
f 302/175/83 293/176/83 309/177/83 312/178/83
f 291/179/3 290/180/3 306/181/3 307/182/3
f 295/183/32 302/175/32 312/178/32 310/184/32
f 290/185/84 295/183/84 310/184/84 306/186/84
f 304/187/34 299/188/34 311/189/34 313/190/34
f 292/191/35 304/187/35 313/190/35 308/192/35
f 293/193/8 292/194/8 308/195/8 309/196/8
f 299/188/85 291/197/85 307/198/85 311/189/85
f 311/212/47 307/213/47 303/214/47 315/215/47
f 312/216/48 309/217/48 300/218/48 317/219/48
f 307/220/3 306/221/3 305/222/3 303/223/3
f 310/224/49 312/216/49 317/219/49 297/225/49
f 306/226/50 310/224/50 297/225/50 305/227/50
f 313/228/51 311/212/51 315/215/51 319/229/51
f 308/230/52 313/228/52 319/229/52 301/231/52
f 309/232/8 308/233/8 301/234/8 300/235/8
f 303/236/3 305/237/3 325/238/3 324/239/3
f 297/240/53 317/241/53 327/242/53 321/243/53
f 305/244/54 297/240/54 321/243/54 325/245/54
f 319/246/55 315/247/55 326/248/55 328/249/55
f 301/250/56 319/246/56 328/249/56 323/251/56
f 315/247/57 303/252/57 324/253/57 326/248/57
f 317/241/86 300/254/86 322/255/86 327/242/86
f 300/256/8 301/257/8 323/258/8 322/259/8
f 322/264/8 323/265/8 298/266/8 314/267/8
f 326/268/64 324/269/64 296/270/64 320/271/64
f 327/272/65 322/273/65 314/274/65 331/275/65
f 324/269/3 325/276/3 294/277/3 296/270/3
f 321/278/19 327/272/19 331/275/19 316/279/19
f 325/280/66 321/278/66 316/279/66 294/281/66
f 328/282/2 326/280/2 320/283/2 332/284/2
f 323/285/67 328/282/67 332/284/67 298/286/67
f 330/173/68 318/172/68 316/287/68 331/288/68
f 329/171/87 333/174/87 332/289/87 320/290/87
f 320/164/70 316/163/70 318/172/70 329/171/70
f 331/168/88 332/167/88 333/174/89 330/173/89
f 334/291/74 335/292/74 337/293/74 336/294/74
f 336/294/75 337/293/75 339/295/75 338/296/75
f 338/296/76 339/295/76 341/297/76 340/298/76
f 340/298/77 341/297/77 343/299/77 342/300/77
f 342/300/78 343/299/78 345/301/78 344/302/78
f 344/302/79 345/301/79 347/303/79 346/304/79
f 346/304/80 347/303/80 349/305/80 348/306/80
f 348/306/81 349/305/81 335/307/81 334/308/81
f 351/306/81 350/305/81 364/307/81 365/308/81
f 353/304/80 352/303/80 350/305/80 351/306/80
f 355/302/79 354/301/79 352/303/79 353/304/79
f 357/300/78 356/299/78 354/301/78 355/302/78
f 359/298/77 358/297/77 356/299/77 357/300/77
f 361/296/76 360/295/76 358/297/76 359/298/76
f 363/294/75 362/293/75 360/295/75 361/296/75
f 365/291/74 364/292/74 362/293/74 363/294/74
f 367/306/81 366/305/81 380/307/81 381/308/81
f 369/304/80 368/303/80 366/305/80 367/306/80
f 371/302/79 370/301/79 368/303/79 369/304/79
f 373/300/78 372/299/78 370/301/78 371/302/78
f 375/298/77 374/297/77 372/299/77 373/300/77
f 377/296/76 376/295/76 374/297/76 375/298/76
f 379/294/75 378/293/75 376/295/75 377/296/75
f 381/291/74 380/292/74 378/293/74 379/294/74
f 383/306/81 382/305/81 396/307/81 397/308/81
f 385/304/80 384/303/80 382/305/80 383/306/80
f 387/302/79 386/301/79 384/303/79 385/304/79
f 389/300/78 388/299/78 386/301/78 387/302/78
f 391/298/77 390/297/77 388/299/77 389/300/77
f 393/296/76 392/295/76 390/297/76 391/298/76
f 395/294/75 394/293/75 392/295/75 393/296/75
f 397/291/74 396/292/74 394/293/74 395/294/74
f 399/306/81 398/305/81 412/307/81 413/308/81
f 401/304/80 400/303/80 398/305/80 399/306/80
f 403/302/79 402/301/79 400/303/79 401/304/79
f 405/300/78 404/299/78 402/301/78 403/302/78
f 407/298/77 406/297/77 404/299/77 405/300/77
f 409/296/76 408/295/76 406/297/76 407/298/76
f 411/294/75 410/293/75 408/295/75 409/296/75
f 413/291/74 412/292/74 410/293/74 411/294/74
f 414/291/74 415/292/74 417/293/74 416/294/74
f 416/294/75 417/293/75 419/295/75 418/296/75
f 418/296/76 419/295/76 421/297/76 420/298/76
f 420/298/77 421/297/77 423/299/77 422/300/77
f 422/300/78 423/299/78 425/301/78 424/302/78
f 424/302/79 425/301/79 427/303/79 426/304/79
f 426/304/80 427/303/80 429/305/80 428/306/80
f 428/306/81 429/305/81 415/307/81 414/308/81
f 430/291/74 431/292/74 433/293/74 432/294/74
f 432/294/75 433/293/75 435/295/75 434/296/75
f 434/296/76 435/295/76 437/297/76 436/298/76
f 436/298/77 437/297/77 439/299/77 438/300/77
f 438/300/78 439/299/78 441/301/78 440/302/78
f 440/302/79 441/301/79 443/303/79 442/304/79
f 442/304/80 443/303/80 445/305/80 444/306/80
f 444/306/81 445/305/81 431/307/81 430/308/81
f 292/194/8 293/193/8 447/193/8 446/194/8
f 448/291/74 449/292/74 451/293/74 450/294/74
f 450/294/75 451/293/75 453/295/75 452/296/75
f 452/296/76 453/295/76 455/297/76 454/298/76
f 454/298/77 455/297/77 457/299/77 456/300/77
f 456/300/78 457/299/78 459/301/78 458/302/78
f 458/302/79 459/301/79 461/303/79 460/304/79
f 460/304/80 461/303/80 463/305/80 462/306/80
f 462/306/81 463/305/81 449/307/81 448/308/81
f 464/291/74 465/292/74 467/293/74 466/294/74
f 466/294/75 467/293/75 469/295/75 468/296/75
f 468/296/76 469/295/76 471/297/76 470/298/76
f 470/298/77 471/297/77 473/299/77 472/300/77
f 472/300/78 473/299/78 475/301/78 474/302/78
f 474/302/79 475/301/79 477/303/79 476/304/79
f 476/304/80 477/303/80 479/305/80 478/306/80
f 478/306/81 479/305/81 465/307/81 464/308/81
f 290/180/3 291/179/3 485/179/3 483/180/3
f 295/183/66 290/185/66 483/185/66 482/183/66
f 302/175/19 295/183/19 482/183/19 484/175/19
f 291/197/64 299/188/64 481/188/64 485/197/64
f 299/188/2 304/187/2 480/187/2 481/188/2
f 293/176/65 302/175/65 484/175/65 447/176/65
f 304/187/67 292/191/67 446/191/67 480/187/67
f 611/309/68 604/310/90 617/311/90 614/312/68
f 612/313/91 606/314/92 487/315/91 609/316/91
f 608/317/93 486/318/93 606/319/93 612/320/93
f 610/321/2 609/316/2 487/315/2 488/322/2
f 489/291/74 490/292/74 492/293/74 491/294/74
f 491/294/75 492/293/75 494/295/75 493/296/75
f 493/296/76 494/295/76 496/297/76 495/298/76
f 495/298/77 496/297/77 498/299/77 497/300/77
f 497/300/78 498/299/78 500/301/78 499/302/78
f 499/302/79 500/301/79 502/303/79 501/304/79
f 501/304/80 502/303/80 504/305/80 503/306/80
f 503/306/81 504/305/81 490/307/81 489/308/81
f 505/291/74 506/292/74 508/293/74 507/294/74
f 507/294/75 508/293/75 510/295/75 509/296/75
f 509/296/76 510/295/76 512/297/76 511/298/76
f 511/298/77 512/297/77 514/299/77 513/300/77
f 513/300/78 514/299/78 516/301/78 515/302/78
f 515/302/79 516/301/79 518/303/79 517/304/79
f 517/304/80 518/303/80 520/305/80 519/306/80
f 519/306/81 520/305/81 506/307/81 505/308/81
f 521/291/74 522/292/74 524/293/74 523/294/74
f 523/294/75 524/293/75 526/295/75 525/296/75
f 525/296/76 526/295/76 528/297/76 527/298/76
f 527/298/77 528/297/77 530/299/77 529/300/77
f 529/300/78 530/299/78 532/301/78 531/302/78
f 531/302/79 532/301/79 534/303/79 533/304/79
f 533/304/80 534/303/80 536/305/80 535/306/80
f 535/306/81 536/305/81 522/307/81 521/308/81
f 537/291/74 538/292/74 540/293/74 539/294/74
f 539/294/75 540/293/75 542/295/75 541/296/75
f 541/296/76 542/295/76 544/297/76 543/298/76
f 543/298/77 544/297/77 546/299/77 545/300/77
f 545/300/78 546/299/78 548/301/78 547/302/78
f 547/302/79 548/301/79 550/303/79 549/304/79
f 549/304/80 550/303/80 552/305/80 551/306/80
f 551/306/81 552/305/81 538/307/81 537/308/81
f 553/291/74 554/292/74 556/293/74 555/294/74
f 555/294/75 556/293/75 558/295/75 557/296/75
f 557/296/76 558/295/76 560/297/76 559/298/76
f 559/298/77 560/297/77 562/299/77 561/300/77
f 561/300/78 562/299/78 564/301/78 563/302/78
f 563/302/79 564/301/79 566/303/79 565/304/79
f 565/304/80 566/303/80 568/305/80 567/306/80
f 567/306/81 568/305/81 554/307/81 553/308/81
f 569/291/74 570/292/74 572/293/74 571/294/74
f 571/294/75 572/293/75 574/295/75 573/296/75
f 573/296/76 574/295/76 576/297/76 575/298/76
f 575/298/77 576/297/77 578/299/77 577/300/77
f 577/300/78 578/299/78 580/301/78 579/302/78
f 579/302/79 580/301/79 582/303/79 581/304/79
f 581/304/80 582/303/80 584/305/80 583/306/80
f 583/306/81 584/305/81 570/307/81 569/308/81
f 585/291/74 586/292/74 588/293/74 587/294/74
f 587/294/75 588/293/75 590/295/75 589/296/75
f 589/296/76 590/295/76 592/297/76 591/298/76
f 591/298/77 592/297/77 594/299/77 593/300/77
f 593/300/78 594/299/78 596/301/78 595/302/78
f 595/302/79 596/301/79 598/303/79 597/304/79
f 597/304/80 598/303/80 600/305/80 599/306/80
f 599/306/81 600/305/81 586/307/81 585/308/81
f 603/323/19 613/324/19 614/312/19 617/311/19
f 486/318/94 608/317/94 613/325/95 603/326/94
f 605/327/87 607/328/87 610/329/87 488/330/87
f 604/331/96 611/332/6 607/328/6 605/327/96
f 617/175/97 604/176/97 623/177/97 626/178/97
f 606/179/93 486/180/93 620/181/93 621/182/93
f 603/183/98 617/175/98 626/178/98 624/184/98
f 486/185/99 603/183/100 624/184/99 620/186/100
f 488/187/101 487/188/101 625/189/101 627/190/101
f 605/191/102 488/187/102 627/190/102 622/192/102
f 604/193/96 605/194/96 622/195/6 623/196/6
f 487/188/103 606/197/103 621/198/103 625/189/104
f 625/212/105 621/213/105 618/214/105 628/215/105
f 626/216/106 623/217/106 615/218/106 630/219/106
f 621/220/93 620/221/93 619/222/93 618/223/93
f 624/224/107 626/216/107 630/219/107 601/225/107
f 620/226/108 624/224/108 601/225/108 619/227/108
f 627/228/109 625/212/109 628/215/109 631/229/109
f 622/230/110 627/228/110 631/229/110 616/231/110
f 623/232/6 622/233/6 616/234/6 615/235/6
f 618/236/93 619/237/93 636/238/93 635/239/93
f 601/240/111 630/241/111 638/242/111 632/243/111
f 619/244/112 601/240/112 632/243/112 636/245/112
f 631/246/113 628/247/113 637/248/113 639/249/113
f 616/250/114 631/246/114 639/249/114 634/251/114
f 628/247/115 618/252/115 635/253/115 637/248/115
f 630/241/116 615/254/116 633/255/116 638/242/116
f 615/256/6 616/257/6 634/258/96 633/259/6
f 633/264/6 634/265/96 103/266/45 102/267/44
f 637/268/91 635/269/91 602/270/62 640/271/62
f 638/272/68 633/273/117 102/274/68 104/275/68
f 635/269/93 636/276/93 101/277/42 602/270/41
f 632/278/19 638/272/19 104/275/19 629/279/19
f 636/280/118 632/278/118 629/279/24 101/281/24
f 639/282/2 637/280/2 640/283/2 105/284/2
f 634/285/87 639/282/87 105/284/87 103/286/87
f 641/291/76 642/292/76 644/293/76 643/294/76
f 643/294/77 644/293/77 646/295/77 645/296/77
f 645/296/78 646/295/78 648/297/78 647/298/78
f 647/298/79 648/297/79 650/299/79 649/300/79
f 649/300/80 650/299/80 652/301/80 651/302/80
f 651/302/81 652/301/81 654/303/81 653/304/81
f 653/304/74 654/303/74 656/305/74 655/306/74
f 655/306/75 656/305/75 642/307/75 641/308/75
f 658/306/75 657/305/75 671/307/75 672/308/75
f 660/304/74 659/303/74 657/305/74 658/306/74
f 662/302/81 661/301/81 659/303/81 660/304/81
f 664/300/80 663/299/80 661/301/80 662/302/80
f 666/298/79 665/297/79 663/299/79 664/300/79
f 668/296/78 667/295/78 665/297/78 666/298/78
f 670/294/77 669/293/77 667/295/77 668/296/77
f 672/291/76 671/292/76 669/293/76 670/294/76
f 674/306/75 673/305/75 687/307/75 688/308/75
f 676/304/74 675/303/74 673/305/74 674/306/74
f 678/302/81 677/301/81 675/303/81 676/304/81
f 680/300/80 679/299/80 677/301/80 678/302/80
f 682/298/79 681/297/79 679/299/79 680/300/79
f 684/296/78 683/295/78 681/297/78 682/298/78
f 686/294/77 685/293/77 683/295/77 684/296/77
f 688/291/76 687/292/76 685/293/76 686/294/76
f 690/306/75 689/305/75 703/307/75 704/308/75
f 692/304/74 691/303/74 689/305/74 690/306/74
f 694/302/81 693/301/81 691/303/81 692/304/81
f 696/300/80 695/299/80 693/301/80 694/302/80
f 698/298/79 697/297/79 695/299/79 696/300/79
f 700/296/78 699/295/78 697/297/78 698/298/78
f 702/294/77 701/293/77 699/295/77 700/296/77
f 704/291/76 703/292/76 701/293/76 702/294/76
f 706/306/75 705/305/75 719/307/75 720/308/75
f 708/304/74 707/303/74 705/305/74 706/306/74
f 710/302/81 709/301/81 707/303/81 708/304/81
f 712/300/80 711/299/80 709/301/80 710/302/80
f 714/298/79 713/297/79 711/299/79 712/300/79
f 716/296/78 715/295/78 713/297/78 714/298/78
f 718/294/77 717/293/77 715/295/77 716/296/77
f 720/291/76 719/292/76 717/293/76 718/294/76
f 721/291/76 722/292/76 724/293/76 723/294/76
f 723/294/77 724/293/77 726/295/77 725/296/77
f 725/296/78 726/295/78 728/297/78 727/298/78
f 727/298/79 728/297/79 730/299/79 729/300/79
f 729/300/80 730/299/80 732/301/80 731/302/80
f 731/302/81 732/301/81 734/303/81 733/304/81
f 733/304/74 734/303/74 736/305/74 735/306/74
f 735/306/75 736/305/75 722/307/75 721/308/75
f 737/291/76 738/292/76 740/293/76 739/294/76
f 739/294/77 740/293/77 742/295/77 741/296/77
f 741/296/78 742/295/78 744/297/78 743/298/78
f 743/298/79 744/297/79 746/299/79 745/300/79
f 745/300/80 746/299/80 748/301/80 747/302/80
f 747/302/81 748/301/81 750/303/81 749/304/81
f 749/304/74 750/303/74 752/305/74 751/306/74
f 751/306/75 752/305/75 738/307/75 737/308/75
f 755/1/119 803/4/119 783/3/2 754/2/2
f 792/5/8 753/7/8 794/6/8
f 803/4/120 805/9/120 802/8/120 783/3/120
f 805/9/121 806/11/121 801/10/121 802/8/121
f 806/11/6 807/9/6 800/8/6 801/10/6
f 807/9/2 808/11/2 799/10/2 800/8/2
f 808/11/6 809/9/6 798/8/6 799/10/6
f 809/9/2 810/11/2 797/10/2 798/8/2
f 810/11/6 811/9/6 796/8/6 797/10/6
f 811/9/2 812/11/2 795/10/2 796/8/2
f 812/11/6 813/9/6 794/8/6 795/10/6
f 813/9/2 814/11/2 793/10/2 794/8/2
f 814/11/6 815/9/6 792/8/6 793/10/6
f 815/9/2 816/11/2 791/10/2 792/8/2
f 816/11/6 817/9/6 790/8/6 791/10/6
f 817/9/2 818/11/2 789/10/2 790/8/2
f 818/11/6 819/9/6 788/8/6 789/10/6
f 819/9/2 820/11/2 787/10/2 788/8/2
f 820/11/6 821/9/6 786/8/6 787/10/6
f 821/9/2 822/11/2 785/10/2 786/8/2
f 822/11/6 823/9/6 784/8/6 785/10/6
f 823/9/2 804/11/2 782/10/2 784/8/2
f 781/9/6 780/8/6 782/10/6 804/11/6
f 753/7/8 784/13/8 780/12/8
f 780/12/8 784/13/8 782/14/8
f 784/13/8 786/16/8 785/15/8
f 783/17/8 802/19/8 754/18/8
f 754/18/8 802/19/8 753/7/8
f 800/20/8 802/19/8 801/21/8
f 753/7/8 786/16/8 784/13/8
f 786/16/8 788/23/8 787/22/8
f 788/23/8 790/25/8 789/24/8
f 790/25/8 792/5/8 791/26/8
f 792/5/8 794/6/8 793/27/8
f 794/6/8 796/29/8 795/28/8
f 796/29/8 798/31/8 797/30/8
f 798/31/8 800/20/8 799/32/8
f 800/20/8 753/7/8 802/19/8
f 753/7/8 788/23/8 786/16/8
f 753/7/8 790/25/8 788/23/8
f 798/31/8 753/7/8 800/20/8
f 796/29/8 753/7/8 798/31/8
f 753/7/8 792/5/8 790/25/8
f 794/6/8 753/7/8 796/29/8
f 755/33/119 757/36/122 825/35/122 803/34/119
f 805/37/3 807/39/3 806/38/3
f 804/40/3 823/42/3 781/41/3
f 821/43/3 823/42/3 822/44/3
f 807/39/3 809/46/3 808/45/3
f 809/46/3 811/48/3 810/47/3
f 811/48/3 813/50/3 812/49/3
f 813/50/3 815/52/3 814/51/3
f 815/52/3 817/54/3 816/53/3
f 817/54/3 819/56/3 818/55/3
f 819/56/3 821/43/3 820/57/3
f 832/58/123 779/61/123 758/60/123 826/59/123
f 757/36/124 762/63/124 831/62/124 825/35/124
f 830/19/125 827/19/125 759/64/125 761/64/125
f 824/65/126 829/68/126 828/67/126 805/66/126
f 756/69/127 760/72/127 829/71/127 824/70/127
f 817/54/3 828/73/3 819/56/3
f 824/19/128 830/19/128 761/64/128 756/64/128
f 832/58/129 833/75/129 778/74/129 779/61/129
f 833/75/130 834/77/130 777/76/130 778/74/130
f 834/77/129 835/79/129 776/78/129 777/76/129
f 835/79/130 836/81/130 775/80/130 776/78/130
f 836/81/129 837/83/129 774/82/129 775/80/129
f 837/83/130 838/85/130 773/84/130 774/82/130
f 838/85/129 839/87/129 772/86/129 773/84/129
f 839/87/124 840/89/124 771/88/124 772/86/124
f 840/89/131 841/91/131 770/90/131 771/88/131
f 841/91/124 842/93/124 769/92/124 770/90/124
f 842/93/131 843/95/131 768/94/131 769/92/131
f 843/95/124 844/97/124 767/96/124 768/94/124
f 844/97/131 845/99/131 766/98/131 767/96/131
f 845/99/124 846/101/124 765/100/124 766/98/124
f 846/101/131 847/103/131 764/102/131 765/100/131
f 847/103/124 848/105/124 763/104/124 764/102/124
f 848/105/131 831/62/131 762/63/131 763/104/131
f 832/106/6 834/108/6 833/107/6
f 834/108/6 836/110/6 835/109/6
f 836/110/6 838/112/6 837/111/6
f 838/112/6 840/114/6 839/113/6
f 840/114/6 842/116/6 841/115/6
f 842/116/6 844/118/6 843/117/6
f 844/118/6 846/120/6 845/119/6
f 846/120/6 848/122/6 847/121/6
f 848/122/6 825/124/6 831/123/6
f 825/124/6 805/126/6 803/125/6
f 824/127/6 842/116/6 830/128/6
f 830/128/6 834/108/6 827/129/6
f 826/130/6 100/132/6 827/131/6
f 825/124/6 824/127/6 805/126/6
f 846/120/6 824/127/6 848/122/6
f 848/122/6 824/127/6 825/124/6
f 842/116/6 824/127/6 844/118/6
f 844/118/6 824/127/6 846/120/6
f 840/114/6 830/128/6 842/116/6
f 834/108/6 830/128/6 836/110/6
f 836/110/6 830/128/6 838/112/6
f 838/112/6 830/128/6 840/114/6
f 827/131/6 834/134/6 832/133/6
f 813/50/3 828/73/3 815/52/3
f 815/52/3 828/73/3 817/54/3
f 811/48/3 828/73/3 813/50/3
f 809/46/3 828/73/3 811/48/3
f 828/73/3 807/39/3 805/37/3
f 823/42/3 828/73/3 781/41/3
f 821/43/3 828/73/3 823/42/3
f 828/73/3 809/46/3 807/39/3
f 819/56/3 828/73/3 821/43/3
f 827/135/132 99/138/19 29/137/19 759/136/132
f 758/60/2 28/140/2 100/139/2 826/59/2
f 832/133/6 826/130/6 827/131/6
f 100/132/6 99/141/6 827/131/6
f 887/142/133 855/145/134 854/144/135 889/143/133
f 870/146/136 866/148/136 857/147/136
f 849/149/137 890/152/138 892/151/139 1369/150/140
f 1369/150/19 892/151/19 893/153/19
f 891/154/19 859/155/19 893/153/19
f 853/156/2 871/159/2 896/158/2 1380/157/2
f 856/160/141 868/162/141 871/161/141
f 882/163/142 858/166/142 860/165/142 886/164/142
f 908/167/143 862/170/144 880/169/143 907/168/145
f 905/171/6 909/174/6 906/173/6 884/172/6
f 866/175/146 878/178/146 875/177/146 857/176/146
f 855/179/134 873/182/8 872/181/8 854/180/135
f 859/183/32 876/184/32 878/178/32 866/175/32
f 854/185/147 872/186/147 876/184/147 859/183/147
f 868/187/34 879/190/34 877/189/34 863/188/34
f 856/191/148 874/192/148 879/190/148 868/187/148
f 857/193/3 875/196/3 874/195/3 856/194/3
f 863/188/149 877/189/149 873/198/149 855/197/149
f 851/199/150 856/160/150 871/161/150 853/200/150
f 889/201/151 854/202/151 859/155/151 891/154/151
f 871/159/2 868/204/2 863/203/2 896/158/2
f 895/205/152 863/203/152 855/145/152 887/142/152
f 852/206/153 870/146/153 857/147/153 850/207/153
f 1350/208/154 888/211/155 890/210/155 849/209/156
f 850/207/157 857/147/158 856/160/158 851/199/159
f 877/212/52 881/215/52 867/214/52 873/213/52
f 878/216/50 883/219/50 864/218/50 875/217/50
f 873/220/8 867/223/8 869/222/8 872/221/8
f 876/224/49 861/225/49 883/219/49 878/216/49
f 872/226/48 869/227/48 861/225/48 876/224/48
f 879/228/51 885/229/51 881/215/51 877/212/51
f 874/230/47 865/231/47 885/229/47 879/228/47
f 875/232/3 864/235/3 865/234/3 874/233/3
f 867/236/8 900/239/8 901/238/8 869/237/8
f 861/240/53 897/243/53 903/242/53 883/241/53
f 869/244/58 901/245/58 897/243/58 861/240/58
f 885/246/55 904/249/55 902/248/55 881/247/55
f 865/250/57 899/251/57 904/249/57 885/246/57
f 881/247/56 902/248/56 900/253/56 867/252/56
f 883/241/54 903/242/54 898/255/54 864/254/54
f 864/256/3 898/259/3 899/258/3 865/257/3
f 891/154/19 893/153/19 892/151/19
f 894/260/2 896/158/2 895/205/2
f 891/154/160 892/151/160 890/152/160 889/201/160
f 889/143/161 890/210/161 888/211/161 887/142/161
f 887/142/162 888/211/162 894/260/162 895/205/162
f 1380/157/163 894/260/164 888/211/164 1350/208/163
f 896/158/2 894/260/2 1380/157/2
f 863/203/2 895/205/2 896/158/2
f 893/153/19 870/262/19 852/261/19 1369/150/19
f 859/155/19 866/263/19 870/262/19 893/153/19
f 898/264/3 880/267/3 862/266/3 899/265/3
f 902/268/67 886/271/67 860/270/67 900/269/67
f 903/272/66 907/275/66 880/274/66 898/273/66
f 900/269/8 860/270/8 858/277/8 901/276/8
f 897/278/19 882/279/19 907/275/19 903/272/19
f 901/280/65 858/281/65 882/279/65 897/278/65
f 904/282/2 908/284/2 886/283/2 902/280/2
f 899/285/64 862/286/64 908/284/64 904/282/64
f 906/173/68 907/288/68 882/287/68 884/172/68
f 905/171/165 886/290/165 908/289/165 909/174/165
f 886/164/166 905/171/166 884/172/166 882/163/166
f 907/168/167 906/173/167 909/174/167 908/167/167
f 910/291/81 912/294/81 913/293/81 911/292/81
f 912/294/80 914/296/80 915/295/80 913/293/80
f 914/296/79 916/298/79 917/297/79 915/295/79
f 916/298/78 918/300/78 919/299/78 917/297/78
f 918/300/77 920/302/77 921/301/77 919/299/77
f 920/302/76 922/304/76 923/303/76 921/301/76
f 922/304/75 924/306/75 925/305/75 923/303/75
f 924/306/74 910/308/74 911/307/74 925/305/74
f 927/306/74 941/308/74 940/307/74 926/305/74
f 929/304/75 927/306/75 926/305/75 928/303/75
f 931/302/76 929/304/76 928/303/76 930/301/76
f 933/300/77 931/302/77 930/301/77 932/299/77
f 935/298/78 933/300/78 932/299/78 934/297/78
f 937/296/79 935/298/79 934/297/79 936/295/79
f 939/294/80 937/296/80 936/295/80 938/293/80
f 941/291/81 939/294/81 938/293/81 940/292/81
f 943/306/74 957/308/74 956/307/74 942/305/74
f 945/304/75 943/306/75 942/305/75 944/303/75
f 947/302/76 945/304/76 944/303/76 946/301/76
f 949/300/77 947/302/77 946/301/77 948/299/77
f 951/298/78 949/300/78 948/299/78 950/297/78
f 953/296/79 951/298/79 950/297/79 952/295/79
f 955/294/80 953/296/80 952/295/80 954/293/80
f 957/291/81 955/294/81 954/293/81 956/292/81
f 959/306/74 973/308/74 972/307/74 958/305/74
f 961/304/75 959/306/75 958/305/75 960/303/75
f 963/302/76 961/304/76 960/303/76 962/301/76
f 965/300/77 963/302/77 962/301/77 964/299/77
f 967/298/78 965/300/78 964/299/78 966/297/78
f 969/296/79 967/298/79 966/297/79 968/295/79
f 971/294/80 969/296/80 968/295/80 970/293/80
f 973/291/81 971/294/81 970/293/81 972/292/81
f 975/306/74 989/308/74 988/307/74 974/305/74
f 977/304/75 975/306/75 974/305/75 976/303/75
f 979/302/76 977/304/76 976/303/76 978/301/76
f 981/300/77 979/302/77 978/301/77 980/299/77
f 983/298/78 981/300/78 980/299/78 982/297/78
f 985/296/79 983/298/79 982/297/79 984/295/79
f 987/294/80 985/296/80 984/295/80 986/293/80
f 989/291/81 987/294/81 986/293/81 988/292/81
f 990/291/81 992/294/81 993/293/81 991/292/81
f 992/294/80 994/296/80 995/295/80 993/293/80
f 994/296/79 996/298/79 997/297/79 995/295/79
f 996/298/78 998/300/78 999/299/78 997/297/78
f 998/300/77 1000/302/77 1001/301/77 999/299/77
f 1000/302/76 1002/304/76 1003/303/76 1001/301/76
f 1002/304/75 1004/306/75 1005/305/75 1003/303/75
f 1004/306/74 990/308/74 991/307/74 1005/305/74
f 1006/291/81 1008/294/81 1009/293/81 1007/292/81
f 1008/294/80 1010/296/80 1011/295/80 1009/293/80
f 1010/296/79 1012/298/79 1013/297/79 1011/295/79
f 1012/298/78 1014/300/78 1015/299/78 1013/297/78
f 1014/300/77 1016/302/77 1017/301/77 1015/299/77
f 1016/302/76 1018/304/76 1019/303/76 1017/301/76
f 1018/304/75 1020/306/75 1021/305/75 1019/303/75
f 1020/306/74 1006/308/74 1007/307/74 1021/305/74
f 1022/291/81 1024/294/81 1025/293/81 1023/292/81
f 1024/294/80 1026/296/80 1027/295/80 1025/293/80
f 1026/296/79 1028/298/79 1029/297/79 1027/295/79
f 1028/298/78 1030/300/78 1031/299/78 1029/297/78
f 1030/300/77 1032/302/77 1033/301/77 1031/299/77
f 1032/302/76 1034/304/76 1035/303/76 1033/301/76
f 1034/304/75 1036/306/75 1037/305/75 1035/303/75
f 1036/306/74 1022/308/74 1023/307/74 1037/305/74
f 1064/163/142 1042/166/142 1044/165/142 1068/164/142
f 1080/167/168 1046/170/168 1062/169/168 1079/168/168
f 1077/171/6 1081/174/6 1078/173/6 1066/172/6
f 1050/175/169 1060/178/169 1057/177/169 1041/176/169
f 1039/179/8 1055/182/8 1054/181/8 1038/180/8
f 1043/183/32 1058/184/32 1060/178/32 1050/175/32
f 1038/185/170 1054/186/170 1058/184/170 1043/183/170
f 1052/187/34 1061/190/34 1059/189/34 1047/188/34
f 1040/191/148 1056/192/148 1061/190/148 1052/187/148
f 1041/193/3 1057/196/3 1056/195/3 1040/194/3
f 1047/188/171 1059/189/171 1055/198/171 1039/197/171
f 1059/212/52 1063/215/52 1051/214/52 1055/213/52
f 1060/216/50 1065/219/50 1048/218/50 1057/217/50
f 1055/220/8 1051/223/8 1053/222/8 1054/221/8
f 1058/224/49 1045/225/49 1065/219/49 1060/216/49
f 1054/226/48 1053/227/48 1045/225/48 1058/224/48
f 1061/228/51 1067/229/51 1063/215/51 1059/212/51
f 1056/230/47 1049/231/47 1067/229/47 1061/228/47
f 1057/232/3 1048/235/3 1049/234/3 1056/233/3
f 1051/236/8 1072/239/8 1073/238/8 1053/237/8
f 1045/240/53 1069/243/53 1075/242/53 1065/241/53
f 1053/244/58 1073/245/58 1069/243/58 1045/240/58
f 1067/246/55 1076/249/55 1074/248/55 1063/247/55
f 1049/250/57 1071/251/57 1076/249/57 1067/246/57
f 1063/247/56 1074/248/56 1072/253/56 1051/252/56
f 1065/241/172 1075/242/172 1070/255/172 1048/254/172
f 1048/256/3 1070/259/3 1071/258/3 1049/257/3
f 1070/264/3 1062/267/3 1046/266/3 1071/265/3
f 1074/268/67 1068/271/67 1044/270/67 1072/269/67
f 1075/272/66 1079/275/66 1062/274/66 1070/273/66
f 1072/269/8 1044/270/8 1042/277/8 1073/276/8
f 1069/278/19 1064/279/19 1079/275/19 1075/272/19
f 1073/280/65 1042/281/65 1064/279/65 1069/278/65
f 1076/282/2 1080/284/2 1068/283/2 1074/280/2
f 1071/285/64 1046/286/64 1080/284/64 1076/282/64
f 1078/173/68 1079/288/68 1064/287/68 1066/172/68
f 1077/171/87 1068/290/87 1080/289/87 1081/174/87
f 1068/164/166 1077/171/166 1066/172/166 1064/163/166
f 1079/168/173 1078/173/174 1081/174/175 1080/167/174
f 1082/291/81 1084/294/81 1085/293/81 1083/292/81
f 1084/294/80 1086/296/80 1087/295/80 1085/293/80
f 1086/296/79 1088/298/79 1089/297/79 1087/295/79
f 1088/298/78 1090/300/78 1091/299/78 1089/297/78
f 1090/300/77 1092/302/77 1093/301/77 1091/299/77
f 1092/302/76 1094/304/76 1095/303/76 1093/301/76
f 1094/304/75 1096/306/75 1097/305/75 1095/303/75
f 1096/306/74 1082/308/74 1083/307/74 1097/305/74
f 1099/306/74 1113/308/74 1112/307/74 1098/305/74
f 1101/304/75 1099/306/75 1098/305/75 1100/303/75
f 1103/302/76 1101/304/76 1100/303/76 1102/301/76
f 1105/300/77 1103/302/77 1102/301/77 1104/299/77
f 1107/298/78 1105/300/78 1104/299/78 1106/297/78
f 1109/296/79 1107/298/79 1106/297/79 1108/295/79
f 1111/294/80 1109/296/80 1108/295/80 1110/293/80
f 1113/291/81 1111/294/81 1110/293/81 1112/292/81
f 1115/306/74 1129/308/74 1128/307/74 1114/305/74
f 1117/304/75 1115/306/75 1114/305/75 1116/303/75
f 1119/302/76 1117/304/76 1116/303/76 1118/301/76
f 1121/300/77 1119/302/77 1118/301/77 1120/299/77
f 1123/298/78 1121/300/78 1120/299/78 1122/297/78
f 1125/296/79 1123/298/79 1122/297/79 1124/295/79
f 1127/294/80 1125/296/80 1124/295/80 1126/293/80
f 1129/291/81 1127/294/81 1126/293/81 1128/292/81
f 1131/306/74 1145/308/74 1144/307/74 1130/305/74
f 1133/304/75 1131/306/75 1130/305/75 1132/303/75
f 1135/302/76 1133/304/76 1132/303/76 1134/301/76
f 1137/300/77 1135/302/77 1134/301/77 1136/299/77
f 1139/298/78 1137/300/78 1136/299/78 1138/297/78
f 1141/296/79 1139/298/79 1138/297/79 1140/295/79
f 1143/294/80 1141/296/80 1140/295/80 1142/293/80
f 1145/291/81 1143/294/81 1142/293/81 1144/292/81
f 1147/306/74 1161/308/74 1160/307/74 1146/305/74
f 1149/304/75 1147/306/75 1146/305/75 1148/303/75
f 1151/302/76 1149/304/76 1148/303/76 1150/301/76
f 1153/300/77 1151/302/77 1150/301/77 1152/299/77
f 1155/298/78 1153/300/78 1152/299/78 1154/297/78
f 1157/296/79 1155/298/79 1154/297/79 1156/295/79
f 1159/294/80 1157/296/80 1156/295/80 1158/293/80
f 1161/291/81 1159/294/81 1158/293/81 1160/292/81
f 1162/291/81 1164/294/81 1165/293/81 1163/292/81
f 1164/294/80 1166/296/80 1167/295/80 1165/293/80
f 1166/296/79 1168/298/79 1169/297/79 1167/295/79
f 1168/298/78 1170/300/78 1171/299/78 1169/297/78
f 1170/300/77 1172/302/77 1173/301/77 1171/299/77
f 1172/302/76 1174/304/76 1175/303/76 1173/301/76
f 1174/304/75 1176/306/75 1177/305/75 1175/303/75
f 1176/306/74 1162/308/74 1163/307/74 1177/305/74
f 1178/291/81 1180/294/81 1181/293/81 1179/292/81
f 1180/294/80 1182/296/80 1183/295/80 1181/293/80
f 1182/296/79 1184/298/79 1185/297/79 1183/295/79
f 1184/298/78 1186/300/78 1187/299/78 1185/297/78
f 1186/300/77 1188/302/77 1189/301/77 1187/299/77
f 1188/302/76 1190/304/76 1191/303/76 1189/301/76
f 1190/304/75 1192/306/75 1193/305/75 1191/303/75
f 1192/306/74 1178/308/74 1179/307/74 1193/305/74
f 1040/194/3 1194/194/3 1195/193/3 1041/193/3
f 1196/291/81 1198/294/81 1199/293/81 1197/292/81
f 1198/294/80 1200/296/80 1201/295/80 1199/293/80
f 1200/296/79 1202/298/79 1203/297/79 1201/295/79
f 1202/298/78 1204/300/78 1205/299/78 1203/297/78
f 1204/300/77 1206/302/77 1207/301/77 1205/299/77
f 1206/302/76 1208/304/76 1209/303/76 1207/301/76
f 1208/304/75 1210/306/75 1211/305/75 1209/303/75
f 1210/306/74 1196/308/74 1197/307/74 1211/305/74
f 1212/291/81 1214/294/81 1215/293/81 1213/292/81
f 1214/294/80 1216/296/80 1217/295/80 1215/293/80
f 1216/296/79 1218/298/79 1219/297/79 1217/295/79
f 1218/298/78 1220/300/78 1221/299/78 1219/297/78
f 1220/300/77 1222/302/77 1223/301/77 1221/299/77
f 1222/302/76 1224/304/76 1225/303/76 1223/301/76
f 1224/304/75 1226/306/75 1227/305/75 1225/303/75
f 1226/306/74 1212/308/74 1213/307/74 1227/305/74
f 1038/180/8 1231/180/8 1233/179/8 1039/179/8
f 1043/183/65 1230/183/65 1231/185/65 1038/185/65
f 1050/175/19 1232/175/19 1230/183/19 1043/183/19
f 1039/197/67 1233/197/67 1229/188/67 1047/188/67
f 1047/188/2 1229/188/2 1228/187/2 1052/187/2
f 1041/176/66 1195/176/66 1232/175/66 1050/175/66
f 1052/187/64 1228/187/64 1194/191/64 1040/191/64
f 611/309/68 614/312/68 1357/311/176 1352/310/176
f 612/313/91 609/316/91 1235/315/91 1354/314/177
f 608/317/93 612/320/93 1354/319/93 1234/318/93
f 610/321/2 1236/322/2 1235/315/2 609/316/2
f 1237/291/81 1239/294/81 1240/293/81 1238/292/81
f 1239/294/80 1241/296/80 1242/295/80 1240/293/80
f 1241/296/79 1243/298/79 1244/297/79 1242/295/79
f 1243/298/78 1245/300/78 1246/299/78 1244/297/78
f 1245/300/77 1247/302/77 1248/301/77 1246/299/77
f 1247/302/76 1249/304/76 1250/303/76 1248/301/76
f 1249/304/75 1251/306/75 1252/305/75 1250/303/75
f 1251/306/74 1237/308/74 1238/307/74 1252/305/74
f 1253/291/81 1255/294/81 1256/293/81 1254/292/81
f 1255/294/80 1257/296/80 1258/295/80 1256/293/80
f 1257/296/79 1259/298/79 1260/297/79 1258/295/79
f 1259/298/78 1261/300/78 1262/299/78 1260/297/78
f 1261/300/77 1263/302/77 1264/301/77 1262/299/77
f 1263/302/76 1265/304/76 1266/303/76 1264/301/76
f 1265/304/75 1267/306/75 1268/305/75 1266/303/75
f 1267/306/74 1253/308/74 1254/307/74 1268/305/74
f 1269/291/81 1271/294/81 1272/293/81 1270/292/81
f 1271/294/80 1273/296/80 1274/295/80 1272/293/80
f 1273/296/79 1275/298/79 1276/297/79 1274/295/79
f 1275/298/78 1277/300/78 1278/299/78 1276/297/78
f 1277/300/77 1279/302/77 1280/301/77 1278/299/77
f 1279/302/76 1281/304/76 1282/303/76 1280/301/76
f 1281/304/75 1283/306/75 1284/305/75 1282/303/75
f 1283/306/74 1269/308/74 1270/307/74 1284/305/74
f 1285/291/81 1287/294/81 1288/293/81 1286/292/81
f 1287/294/80 1289/296/80 1290/295/80 1288/293/80
f 1289/296/79 1291/298/79 1292/297/79 1290/295/79
f 1291/298/78 1293/300/78 1294/299/78 1292/297/78
f 1293/300/77 1295/302/77 1296/301/77 1294/299/77
f 1295/302/76 1297/304/76 1298/303/76 1296/301/76
f 1297/304/75 1299/306/75 1300/305/75 1298/303/75
f 1299/306/74 1285/308/74 1286/307/74 1300/305/74
f 1301/291/81 1303/294/81 1304/293/81 1302/292/81
f 1303/294/80 1305/296/80 1306/295/80 1304/293/80
f 1305/296/79 1307/298/79 1308/297/79 1306/295/79
f 1307/298/78 1309/300/78 1310/299/78 1308/297/78
f 1309/300/77 1311/302/77 1312/301/77 1310/299/77
f 1311/302/76 1313/304/76 1314/303/76 1312/301/76
f 1313/304/75 1315/306/75 1316/305/75 1314/303/75
f 1315/306/74 1301/308/74 1302/307/74 1316/305/74
f 1317/291/81 1319/294/81 1320/293/81 1318/292/81
f 1319/294/80 1321/296/80 1322/295/80 1320/293/80
f 1321/296/79 1323/298/79 1324/297/79 1322/295/79
f 1323/298/78 1325/300/78 1326/299/78 1324/297/78
f 1325/300/77 1327/302/77 1328/301/77 1326/299/77
f 1327/302/76 1329/304/76 1330/303/76 1328/301/76
f 1329/304/75 1331/306/75 1332/305/75 1330/303/75
f 1331/306/74 1317/308/74 1318/307/74 1332/305/74
f 1333/291/81 1335/294/81 1336/293/81 1334/292/81
f 1335/294/80 1337/296/80 1338/295/80 1336/293/80
f 1337/296/79 1339/298/79 1340/297/79 1338/295/79
f 1339/298/78 1341/300/78 1342/299/78 1340/297/78
f 1341/300/77 1343/302/77 1344/301/77 1342/299/77
f 1343/302/76 1345/304/76 1346/303/76 1344/301/76
f 1345/304/75 1347/306/75 1348/305/75 1346/303/75
f 1347/306/74 1333/308/74 1334/307/74 1348/305/74
f 1351/323/19 1357/311/19 614/312/19 613/324/19
f 1234/318/94 1351/326/94 613/325/95 608/317/94
f 1353/327/87 1236/330/87 610/329/87 607/328/87
f 1352/331/178 1353/327/178 607/328/6 611/332/6
f 1357/175/179 1366/178/179 1363/177/179 1352/176/179
f 1354/179/93 1361/182/93 1360/181/93 1234/180/93
f 1351/183/180 1364/184/180 1366/178/180 1357/175/180
f 1234/185/181 1360/186/182 1364/184/183 1351/183/182
f 1236/187/184 1367/190/184 1365/189/184 1235/188/184
f 1353/191/185 1362/192/185 1367/190/185 1236/187/185
f 1352/193/178 1363/196/6 1362/195/6 1353/194/178
f 1235/188/186 1365/189/187 1361/198/186 1354/197/186
f 1365/212/188 1368/215/188 1358/214/188 1361/213/188
f 1366/216/189 1370/219/189 1355/218/189 1363/217/189
f 1361/220/93 1358/223/93 1359/222/93 1360/221/93
f 1364/224/190 1349/225/190 1370/219/190 1366/216/190
f 1360/226/191 1359/227/191 1349/225/191 1364/224/191
f 1367/228/192 1371/229/192 1368/215/192 1365/212/192
f 1362/230/193 1356/231/193 1371/229/193 1367/228/193
f 1363/232/6 1355/235/6 1356/234/6 1362/233/6
f 1358/236/93 1375/239/93 1376/238/93 1359/237/93
f 1349/240/194 1372/243/194 1378/242/194 1370/241/194
f 1359/244/195 1376/245/195 1372/243/195 1349/240/195
f 1371/246/196 1379/249/196 1377/248/196 1368/247/196
f 1356/250/197 1374/251/197 1379/249/197 1371/246/197
f 1368/247/198 1377/248/198 1375/253/198 1358/252/198
f 1370/241/199 1378/242/199 1373/255/199 1355/254/199
f 1355/256/6 1373/259/6 1374/258/178 1356/257/6
f 1373/264/6 850/267/157 851/266/159 1374/265/178
f 1377/268/91 1380/271/163 1350/270/163 1375/269/91
f 1378/272/117 852/275/68 850/274/68 1373/273/68
f 1375/269/93 1350/270/154 849/277/156 1376/276/93
f 1372/278/19 1369/279/19 852/275/19 1378/272/19
f 1376/280/118 849/281/137 1369/279/140 1372/278/118
f 1379/282/2 853/284/2 1380/283/2 1377/280/2
f 1374/285/87 851/286/87 853/284/87 1379/282/87
f 1381/291/79 1383/294/79 1384/293/79 1382/292/79
f 1383/294/78 1385/296/78 1386/295/78 1384/293/78
f 1385/296/77 1387/298/77 1388/297/77 1386/295/77
f 1387/298/76 1389/300/76 1390/299/76 1388/297/76
f 1389/300/75 1391/302/75 1392/301/75 1390/299/75
f 1391/302/74 1393/304/74 1394/303/74 1392/301/74
f 1393/304/81 1395/306/81 1396/305/81 1394/303/81
f 1395/306/80 1381/308/80 1382/307/80 1396/305/80
f 1398/306/80 1412/308/80 1411/307/80 1397/305/80
f 1400/304/81 1398/306/81 1397/305/81 1399/303/81
f 1402/302/74 1400/304/74 1399/303/74 1401/301/74
f 1404/300/75 1402/302/75 1401/301/75 1403/299/75
f 1406/298/76 1404/300/76 1403/299/76 1405/297/76
f 1408/296/77 1406/298/77 1405/297/77 1407/295/77
f 1410/294/78 1408/296/78 1407/295/78 1409/293/78
f 1412/291/79 1410/294/79 1409/293/79 1411/292/79
f 1414/306/80 1428/308/80 1427/307/80 1413/305/80
f 1416/304/81 1414/306/81 1413/305/81 1415/303/81
f 1418/302/74 1416/304/74 1415/303/74 1417/301/74
f 1420/300/75 1418/302/75 1417/301/75 1419/299/75
f 1422/298/76 1420/300/76 1419/299/76 1421/297/76
f 1424/296/77 1422/298/77 1421/297/77 1423/295/77
f 1426/294/78 1424/296/78 1423/295/78 1425/293/78
f 1428/291/79 1426/294/79 1425/293/79 1427/292/79
f 1430/306/80 1444/308/80 1443/307/80 1429/305/80
f 1432/304/81 1430/306/81 1429/305/81 1431/303/81
f 1434/302/74 1432/304/74 1431/303/74 1433/301/74
f 1436/300/75 1434/302/75 1433/301/75 1435/299/75
f 1438/298/76 1436/300/76 1435/299/76 1437/297/76
f 1440/296/77 1438/298/77 1437/297/77 1439/295/77
f 1442/294/78 1440/296/78 1439/295/78 1441/293/78
f 1444/291/79 1442/294/79 1441/293/79 1443/292/79
f 1446/306/80 1460/308/80 1459/307/80 1445/305/80
f 1448/304/81 1446/306/81 1445/305/81 1447/303/81
f 1450/302/74 1448/304/74 1447/303/74 1449/301/74
f 1452/300/75 1450/302/75 1449/301/75 1451/299/75
f 1454/298/76 1452/300/76 1451/299/76 1453/297/76
f 1456/296/77 1454/298/77 1453/297/77 1455/295/77
f 1458/294/78 1456/296/78 1455/295/78 1457/293/78
f 1460/291/79 1458/294/79 1457/293/79 1459/292/79
f 1461/291/79 1463/294/79 1464/293/79 1462/292/79
f 1463/294/78 1465/296/78 1466/295/78 1464/293/78
f 1465/296/77 1467/298/77 1468/297/77 1466/295/77
f 1467/298/76 1469/300/76 1470/299/76 1468/297/76
f 1469/300/75 1471/302/75 1472/301/75 1470/299/75
f 1471/302/74 1473/304/74 1474/303/74 1472/301/74
f 1473/304/81 1475/306/81 1476/305/81 1474/303/81
f 1475/306/80 1461/308/80 1462/307/80 1476/305/80
f 1477/291/79 1479/294/79 1480/293/79 1478/292/79
f 1479/294/78 1481/296/78 1482/295/78 1480/293/78
f 1481/296/77 1483/298/77 1484/297/77 1482/295/77
f 1483/298/76 1485/300/76 1486/299/76 1484/297/76
f 1485/300/75 1487/302/75 1488/301/75 1486/299/75
f 1487/302/74 1489/304/74 1490/303/74 1488/301/74
f 1489/304/81 1491/306/81 1492/305/81 1490/303/81
f 1491/306/80 1477/308/80 1478/307/80 1492/305/80
f 3/1/1 1516/4/1 1496/3/2 2/2/2
f 1505/5/3 1/7/3 1507/6/3
f 1516/4/200 1518/9/200 1515/8/200 1496/3/200
f 1518/9/201 1519/11/201 1514/10/201 1515/8/201
f 1519/11/93 1520/9/93 1513/8/93 1514/10/93
f 1520/9/2 1521/11/2 1512/10/2 1513/8/2
f 1521/11/93 1522/9/93 1511/8/93 1512/10/93
f 1522/9/2 1523/11/2 1510/10/2 1511/8/2
f 1523/11/93 1524/9/93 1509/8/93 1510/10/93
f 1524/9/2 1525/11/2 1508/10/2 1509/8/2
f 1525/11/93 1526/9/93 1507/8/93 1508/10/93
f 1526/9/2 1527/11/2 1506/10/2 1507/8/2
f 1527/11/93 1528/9/93 1505/8/93 1506/10/93
f 1528/9/2 1529/11/2 1504/10/2 1505/8/2
f 1529/11/93 1530/9/93 1503/8/93 1504/10/93
f 1530/9/2 1531/11/2 1502/10/2 1503/8/2
f 1531/11/93 1532/9/93 1501/8/93 1502/10/93
f 1532/9/2 1533/11/2 1500/10/2 1501/8/2
f 1533/11/93 1534/9/93 1499/8/93 1500/10/93
f 1534/9/2 1535/11/2 1498/10/2 1499/8/2
f 1535/11/93 1536/9/93 1497/8/93 1498/10/93
f 1536/9/2 1517/11/2 1495/10/2 1497/8/2
f 1494/9/93 1493/8/93 1495/10/93 1517/11/93
f 1/7/3 1497/13/3 1493/12/3
f 1493/12/3 1497/13/3 1495/14/3
f 1497/13/3 1499/16/3 1498/15/3
f 1496/17/3 1515/19/3 2/18/3
f 2/18/3 1515/19/3 1/7/3
f 1513/20/3 1515/19/3 1514/21/3
f 1/7/3 1499/16/3 1497/13/3
f 1499/16/3 1501/23/3 1500/22/3
f 1501/23/3 1503/25/3 1502/24/3
f 1503/25/3 1505/5/3 1504/26/3
f 1505/5/3 1507/6/3 1506/27/3
f 1507/6/3 1509/29/3 1508/28/3
f 1509/29/3 1511/31/3 1510/30/3
f 1511/31/3 1513/20/3 1512/32/3
f 1513/20/3 1/7/3 1515/19/3
f 1/7/3 1501/23/3 1499/16/3
f 1/7/3 1503/25/3 1501/23/3
f 1511/31/3 1/7/3 1513/20/3
f 1509/29/3 1/7/3 1511/31/3
f 1/7/3 1505/5/3 1503/25/3
f 1507/6/3 1/7/3 1509/29/3
f 3/33/1 5/36/7 1538/35/7 1516/34/1
f 1518/37/8 1520/39/8 1519/38/8
f 1517/40/8 1536/42/8 1494/41/8
f 1534/43/8 1536/42/8 1535/44/8
f 1520/39/8 1522/46/8 1521/45/8
f 1522/46/8 1524/48/8 1523/47/8
f 1524/48/8 1526/50/8 1525/49/8
f 1526/50/8 1528/52/8 1527/51/8
f 1528/52/8 1530/54/8 1529/53/8
f 1530/54/8 1532/56/8 1531/55/8
f 1532/56/8 1534/43/8 1533/57/8
f 1545/58/9 27/61/9 6/60/9 1539/59/9
f 5/36/10 10/63/10 1544/62/10 1538/35/10
f 1543/19/11 1540/19/11 7/64/11 9/64/11
f 1537/65/202 1542/68/202 1541/67/202 1518/66/202
f 4/69/13 8/72/13 1542/71/13 1537/70/13
f 1530/54/8 1541/73/8 1532/56/8
f 1537/19/14 1543/19/14 9/64/14 4/64/14
f 1545/58/15 1546/75/15 26/74/15 27/61/15
f 1546/75/16 1547/77/16 25/76/16 26/74/16
f 1547/77/15 1548/79/15 24/78/15 25/76/15
f 1548/79/16 1549/81/16 23/80/16 24/78/16
f 1549/81/15 1550/83/15 22/82/15 23/80/15
f 1550/83/16 1551/85/16 21/84/16 22/82/16
f 1551/85/15 1552/87/15 20/86/15 21/84/15
f 1552/87/10 1553/89/10 19/88/10 20/86/10
f 1553/89/17 1554/91/17 18/90/17 19/88/17
f 1554/91/10 1555/93/10 17/92/10 18/90/10
f 1555/93/17 1556/95/17 16/94/17 17/92/17
f 1556/95/10 1557/97/10 15/96/10 16/94/10
f 1557/97/17 1558/99/17 14/98/17 15/96/17
f 1558/99/10 1559/101/10 13/100/10 14/98/10
f 1559/101/17 1560/103/17 12/102/17 13/100/17
f 1560/103/10 1561/105/10 11/104/10 12/102/10
f 1561/105/17 1544/62/17 10/63/17 11/104/17
f 1545/106/93 1547/108/93 1546/107/93
f 1547/108/93 1549/110/93 1548/109/93
f 1549/110/93 1551/112/93 1550/111/93
f 1551/112/93 1553/114/93 1552/113/93
f 1553/114/93 1555/116/93 1554/115/93
f 1555/116/93 1557/118/93 1556/117/93
f 1557/118/93 1559/120/93 1558/119/93
f 1559/120/93 1561/122/93 1560/121/93
f 1561/122/93 1538/124/93 1544/123/93
f 1538/124/93 1518/126/93 1516/125/93
f 1537/127/93 1555/116/93 1543/128/93
f 1543/128/93 1547/108/93 1540/129/93
f 1539/130/93 1563/132/93 1540/131/93
f 1538/124/93 1537/127/93 1518/126/93
f 1559/120/93 1537/127/93 1561/122/93
f 1561/122/93 1537/127/93 1538/124/93
f 1555/116/93 1537/127/93 1557/118/93
f 1557/118/93 1537/127/93 1559/120/93
f 1553/114/93 1543/128/93 1555/116/93
f 1547/108/93 1543/128/93 1549/110/93
f 1549/110/93 1543/128/93 1551/112/93
f 1551/112/93 1543/128/93 1553/114/93
f 1540/131/93 1547/134/93 1545/133/93
f 1526/50/8 1541/73/8 1528/52/8
f 1528/52/8 1541/73/8 1530/54/8
f 1524/48/8 1541/73/8 1526/50/8
f 1522/46/8 1541/73/8 1524/48/8
f 1541/73/8 1520/39/8 1518/37/8
f 1536/42/8 1541/73/8 1494/41/8
f 1534/43/8 1541/73/8 1536/42/8
f 1541/73/8 1522/46/8 1520/39/8
f 1532/56/8 1541/73/8 1534/43/8
f 1540/135/18 1562/138/19 29/137/19 7/136/18
f 6/60/2 28/140/2 1563/139/2 1539/59/2
f 1545/133/93 1539/130/93 1540/131/93
f 1563/132/93 1562/141/93 1540/131/93
f 1602/142/203 1570/145/204 1569/144/205 1604/143/203
f 1585/146/206 1581/148/206 1572/147/206
f 1564/149/207 1605/152/208 1607/151/209 2084/150/210
f 2084/150/19 1607/151/19 1608/153/19
f 1606/154/19 1574/155/19 1608/153/19
f 1568/156/2 1586/159/2 1611/158/2 2095/157/2
f 1571/160/211 1583/162/211 1586/161/211
f 1597/163/212 1573/166/212 1575/165/212 1601/164/212
f 1623/167/213 1577/170/214 1595/169/213 1622/168/215
f 1620/171/93 1624/174/93 1621/173/93 1599/172/93
f 1581/175/216 1593/178/216 1590/177/216 1572/176/216
f 1570/179/204 1588/182/3 1587/181/3 1569/180/205
f 1574/183/217 1591/184/217 1593/178/217 1581/175/217
f 1569/185/218 1587/186/218 1591/184/218 1574/183/218
f 1583/187/219 1594/190/219 1592/189/219 1578/188/219
f 1571/191/220 1589/192/220 1594/190/220 1583/187/220
f 1572/193/8 1590/196/8 1589/195/8 1571/194/8
f 1578/188/221 1592/189/221 1588/198/221 1570/197/221
f 1566/199/222 1571/160/222 1586/161/222 1568/200/222
f 1604/201/223 1569/202/223 1574/155/223 1606/154/223
f 1586/159/2 1583/204/2 1578/203/2 1611/158/2
f 1610/205/224 1578/203/224 1570/145/224 1602/142/224
f 1567/206/225 1585/146/225 1572/147/225 1565/207/225
f 2057/208/226 1603/211/158 1605/210/158 1564/209/227
f 1565/207/228 1572/147/155 1571/160/155 1566/199/229
f 1592/212/230 1596/215/230 1582/214/230 1588/213/230
f 1593/216/231 1598/219/231 1579/218/231 1590/217/231
f 1588/220/3 1582/223/3 1584/222/3 1587/221/3
f 1591/224/232 1576/225/232 1598/219/232 1593/216/232
f 1587/226/233 1584/227/233 1576/225/233 1591/224/233
f 1594/228/234 1600/229/234 1596/215/234 1592/212/234
f 1589/230/235 1580/231/235 1600/229/235 1594/228/235
f 1590/232/8 1579/235/8 1580/234/8 1589/233/8
f 1582/236/3 1615/239/3 1616/238/3 1584/237/3
f 1576/240/236 1612/243/236 1618/242/236 1598/241/236
f 1584/244/237 1616/245/237 1612/243/237 1576/240/237
f 1600/246/238 1619/249/238 1617/248/238 1596/247/238
f 1580/250/239 1614/251/239 1619/249/239 1600/246/239
f 1596/247/240 1617/248/240 1615/253/240 1582/252/240
f 1598/241/241 1618/242/241 1613/255/241 1579/254/241
f 1579/256/8 1613/259/8 1614/258/8 1580/257/8
f 1606/154/19 1608/153/19 1607/151/19
f 1609/260/2 1611/158/2 1610/205/2
f 1606/154/242 1607/151/242 1605/152/242 1604/201/242
f 1604/143/243 1605/210/243 1603/211/243 1602/142/243
f 1602/142/244 1603/211/244 1609/260/244 1610/205/244
f 2095/157/245 1609/260/246 1603/211/246 2057/208/245
f 1611/158/2 1609/260/2 2095/157/2
f 1578/203/2 1610/205/2 1611/158/2
f 1608/153/19 1585/262/19 1567/261/19 2084/150/19
f 1574/155/19 1581/263/19 1585/262/19 1608/153/19
f 1613/264/8 1595/267/8 1577/266/8 1614/265/8
f 1617/268/64 1601/271/64 1575/270/64 1615/269/64
f 1618/272/65 1622/275/65 1595/274/65 1613/273/65
f 1615/269/3 1575/270/3 1573/277/3 1616/276/3
f 1612/278/19 1597/279/19 1622/275/19 1618/272/19
f 1616/280/66 1573/281/66 1597/279/66 1612/278/66
f 1619/282/2 1623/284/2 1601/283/2 1617/280/2
f 1614/285/67 1577/286/67 1623/284/67 1619/282/67
f 1621/173/94 1622/288/94 1597/287/94 1599/172/94
f 1620/171/247 1601/290/247 1623/289/247 1624/174/247
f 1601/164/248 1620/171/248 1599/172/248 1597/163/248
f 1622/168/249 1621/173/249 1624/174/249 1623/167/249
f 1625/291/77 1627/294/77 1628/293/77 1626/292/77
f 1627/294/76 1629/296/76 1630/295/76 1628/293/76
f 1629/296/75 1631/298/75 1632/297/75 1630/295/75
f 1631/298/74 1633/300/74 1634/299/74 1632/297/74
f 1633/300/81 1635/302/81 1636/301/81 1634/299/81
f 1635/302/80 1637/304/80 1638/303/80 1636/301/80
f 1637/304/79 1639/306/79 1640/305/79 1638/303/79
f 1639/306/78 1625/308/78 1626/307/78 1640/305/78
f 1642/306/78 1656/308/78 1655/307/78 1641/305/78
f 1644/304/79 1642/306/79 1641/305/79 1643/303/79
f 1646/302/80 1644/304/80 1643/303/80 1645/301/80
f 1648/300/81 1646/302/81 1645/301/81 1647/299/81
f 1650/298/74 1648/300/74 1647/299/74 1649/297/74
f 1652/296/75 1650/298/75 1649/297/75 1651/295/75
f 1654/294/76 1652/296/76 1651/295/76 1653/293/76
f 1656/291/77 1654/294/77 1653/293/77 1655/292/77
f 1658/306/78 1672/308/78 1671/307/78 1657/305/78
f 1660/304/79 1658/306/79 1657/305/79 1659/303/79
f 1662/302/80 1660/304/80 1659/303/80 1661/301/80
f 1664/300/81 1662/302/81 1661/301/81 1663/299/81
f 1666/298/74 1664/300/74 1663/299/74 1665/297/74
f 1668/296/75 1666/298/75 1665/297/75 1667/295/75
f 1670/294/76 1668/296/76 1667/295/76 1669/293/76
f 1672/291/77 1670/294/77 1669/293/77 1671/292/77
f 1674/306/78 1688/308/78 1687/307/78 1673/305/78
f 1676/304/79 1674/306/79 1673/305/79 1675/303/79
f 1678/302/80 1676/304/80 1675/303/80 1677/301/80
f 1680/300/81 1678/302/81 1677/301/81 1679/299/81
f 1682/298/74 1680/300/74 1679/299/74 1681/297/74
f 1684/296/75 1682/298/75 1681/297/75 1683/295/75
f 1686/294/76 1684/296/76 1683/295/76 1685/293/76
f 1688/291/77 1686/294/77 1685/293/77 1687/292/77
f 1690/306/78 1704/308/78 1703/307/78 1689/305/78
f 1692/304/79 1690/306/79 1689/305/79 1691/303/79
f 1694/302/80 1692/304/80 1691/303/80 1693/301/80
f 1696/300/81 1694/302/81 1693/301/81 1695/299/81
f 1698/298/74 1696/300/74 1695/299/74 1697/297/74
f 1700/296/75 1698/298/75 1697/297/75 1699/295/75
f 1702/294/76 1700/296/76 1699/295/76 1701/293/76
f 1704/291/77 1702/294/77 1701/293/77 1703/292/77
f 1705/291/77 1707/294/77 1708/293/77 1706/292/77
f 1707/294/76 1709/296/76 1710/295/76 1708/293/76
f 1709/296/75 1711/298/75 1712/297/75 1710/295/75
f 1711/298/74 1713/300/74 1714/299/74 1712/297/74
f 1713/300/81 1715/302/81 1716/301/81 1714/299/81
f 1715/302/80 1717/304/80 1718/303/80 1716/301/80
f 1717/304/79 1719/306/79 1720/305/79 1718/303/79
f 1719/306/78 1705/308/78 1706/307/78 1720/305/78
f 1721/291/77 1723/294/77 1724/293/77 1722/292/77
f 1723/294/76 1725/296/76 1726/295/76 1724/293/76
f 1725/296/75 1727/298/75 1728/297/75 1726/295/75
f 1727/298/74 1729/300/74 1730/299/74 1728/297/74
f 1729/300/81 1731/302/81 1732/301/81 1730/299/81
f 1731/302/80 1733/304/80 1734/303/80 1732/301/80
f 1733/304/79 1735/306/79 1736/305/79 1734/303/79
f 1735/306/78 1721/308/78 1722/307/78 1736/305/78
f 1737/291/77 1739/294/77 1740/293/77 1738/292/77
f 1739/294/76 1741/296/76 1742/295/76 1740/293/76
f 1741/296/75 1743/298/75 1744/297/75 1742/295/75
f 1743/298/74 1745/300/74 1746/299/74 1744/297/74
f 1745/300/81 1747/302/81 1748/301/81 1746/299/81
f 1747/302/80 1749/304/80 1750/303/80 1748/301/80
f 1749/304/79 1751/306/79 1752/305/79 1750/303/79
f 1751/306/78 1737/308/78 1738/307/78 1752/305/78
f 1779/163/212 1757/166/212 1759/165/212 1783/164/212
f 1795/167/250 1761/170/250 1777/169/250 1794/168/250
f 1792/171/93 1796/174/93 1793/173/93 1781/172/93
f 1765/175/251 1775/178/251 1772/177/251 1756/176/251
f 1754/179/3 1770/182/3 1769/181/3 1753/180/3
f 1758/183/217 1773/184/217 1775/178/217 1765/175/217
f 1753/185/252 1769/186/252 1773/184/252 1758/183/252
f 1767/187/219 1776/190/219 1774/189/219 1762/188/219
f 1755/191/220 1771/192/220 1776/190/220 1767/187/220
f 1756/193/8 1772/196/8 1771/195/8 1755/194/8
f 1762/188/253 1774/189/253 1770/198/253 1754/197/253
f 1774/212/230 1778/215/230 1766/214/230 1770/213/230
f 1775/216/231 1780/219/231 1763/218/231 1772/217/231
f 1770/220/3 1766/223/3 1768/222/3 1769/221/3
f 1773/224/232 1760/225/232 1780/219/232 1775/216/232
f 1769/226/233 1768/227/233 1760/225/233 1773/224/233
f 1776/228/234 1782/229/234 1778/215/234 1774/212/234
f 1771/230/235 1764/231/235 1782/229/235 1776/228/235
f 1772/232/8 1763/235/8 1764/234/8 1771/233/8
f 1766/236/3 1787/239/3 1788/238/3 1768/237/3
f 1760/240/236 1784/243/236 1790/242/236 1780/241/236
f 1768/244/237 1788/245/237 1784/243/237 1760/240/237
f 1782/246/238 1791/249/238 1789/248/238 1778/247/238
f 1764/250/239 1786/251/239 1791/249/239 1782/246/239
f 1778/247/240 1789/248/240 1787/253/240 1766/252/240
f 1780/241/254 1790/242/254 1785/255/254 1763/254/254
f 1763/256/8 1785/259/8 1786/258/8 1764/257/8
f 1785/264/8 1777/267/8 1761/266/8 1786/265/8
f 1789/268/64 1783/271/64 1759/270/64 1787/269/64
f 1790/272/65 1794/275/65 1777/274/65 1785/273/65
f 1787/269/3 1759/270/3 1757/277/3 1788/276/3
f 1784/278/19 1779/279/19 1794/275/19 1790/272/19
f 1788/280/66 1757/281/66 1779/279/66 1784/278/66
f 1791/282/2 1795/284/2 1783/283/2 1789/280/2
f 1786/285/67 1761/286/67 1795/284/67 1791/282/67
f 1793/173/94 1794/288/94 1779/287/94 1781/172/94
f 1792/171/91 1783/290/91 1795/289/91 1796/174/91
f 1783/164/248 1792/171/248 1781/172/248 1779/163/248
f 1794/168/255 1793/173/256 1796/174/257 1795/167/256
f 1797/291/77 1799/294/77 1800/293/77 1798/292/77
f 1799/294/76 1801/296/76 1802/295/76 1800/293/76
f 1801/296/75 1803/298/75 1804/297/75 1802/295/75
f 1803/298/74 1805/300/74 1806/299/74 1804/297/74
f 1805/300/81 1807/302/81 1808/301/81 1806/299/81
f 1807/302/80 1809/304/80 1810/303/80 1808/301/80
f 1809/304/79 1811/306/79 1812/305/79 1810/303/79
f 1811/306/78 1797/308/78 1798/307/78 1812/305/78
f 1814/306/78 1828/308/78 1827/307/78 1813/305/78
f 1816/304/79 1814/306/79 1813/305/79 1815/303/79
f 1818/302/80 1816/304/80 1815/303/80 1817/301/80
f 1820/300/81 1818/302/81 1817/301/81 1819/299/81
f 1822/298/74 1820/300/74 1819/299/74 1821/297/74
f 1824/296/75 1822/298/75 1821/297/75 1823/295/75
f 1826/294/76 1824/296/76 1823/295/76 1825/293/76
f 1828/291/77 1826/294/77 1825/293/77 1827/292/77
f 1830/306/78 1844/308/78 1843/307/78 1829/305/78
f 1832/304/79 1830/306/79 1829/305/79 1831/303/79
f 1834/302/80 1832/304/80 1831/303/80 1833/301/80
f 1836/300/81 1834/302/81 1833/301/81 1835/299/81
f 1838/298/74 1836/300/74 1835/299/74 1837/297/74
f 1840/296/75 1838/298/75 1837/297/75 1839/295/75
f 1842/294/76 1840/296/76 1839/295/76 1841/293/76
f 1844/291/77 1842/294/77 1841/293/77 1843/292/77
f 1846/306/78 1860/308/78 1859/307/78 1845/305/78
f 1848/304/79 1846/306/79 1845/305/79 1847/303/79
f 1850/302/80 1848/304/80 1847/303/80 1849/301/80
f 1852/300/81 1850/302/81 1849/301/81 1851/299/81
f 1854/298/74 1852/300/74 1851/299/74 1853/297/74
f 1856/296/75 1854/298/75 1853/297/75 1855/295/75
f 1858/294/76 1856/296/76 1855/295/76 1857/293/76
f 1860/291/77 1858/294/77 1857/293/77 1859/292/77
f 1862/306/78 1876/308/78 1875/307/78 1861/305/78
f 1864/304/79 1862/306/79 1861/305/79 1863/303/79
f 1866/302/80 1864/304/80 1863/303/80 1865/301/80
f 1868/300/81 1866/302/81 1865/301/81 1867/299/81
f 1870/298/74 1868/300/74 1867/299/74 1869/297/74
f 1872/296/75 1870/298/75 1869/297/75 1871/295/75
f 1874/294/76 1872/296/76 1871/295/76 1873/293/76
f 1876/291/77 1874/294/77 1873/293/77 1875/292/77
f 1877/291/77 1879/294/77 1880/293/77 1878/292/77
f 1879/294/76 1881/296/76 1882/295/76 1880/293/76
f 1881/296/75 1883/298/75 1884/297/75 1882/295/75
f 1883/298/74 1885/300/74 1886/299/74 1884/297/74
f 1885/300/81 1887/302/81 1888/301/81 1886/299/81
f 1887/302/80 1889/304/80 1890/303/80 1888/301/80
f 1889/304/79 1891/306/79 1892/305/79 1890/303/79
f 1891/306/78 1877/308/78 1878/307/78 1892/305/78
f 1893/291/77 1895/294/77 1896/293/77 1894/292/77
f 1895/294/76 1897/296/76 1898/295/76 1896/293/76
f 1897/296/75 1899/298/75 1900/297/75 1898/295/75
f 1899/298/74 1901/300/74 1902/299/74 1900/297/74
f 1901/300/81 1903/302/81 1904/301/81 1902/299/81
f 1903/302/80 1905/304/80 1906/303/80 1904/301/80
f 1905/304/79 1907/306/79 1908/305/79 1906/303/79
f 1907/306/78 1893/308/78 1894/307/78 1908/305/78
f 1755/194/8 446/194/8 447/193/8 1756/193/8
f 1909/291/77 1911/294/77 1912/293/77 1910/292/77
f 1911/294/76 1913/296/76 1914/295/76 1912/293/76
f 1913/296/75 1915/298/75 1916/297/75 1914/295/75
f 1915/298/74 1917/300/74 1918/299/74 1916/297/74
f 1917/300/81 1919/302/81 1920/301/81 1918/299/81
f 1919/302/80 1921/304/80 1922/303/80 1920/301/80
f 1921/304/79 1923/306/79 1924/305/79 1922/303/79
f 1923/306/78 1909/308/78 1910/307/78 1924/305/78
f 1925/291/77 1927/294/77 1928/293/77 1926/292/77
f 1927/294/76 1929/296/76 1930/295/76 1928/293/76
f 1929/296/75 1931/298/75 1932/297/75 1930/295/75
f 1931/298/74 1933/300/74 1934/299/74 1932/297/74
f 1933/300/81 1935/302/81 1936/301/81 1934/299/81
f 1935/302/80 1937/304/80 1938/303/80 1936/301/80
f 1937/304/79 1939/306/79 1940/305/79 1938/303/79
f 1939/306/78 1925/308/78 1926/307/78 1940/305/78
f 1753/180/3 483/180/3 485/179/3 1754/179/3
f 1758/183/66 482/183/66 483/185/66 1753/185/66
f 1765/175/19 484/175/19 482/183/19 1758/183/19
f 1754/197/64 485/197/64 481/188/64 1762/188/64
f 1762/188/2 481/188/2 480/187/2 1767/187/2
f 1756/176/65 447/176/65 484/175/65 1765/175/65
f 1767/187/67 480/187/67 446/191/67 1755/191/67
f 2066/309/94 2069/312/94 2072/311/258 2059/310/258
f 2067/313/87 2064/316/87 1942/315/87 2061/314/259
f 2063/317/6 2067/320/6 2061/319/6 1941/318/6
f 2065/321/2 1943/322/2 1942/315/2 2064/316/2
f 1944/291/77 1946/294/77 1947/293/77 1945/292/77
f 1946/294/76 1948/296/76 1949/295/76 1947/293/76
f 1948/296/75 1950/298/75 1951/297/75 1949/295/75
f 1950/298/74 1952/300/74 1953/299/74 1951/297/74
f 1952/300/81 1954/302/81 1955/301/81 1953/299/81
f 1954/302/80 1956/304/80 1957/303/80 1955/301/80
f 1956/304/79 1958/306/79 1959/305/79 1957/303/79
f 1958/306/78 1944/308/78 1945/307/78 1959/305/78
f 1960/291/77 1962/294/77 1963/293/77 1961/292/77
f 1962/294/76 1964/296/76 1965/295/76 1963/293/76
f 1964/296/75 1966/298/75 1967/297/75 1965/295/75
f 1966/298/74 1968/300/74 1969/299/74 1967/297/74
f 1968/300/81 1970/302/81 1971/301/81 1969/299/81
f 1970/302/80 1972/304/80 1973/303/80 1971/301/80
f 1972/304/79 1974/306/79 1975/305/79 1973/303/79
f 1974/306/78 1960/308/78 1961/307/78 1975/305/78
f 1976/291/77 1978/294/77 1979/293/77 1977/292/77
f 1978/294/76 1980/296/76 1981/295/76 1979/293/76
f 1980/296/75 1982/298/75 1983/297/75 1981/295/75
f 1982/298/74 1984/300/74 1985/299/74 1983/297/74
f 1984/300/81 1986/302/81 1987/301/81 1985/299/81
f 1986/302/80 1988/304/80 1989/303/80 1987/301/80
f 1988/304/79 1990/306/79 1991/305/79 1989/303/79
f 1990/306/78 1976/308/78 1977/307/78 1991/305/78
f 1992/291/77 1994/294/77 1995/293/77 1993/292/77
f 1994/294/76 1996/296/76 1997/295/76 1995/293/76
f 1996/296/75 1998/298/75 1999/297/75 1997/295/75
f 1998/298/74 2000/300/74 2001/299/74 1999/297/74
f 2000/300/81 2002/302/81 2003/301/81 2001/299/81
f 2002/302/80 2004/304/80 2005/303/80 2003/301/80
f 2004/304/79 2006/306/79 2007/305/79 2005/303/79
f 2006/306/78 1992/308/78 1993/307/78 2007/305/78
f 2008/291/77 2010/294/77 2011/293/77 2009/292/77
f 2010/294/76 2012/296/76 2013/295/76 2011/293/76
f 2012/296/75 2014/298/75 2015/297/75 2013/295/75
f 2014/298/74 2016/300/74 2017/299/74 2015/297/74
f 2016/300/81 2018/302/81 2019/301/81 2017/299/81
f 2018/302/80 2020/304/80 2021/303/80 2019/301/80
f 2020/304/79 2022/306/79 2023/305/79 2021/303/79
f 2022/306/78 2008/308/78 2009/307/78 2023/305/78
f 2024/291/77 2026/294/77 2027/293/77 2025/292/77
f 2026/294/76 2028/296/76 2029/295/76 2027/293/76
f 2028/296/75 2030/298/75 2031/297/75 2029/295/75
f 2030/298/74 2032/300/74 2033/299/74 2031/297/74
f 2032/300/81 2034/302/81 2035/301/81 2033/299/81
f 2034/302/80 2036/304/80 2037/303/80 2035/301/80
f 2036/304/79 2038/306/79 2039/305/79 2037/303/79
f 2038/306/78 2024/308/78 2025/307/78 2039/305/78
f 2040/291/77 2042/294/77 2043/293/77 2041/292/77
f 2042/294/76 2044/296/76 2045/295/76 2043/293/76
f 2044/296/75 2046/298/75 2047/297/75 2045/295/75
f 2046/298/74 2048/300/74 2049/299/74 2047/297/74
f 2048/300/81 2050/302/81 2051/301/81 2049/299/81
f 2050/302/80 2052/304/80 2053/303/80 2051/301/80
f 2052/304/79 2054/306/79 2055/305/79 2053/303/79
f 2054/306/78 2040/308/78 2041/307/78 2055/305/78
f 2058/323/19 2072/311/19 2069/312/19 2068/324/19
f 1941/318/68 2058/326/68 2068/325/68 2063/317/68
f 2060/327/91 1943/330/91 2065/329/91 2062/328/91
f 2059/331/260 2060/327/260 2062/328/93 2066/332/93
f 2072/175/261 2081/178/261 2078/177/261 2059/176/261
f 2061/179/6 2076/182/6 2075/181/6 1941/180/6
f 2058/183/98 2079/184/98 2081/178/98 2072/175/98
f 1941/185/262 2075/186/263 2079/184/264 2058/183/263
f 1943/187/101 2082/190/101 2080/189/101 1942/188/101
f 2060/191/265 2077/192/265 2082/190/265 1943/187/265
f 2059/193/260 2078/196/93 2077/195/93 2060/194/260
f 1942/188/266 2080/189/267 2076/198/266 2061/197/266
f 2080/212/110 2083/215/110 2073/214/110 2076/213/110
f 2081/216/108 2085/219/108 2070/218/108 2078/217/108
f 2076/220/6 2073/223/6 2074/222/6 2075/221/6
f 2079/224/107 2056/225/107 2085/219/107 2081/216/107
f 2075/226/106 2074/227/106 2056/225/106 2079/224/106
f 2082/228/109 2086/229/109 2083/215/109 2080/212/109
f 2077/230/105 2071/231/105 2086/229/105 2082/228/105
f 2078/232/93 2070/235/93 2071/234/93 2077/233/93
f 2073/236/6 2090/239/6 2091/238/6 2074/237/6
f 2056/240/111 2087/243/111 2093/242/111 2085/241/111
f 2074/244/116 2091/245/116 2087/243/116 2056/240/116
f 2086/246/113 2094/249/113 2092/248/113 2083/247/113
f 2071/250/115 2089/251/115 2094/249/115 2086/246/115
f 2083/247/114 2092/248/114 2090/253/114 2073/252/114
f 2085/241/112 2093/242/112 2088/255/112 2070/254/112
f 2070/256/93 2088/259/93 2089/258/260 2071/257/93
f 2088/264/93 1565/267/228 1566/266/229 2089/265/260
f 2092/268/87 2095/271/245 2057/270/245 2090/269/87
f 2093/272/268 1567/275/94 1565/274/94 2088/273/94
f 2090/269/6 2057/270/226 1564/277/227 2091/276/6
f 2087/278/19 2084/279/19 1567/275/19 2093/272/19
f 2091/280/269 1564/281/207 2084/279/210 2087/278/269
f 2094/282/2 1568/284/2 2095/283/2 2092/280/2
f 2089/285/91 1566/286/91 1568/284/91 2094/282/91
f 2096/291/75 2098/294/75 2099/293/75 2097/292/75
f 2098/294/74 2100/296/74 2101/295/74 2099/293/74
f 2100/296/81 2102/298/81 2103/297/81 2101/295/81
f 2102/298/80 2104/300/80 2105/299/80 2103/297/80
f 2104/300/79 2106/302/79 2107/301/79 2105/299/79
f 2106/302/78 2108/304/78 2109/303/78 2107/301/78
f 2108/304/77 2110/306/77 2111/305/77 2109/303/77
f 2110/306/76 2096/308/76 2097/307/76 2111/305/76
f 2113/306/76 2127/308/76 2126/307/76 2112/305/76
f 2115/304/77 2113/306/77 2112/305/77 2114/303/77
f 2117/302/78 2115/304/78 2114/303/78 2116/301/78
f 2119/300/79 2117/302/79 2116/301/79 2118/299/79
f 2121/298/80 2119/300/80 2118/299/80 2120/297/80
f 2123/296/81 2121/298/81 2120/297/81 2122/295/81
f 2125/294/74 2123/296/74 2122/295/74 2124/293/74
f 2127/291/75 2125/294/75 2124/293/75 2126/292/75
f 2129/306/76 2143/308/76 2142/307/76 2128/305/76
f 2131/304/77 2129/306/77 2128/305/77 2130/303/77
f 2133/302/78 2131/304/78 2130/303/78 2132/301/78
f 2135/300/79 2133/302/79 2132/301/79 2134/299/79
f 2137/298/80 2135/300/80 2134/299/80 2136/297/80
f 2139/296/81 2137/298/81 2136/297/81 2138/295/81
f 2141/294/74 2139/296/74 2138/295/74 2140/293/74
f 2143/291/75 2141/294/75 2140/293/75 2142/292/75
f 2145/306/76 2159/308/76 2158/307/76 2144/305/76
f 2147/304/77 2145/306/77 2144/305/77 2146/303/77
f 2149/302/78 2147/304/78 2146/303/78 2148/301/78
f 2151/300/79 2149/302/79 2148/301/79 2150/299/79
f 2153/298/80 2151/300/80 2150/299/80 2152/297/80
f 2155/296/81 2153/298/81 2152/297/81 2154/295/81
f 2157/294/74 2155/296/74 2154/295/74 2156/293/74
f 2159/291/75 2157/294/75 2156/293/75 2158/292/75
f 2161/306/76 2175/308/76 2174/307/76 2160/305/76
f 2163/304/77 2161/306/77 2160/305/77 2162/303/77
f 2165/302/78 2163/304/78 2162/303/78 2164/301/78
f 2167/300/79 2165/302/79 2164/301/79 2166/299/79
f 2169/298/80 2167/300/80 2166/299/80 2168/297/80
f 2171/296/81 2169/298/81 2168/297/81 2170/295/81
f 2173/294/74 2171/296/74 2170/295/74 2172/293/74
f 2175/291/75 2173/294/75 2172/293/75 2174/292/75
f 2176/291/75 2178/294/75 2179/293/75 2177/292/75
f 2178/294/74 2180/296/74 2181/295/74 2179/293/74
f 2180/296/81 2182/298/81 2183/297/81 2181/295/81
f 2182/298/80 2184/300/80 2185/299/80 2183/297/80
f 2184/300/79 2186/302/79 2187/301/79 2185/299/79
f 2186/302/78 2188/304/78 2189/303/78 2187/301/78
f 2188/304/77 2190/306/77 2191/305/77 2189/303/77
f 2190/306/76 2176/308/76 2177/307/76 2191/305/76
f 2192/291/75 2194/294/75 2195/293/75 2193/292/75
f 2194/294/74 2196/296/74 2197/295/74 2195/293/74
f 2196/296/81 2198/298/81 2199/297/81 2197/295/81
f 2198/298/80 2200/300/80 2201/299/80 2199/297/80
f 2200/300/79 2202/302/79 2203/301/79 2201/299/79
f 2202/302/78 2204/304/78 2205/303/78 2203/301/78
f 2204/304/77 2206/306/77 2207/305/77 2205/303/77
f 2206/306/76 2192/308/76 2193/307/76 2207/305/76
f 755/1/119 754/2/2 2211/3/2 2231/4/119
f 2220/5/8 2222/6/8 753/7/8
f 2231/4/270 2211/3/270 2230/8/270 2233/9/270
f 2233/9/271 2230/8/271 2229/10/271 2234/11/271
f 2234/11/93 2229/10/93 2228/8/93 2235/9/93
f 2235/9/2 2228/8/2 2227/10/2 2236/11/2
f 2236/11/93 2227/10/93 2226/8/93 2237/9/93
f 2237/9/2 2226/8/2 2225/10/2 2238/11/2
f 2238/11/93 2225/10/93 2224/8/93 2239/9/93
f 2239/9/2 2224/8/2 2223/10/2 2240/11/2
f 2240/11/93 2223/10/93 2222/8/93 2241/9/93
f 2241/9/2 2222/8/2 2221/10/2 2242/11/2
f 2242/11/93 2221/10/93 2220/8/93 2243/9/93
f 2243/9/2 2220/8/2 2219/10/2 2244/11/2
f 2244/11/93 2219/10/93 2218/8/93 2245/9/93
f 2245/9/2 2218/8/2 2217/10/2 2246/11/2
f 2246/11/93 2217/10/93 2216/8/93 2247/9/93
f 2247/9/2 2216/8/2 2215/10/2 2248/11/2
f 2248/11/93 2215/10/93 2214/8/93 2249/9/93
f 2249/9/2 2214/8/2 2213/10/2 2250/11/2
f 2250/11/93 2213/10/93 2212/8/93 2251/9/93
f 2251/9/2 2212/8/2 2210/10/2 2232/11/2
f 2209/9/93 2232/11/93 2210/10/93 2208/8/93
f 753/7/8 2208/12/8 2212/13/8
f 2208/12/8 2210/14/8 2212/13/8
f 2212/13/8 2213/15/8 2214/16/8
f 2211/17/8 754/18/8 2230/19/8
f 754/18/8 753/7/8 2230/19/8
f 2228/20/8 2229/21/8 2230/19/8
f 753/7/8 2212/13/8 2214/16/8
f 2214/16/8 2215/22/8 2216/23/8
f 2216/23/8 2217/24/8 2218/25/8
f 2218/25/8 2219/26/8 2220/5/8
f 2220/5/8 2221/27/8 2222/6/8
f 2222/6/8 2223/28/8 2224/29/8
f 2224/29/8 2225/30/8 2226/31/8
f 2226/31/8 2227/32/8 2228/20/8
f 2228/20/8 2230/19/8 753/7/8
f 753/7/8 2214/16/8 2216/23/8
f 753/7/8 2216/23/8 2218/25/8
f 2226/31/8 2228/20/8 753/7/8
f 2224/29/8 2226/31/8 753/7/8
f 753/7/8 2218/25/8 2220/5/8
f 2222/6/8 2224/29/8 753/7/8
f 755/33/119 2231/34/119 2253/35/122 757/36/122
f 2233/37/3 2234/38/3 2235/39/3
f 2232/40/3 2209/41/3 2251/42/3
f 2249/43/3 2250/44/3 2251/42/3
f 2235/39/3 2236/45/3 2237/46/3
f 2237/46/3 2238/47/3 2239/48/3
f 2239/48/3 2240/49/3 2241/50/3
f 2241/50/3 2242/51/3 2243/52/3
f 2243/52/3 2244/53/3 2245/54/3
f 2245/54/3 2246/55/3 2247/56/3
f 2247/56/3 2248/57/3 2249/43/3
f 2260/58/123 2254/59/123 758/60/123 779/61/123
f 757/36/124 2253/35/124 2259/62/124 762/63/124
f 2258/19/125 761/64/125 759/64/125 2255/19/125
f 2252/65/272 2233/66/272 2256/67/272 2257/68/272
f 756/69/127 2252/70/127 2257/71/127 760/72/127
f 2245/54/3 2247/56/3 2256/73/3
f 2252/19/128 756/64/128 761/64/128 2258/19/128
f 2260/58/129 779/61/129 778/74/129 2261/75/129
f 2261/75/130 778/74/130 777/76/130 2262/77/130
f 2262/77/129 777/76/129 776/78/129 2263/79/129
f 2263/79/130 776/78/130 775/80/130 2264/81/130
f 2264/81/129 775/80/129 774/82/129 2265/83/129
f 2265/83/130 774/82/130 773/84/130 2266/85/130
f 2266/85/129 773/84/129 772/86/129 2267/87/129
f 2267/87/124 772/86/124 771/88/124 2268/89/124
f 2268/89/131 771/88/131 770/90/131 2269/91/131
f 2269/91/124 770/90/124 769/92/124 2270/93/124
f 2270/93/131 769/92/131 768/94/131 2271/95/131
f 2271/95/124 768/94/124 767/96/124 2272/97/124
f 2272/97/131 767/96/131 766/98/131 2273/99/131
f 2273/99/124 766/98/124 765/100/124 2274/101/124
f 2274/101/131 765/100/131 764/102/131 2275/103/131
f 2275/103/124 764/102/124 763/104/124 2276/105/124
f 2276/105/131 763/104/131 762/63/131 2259/62/131
f 2260/106/93 2261/107/93 2262/108/93
f 2262/108/93 2263/109/93 2264/110/93
f 2264/110/93 2265/111/93 2266/112/93
f 2266/112/93 2267/113/93 2268/114/93
f 2268/114/93 2269/115/93 2270/116/93
f 2270/116/93 2271/117/93 2272/118/93
f 2272/118/93 2273/119/93 2274/120/93
f 2274/120/93 2275/121/93 2276/122/93
f 2276/122/93 2259/123/93 2253/124/93
f 2253/124/93 2231/125/93 2233/126/93
f 2252/127/93 2258/128/93 2270/116/93
f 2258/128/93 2255/129/93 2262/108/93
f 2254/130/93 2255/131/93 1563/132/93
f 2253/124/93 2233/126/93 2252/127/93
f 2274/120/93 2276/122/93 2252/127/93
f 2276/122/93 2253/124/93 2252/127/93
f 2270/116/93 2272/118/93 2252/127/93
f 2272/118/93 2274/120/93 2252/127/93
f 2268/114/93 2270/116/93 2258/128/93
f 2262/108/93 2264/110/93 2258/128/93
f 2264/110/93 2266/112/93 2258/128/93
f 2266/112/93 2268/114/93 2258/128/93
f 2255/131/93 2260/133/93 2262/134/93
f 2241/50/3 2243/52/3 2256/73/3
f 2243/52/3 2245/54/3 2256/73/3
f 2239/48/3 2241/50/3 2256/73/3
f 2237/46/3 2239/48/3 2256/73/3
f 2256/73/3 2233/37/3 2235/39/3
f 2251/42/3 2209/41/3 2256/73/3
f 2249/43/3 2251/42/3 2256/73/3
f 2256/73/3 2235/39/3 2237/46/3
f 2247/56/3 2249/43/3 2256/73/3
f 2255/135/132 759/136/132 29/137/19 1562/138/19
f 758/60/2 2254/59/2 1563/139/2 28/140/2
f 2260/133/93 2255/131/93 2254/130/93
f 1563/132/93 2255/131/93 1562/141/93
f 2315/142/273 2317/143/273 2282/144/274 2283/145/275
f 2298/146/276 2285/147/276 2294/148/276
f 2277/149/277 2789/150/277 2320/151/278 2318/152/278
f 2789/150/19 2321/153/19 2320/151/19
f 2319/154/19 2321/153/19 2287/155/19
f 2281/156/2 2800/157/2 2324/158/2 2299/159/2
f 2284/160/279 2299/161/279 2296/162/279
f 2310/163/280 2314/164/280 2288/165/280 2286/166/280
f 2336/167/281 2335/168/282 2308/169/283 2290/170/282
f 2333/171/93 2312/172/93 2334/173/93 2337/174/93
f 2294/175/284 2285/176/284 2303/177/284 2306/178/284
f 2283/179/275 2282/180/274 2300/181/8 2301/182/8
f 2287/183/217 2294/175/217 2306/178/217 2304/184/217
f 2282/185/285 2287/183/285 2304/184/285 2300/186/285
f 2296/187/219 2291/188/219 2305/189/219 2307/190/219
f 2284/191/286 2296/187/286 2307/190/286 2302/192/286
f 2285/193/3 2284/194/3 2302/195/3 2303/196/3
f 2291/188/287 2283/197/287 2301/198/287 2305/189/287
f 2279/199/288 2281/200/288 2299/161/288 2284/160/288
f 2317/201/289 2319/154/289 2287/155/289 2282/202/289
f 2299/159/2 2324/158/2 2291/203/2 2296/204/2
f 2323/205/290 2315/142/290 2283/145/290 2291/203/290
f 2280/206/291 2278/207/291 2285/147/291 2298/146/291
f 2770/208/292 2277/209/293 2318/210/46 2316/211/46
f 2278/207/294 2279/199/295 2284/160/43 2285/147/43
f 2305/212/235 2301/213/235 2295/214/235 2309/215/235
f 2306/216/233 2303/217/233 2292/218/233 2311/219/233
f 2301/220/8 2300/221/8 2297/222/8 2295/223/8
f 2304/224/232 2306/216/232 2311/219/232 2289/225/232
f 2300/226/231 2304/224/231 2289/225/231 2297/227/231
f 2307/228/234 2305/212/234 2309/215/234 2313/229/234
f 2302/230/230 2307/228/230 2313/229/230 2293/231/230
f 2303/232/3 2302/233/3 2293/234/3 2292/235/3
f 2295/236/8 2297/237/8 2329/238/8 2328/239/8
f 2289/240/236 2311/241/236 2331/242/236 2325/243/236
f 2297/244/241 2289/240/241 2325/243/241 2329/245/241
f 2313/246/238 2309/247/238 2330/248/238 2332/249/238
f 2293/250/240 2313/246/240 2332/249/240 2327/251/240
f 2309/247/239 2295/252/239 2328/253/239 2330/248/239
f 2311/241/237 2292/254/237 2326/255/237 2331/242/237
f 2292/256/3 2293/257/3 2327/258/3 2326/259/3
f 2319/154/19 2320/151/19 2321/153/19
f 2322/260/2 2323/205/2 2324/158/2
f 2319/154/296 2317/201/296 2318/152/296 2320/151/296
f 2317/143/297 2315/142/297 2316/211/297 2318/210/297
f 2315/142/298 2323/205/298 2322/260/298 2316/211/298
f 2800/157/299 2770/208/299 2316/211/300 2322/260/300
f 2324/158/2 2800/157/2 2322/260/2
f 2291/203/2 2324/158/2 2323/205/2
f 2321/153/19 2789/150/19 2280/261/19 2298/262/19
f 2287/155/19 2321/153/19 2298/262/19 2294/263/19
f 2326/264/3 2327/265/3 2290/266/3 2308/267/3
f 2330/268/67 2328/269/67 2288/270/67 2314/271/67
f 2331/272/66 2326/273/66 2308/274/66 2335/275/66
f 2328/269/8 2329/276/8 2286/277/8 2288/270/8
f 2325/278/19 2331/272/19 2335/275/19 2310/279/19
f 2329/280/65 2325/278/65 2310/279/65 2286/281/65
f 2332/282/2 2330/280/2 2314/283/2 2336/284/2
f 2327/285/64 2332/282/64 2336/284/64 2290/286/64
f 2334/173/94 2312/172/94 2310/287/94 2335/288/94
f 2333/171/247 2337/174/247 2336/289/247 2314/290/247
f 2314/164/301 2310/163/301 2312/172/301 2333/171/301
f 2335/168/302 2336/167/302 2337/174/303 2334/173/303
f 2338/291/78 2339/292/78 2341/293/78 2340/294/78
f 2340/294/79 2341/293/79 2343/295/79 2342/296/79
f 2342/296/80 2343/295/80 2345/297/80 2344/298/80
f 2344/298/81 2345/297/81 2347/299/81 2346/300/81
f 2346/300/74 2347/299/74 2349/301/74 2348/302/74
f 2348/302/75 2349/301/75 2351/303/75 2350/304/75
f 2350/304/76 2351/303/76 2353/305/76 2352/306/76
f 2352/306/77 2353/305/77 2339/307/77 2338/308/77
f 2355/306/77 2354/305/77 2368/307/77 2369/308/77
f 2357/304/76 2356/303/76 2354/305/76 2355/306/76
f 2359/302/75 2358/301/75 2356/303/75 2357/304/75
f 2361/300/74 2360/299/74 2358/301/74 2359/302/74
f 2363/298/81 2362/297/81 2360/299/81 2361/300/81
f 2365/296/80 2364/295/80 2362/297/80 2363/298/80
f 2367/294/79 2366/293/79 2364/295/79 2365/296/79
f 2369/291/78 2368/292/78 2366/293/78 2367/294/78
f 2371/306/77 2370/305/77 2384/307/77 2385/308/77
f 2373/304/76 2372/303/76 2370/305/76 2371/306/76
f 2375/302/75 2374/301/75 2372/303/75 2373/304/75
f 2377/300/74 2376/299/74 2374/301/74 2375/302/74
f 2379/298/81 2378/297/81 2376/299/81 2377/300/81
f 2381/296/80 2380/295/80 2378/297/80 2379/298/80
f 2383/294/79 2382/293/79 2380/295/79 2381/296/79
f 2385/291/78 2384/292/78 2382/293/78 2383/294/78
f 2387/306/77 2386/305/77 2400/307/77 2401/308/77
f 2389/304/76 2388/303/76 2386/305/76 2387/306/76
f 2391/302/75 2390/301/75 2388/303/75 2389/304/75
f 2393/300/74 2392/299/74 2390/301/74 2391/302/74
f 2395/298/81 2394/297/81 2392/299/81 2393/300/81
f 2397/296/80 2396/295/80 2394/297/80 2395/298/80
f 2399/294/79 2398/293/79 2396/295/79 2397/296/79
f 2401/291/78 2400/292/78 2398/293/78 2399/294/78
f 2403/306/77 2402/305/77 2416/307/77 2417/308/77
f 2405/304/76 2404/303/76 2402/305/76 2403/306/76
f 2407/302/75 2406/301/75 2404/303/75 2405/304/75
f 2409/300/74 2408/299/74 2406/301/74 2407/302/74
f 2411/298/81 2410/297/81 2408/299/81 2409/300/81
f 2413/296/80 2412/295/80 2410/297/80 2411/298/80
f 2415/294/79 2414/293/79 2412/295/79 2413/296/79
f 2417/291/78 2416/292/78 2414/293/78 2415/294/78
f 2418/291/78 2419/292/78 2421/293/78 2420/294/78
f 2420/294/79 2421/293/79 2423/295/79 2422/296/79
f 2422/296/80 2423/295/80 2425/297/80 2424/298/80
f 2424/298/81 2425/297/81 2427/299/81 2426/300/81
f 2426/300/74 2427/299/74 2429/301/74 2428/302/74
f 2428/302/75 2429/301/75 2431/303/75 2430/304/75
f 2430/304/76 2431/303/76 2433/305/76 2432/306/76
f 2432/306/77 2433/305/77 2419/307/77 2418/308/77
f 2434/291/78 2435/292/78 2437/293/78 2436/294/78
f 2436/294/79 2437/293/79 2439/295/79 2438/296/79
f 2438/296/80 2439/295/80 2441/297/80 2440/298/80
f 2440/298/81 2441/297/81 2443/299/81 2442/300/81
f 2442/300/74 2443/299/74 2445/301/74 2444/302/74
f 2444/302/75 2445/301/75 2447/303/75 2446/304/75
f 2446/304/76 2447/303/76 2449/305/76 2448/306/76
f 2448/306/77 2449/305/77 2435/307/77 2434/308/77
f 2450/291/78 2451/292/78 2453/293/78 2452/294/78
f 2452/294/79 2453/293/79 2455/295/79 2454/296/79
f 2454/296/80 2455/295/80 2457/297/80 2456/298/80
f 2456/298/81 2457/297/81 2459/299/81 2458/300/81
f 2458/300/74 2459/299/74 2461/301/74 2460/302/74
f 2460/302/75 2461/301/75 2463/303/75 2462/304/75
f 2462/304/76 2463/303/76 2465/305/76 2464/306/76
f 2464/306/77 2465/305/77 2451/307/77 2450/308/77
f 2492/163/280 2496/164/280 2472/165/280 2470/166/280
f 2508/167/304 2507/168/304 2490/169/304 2474/170/305
f 2505/171/93 2494/172/93 2506/173/93 2509/174/93
f 2478/175/306 2469/176/306 2485/177/306 2488/178/306
f 2467/179/8 2466/180/8 2482/181/8 2483/182/8
f 2471/183/217 2478/175/217 2488/178/217 2486/184/217
f 2466/185/307 2471/183/307 2486/184/307 2482/186/307
f 2480/187/219 2475/188/219 2487/189/219 2489/190/219
f 2468/191/286 2480/187/286 2489/190/286 2484/192/286
f 2469/193/3 2468/194/3 2484/195/3 2485/196/3
f 2475/188/308 2467/197/308 2483/198/308 2487/189/308
f 2487/212/235 2483/213/235 2479/214/235 2491/215/235
f 2488/216/233 2485/217/233 2476/218/233 2493/219/233
f 2483/220/8 2482/221/8 2481/222/8 2479/223/8
f 2486/224/232 2488/216/232 2493/219/232 2473/225/232
f 2482/226/231 2486/224/231 2473/225/231 2481/227/231
f 2489/228/234 2487/212/234 2491/215/234 2495/229/234
f 2484/230/230 2489/228/230 2495/229/230 2477/231/230
f 2485/232/3 2484/233/3 2477/234/3 2476/235/3
f 2479/236/8 2481/237/8 2501/238/8 2500/239/8
f 2473/240/236 2493/241/236 2503/242/236 2497/243/236
f 2481/244/241 2473/240/241 2497/243/241 2501/245/241
f 2495/246/238 2491/247/238 2502/248/238 2504/249/238
f 2477/250/240 2495/246/240 2504/249/240 2499/251/240
f 2491/247/239 2479/252/239 2500/253/239 2502/248/239
f 2493/241/309 2476/254/309 2498/255/309 2503/242/309
f 2476/256/3 2477/257/3 2499/258/3 2498/259/3
f 2498/264/3 2499/265/3 2474/266/3 2490/267/3
f 2502/268/67 2500/269/67 2472/270/67 2496/271/67
f 2503/272/66 2498/273/66 2490/274/66 2507/275/66
f 2500/269/8 2501/276/8 2470/277/8 2472/270/8
f 2497/278/19 2503/272/19 2507/275/19 2492/279/19
f 2501/280/65 2497/278/65 2492/279/65 2470/281/65
f 2504/282/2 2502/280/2 2496/283/2 2508/284/2
f 2499/285/64 2504/282/64 2508/284/64 2474/286/64
f 2506/173/94 2494/172/94 2492/287/94 2507/288/94
f 2505/171/91 2509/174/91 2508/289/91 2496/290/91
f 2496/164/301 2492/163/301 2494/172/301 2505/171/301
f 2507/168/310 2508/167/311 2509/174/311 2506/173/312
f 2510/291/78 2511/292/78 2513/293/78 2512/294/78
f 2512/294/79 2513/293/79 2515/295/79 2514/296/79
f 2514/296/80 2515/295/80 2517/297/80 2516/298/80
f 2516/298/81 2517/297/81 2519/299/81 2518/300/81
f 2518/300/74 2519/299/74 2521/301/74 2520/302/74
f 2520/302/75 2521/301/75 2523/303/75 2522/304/75
f 2522/304/76 2523/303/76 2525/305/76 2524/306/76
f 2524/306/77 2525/305/77 2511/307/77 2510/308/77
f 2527/306/77 2526/305/77 2540/307/77 2541/308/77
f 2529/304/76 2528/303/76 2526/305/76 2527/306/76
f 2531/302/75 2530/301/75 2528/303/75 2529/304/75
f 2533/300/74 2532/299/74 2530/301/74 2531/302/74
f 2535/298/81 2534/297/81 2532/299/81 2533/300/81
f 2537/296/80 2536/295/80 2534/297/80 2535/298/80
f 2539/294/79 2538/293/79 2536/295/79 2537/296/79
f 2541/291/78 2540/292/78 2538/293/78 2539/294/78
f 2543/306/77 2542/305/77 2556/307/77 2557/308/77
f 2545/304/76 2544/303/76 2542/305/76 2543/306/76
f 2547/302/75 2546/301/75 2544/303/75 2545/304/75
f 2549/300/74 2548/299/74 2546/301/74 2547/302/74
f 2551/298/81 2550/297/81 2548/299/81 2549/300/81
f 2553/296/80 2552/295/80 2550/297/80 2551/298/80
f 2555/294/79 2554/293/79 2552/295/79 2553/296/79
f 2557/291/78 2556/292/78 2554/293/78 2555/294/78
f 2559/306/77 2558/305/77 2572/307/77 2573/308/77
f 2561/304/76 2560/303/76 2558/305/76 2559/306/76
f 2563/302/75 2562/301/75 2560/303/75 2561/304/75
f 2565/300/74 2564/299/74 2562/301/74 2563/302/74
f 2567/298/81 2566/297/81 2564/299/81 2565/300/81
f 2569/296/80 2568/295/80 2566/297/80 2567/298/80
f 2571/294/79 2570/293/79 2568/295/79 2569/296/79
f 2573/291/78 2572/292/78 2570/293/78 2571/294/78
f 2575/306/77 2574/305/77 2588/307/77 2589/308/77
f 2577/304/76 2576/303/76 2574/305/76 2575/306/76
f 2579/302/75 2578/301/75 2576/303/75 2577/304/75
f 2581/300/74 2580/299/74 2578/301/74 2579/302/74
f 2583/298/81 2582/297/81 2580/299/81 2581/300/81
f 2585/296/80 2584/295/80 2582/297/80 2583/298/80
f 2587/294/79 2586/293/79 2584/295/79 2585/296/79
f 2589/291/78 2588/292/78 2586/293/78 2587/294/78
f 2590/291/78 2591/292/78 2593/293/78 2592/294/78
f 2592/294/79 2593/293/79 2595/295/79 2594/296/79
f 2594/296/80 2595/295/80 2597/297/80 2596/298/80
f 2596/298/81 2597/297/81 2599/299/81 2598/300/81
f 2598/300/74 2599/299/74 2601/301/74 2600/302/74
f 2600/302/75 2601/301/75 2603/303/75 2602/304/75
f 2602/304/76 2603/303/76 2605/305/76 2604/306/76
f 2604/306/77 2605/305/77 2591/307/77 2590/308/77
f 2606/291/78 2607/292/78 2609/293/78 2608/294/78
f 2608/294/79 2609/293/79 2611/295/79 2610/296/79
f 2610/296/80 2611/295/80 2613/297/80 2612/298/80
f 2612/298/81 2613/297/81 2615/299/81 2614/300/81
f 2614/300/74 2615/299/74 2617/301/74 2616/302/74
f 2616/302/75 2617/301/75 2619/303/75 2618/304/75
f 2618/304/76 2619/303/76 2621/305/76 2620/306/76
f 2620/306/77 2621/305/77 2607/307/77 2606/308/77
f 2468/194/3 2469/193/3 1195/193/3 1194/194/3
f 2622/291/78 2623/292/78 2625/293/78 2624/294/78
f 2624/294/79 2625/293/79 2627/295/79 2626/296/79
f 2626/296/80 2627/295/80 2629/297/80 2628/298/80
f 2628/298/81 2629/297/81 2631/299/81 2630/300/81
f 2630/300/74 2631/299/74 2633/301/74 2632/302/74
f 2632/302/75 2633/301/75 2635/303/75 2634/304/75
f 2634/304/76 2635/303/76 2637/305/76 2636/306/76
f 2636/306/77 2637/305/77 2623/307/77 2622/308/77
f 2638/291/78 2639/292/78 2641/293/78 2640/294/78
f 2640/294/79 2641/293/79 2643/295/79 2642/296/79
f 2642/296/80 2643/295/80 2645/297/80 2644/298/80
f 2644/298/81 2645/297/81 2647/299/81 2646/300/81
f 2646/300/74 2647/299/74 2649/301/74 2648/302/74
f 2648/302/75 2649/301/75 2651/303/75 2650/304/75
f 2650/304/76 2651/303/76 2653/305/76 2652/306/76
f 2652/306/77 2653/305/77 2639/307/77 2638/308/77
f 2466/180/8 2467/179/8 1233/179/8 1231/180/8
f 2471/183/65 2466/185/65 1231/185/65 1230/183/65
f 2478/175/19 2471/183/19 1230/183/19 1232/175/19
f 2467/197/67 2475/188/67 1229/188/67 1233/197/67
f 2475/188/2 2480/187/2 1228/187/2 1229/188/2
f 2469/176/66 2478/175/66 1232/175/66 1195/176/66
f 2480/187/64 2468/191/64 1194/191/64 1228/187/64
f 2066/309/94 2772/310/313 2777/311/313 2069/312/94
f 2067/313/87 2774/314/314 2655/315/87 2064/316/87
f 2063/317/6 2654/318/6 2774/319/6 2067/320/6
f 2065/321/2 2064/316/2 2655/315/2 2656/322/2
f 2657/291/78 2658/292/78 2660/293/78 2659/294/78
f 2659/294/79 2660/293/79 2662/295/79 2661/296/79
f 2661/296/80 2662/295/80 2664/297/80 2663/298/80
f 2663/298/81 2664/297/81 2666/299/81 2665/300/81
f 2665/300/74 2666/299/74 2668/301/74 2667/302/74
f 2667/302/75 2668/301/75 2670/303/75 2669/304/75
f 2669/304/76 2670/303/76 2672/305/76 2671/306/76
f 2671/306/77 2672/305/77 2658/307/77 2657/308/77
f 2673/291/78 2674/292/78 2676/293/78 2675/294/78
f 2675/294/79 2676/293/79 2678/295/79 2677/296/79
f 2677/296/80 2678/295/80 2680/297/80 2679/298/80
f 2679/298/81 2680/297/81 2682/299/81 2681/300/81
f 2681/300/74 2682/299/74 2684/301/74 2683/302/74
f 2683/302/75 2684/301/75 2686/303/75 2685/304/75
f 2685/304/76 2686/303/76 2688/305/76 2687/306/76
f 2687/306/77 2688/305/77 2674/307/77 2673/308/77
f 2689/291/78 2690/292/78 2692/293/78 2691/294/78
f 2691/294/79 2692/293/79 2694/295/79 2693/296/79
f 2693/296/80 2694/295/80 2696/297/80 2695/298/80
f 2695/298/81 2696/297/81 2698/299/81 2697/300/81
f 2697/300/74 2698/299/74 2700/301/74 2699/302/74
f 2699/302/75 2700/301/75 2702/303/75 2701/304/75
f 2701/304/76 2702/303/76 2704/305/76 2703/306/76
f 2703/306/77 2704/305/77 2690/307/77 2689/308/77
f 2705/291/78 2706/292/78 2708/293/78 2707/294/78
f 2707/294/79 2708/293/79 2710/295/79 2709/296/79
f 2709/296/80 2710/295/80 2712/297/80 2711/298/80
f 2711/298/81 2712/297/81 2714/299/81 2713/300/81
f 2713/300/74 2714/299/74 2716/301/74 2715/302/74
f 2715/302/75 2716/301/75 2718/303/75 2717/304/75
f 2717/304/76 2718/303/76 2720/305/76 2719/306/76
f 2719/306/77 2720/305/77 2706/307/77 2705/308/77
f 2721/291/78 2722/292/78 2724/293/78 2723/294/78
f 2723/294/79 2724/293/79 2726/295/79 2725/296/79
f 2725/296/80 2726/295/80 2728/297/80 2727/298/80
f 2727/298/81 2728/297/81 2730/299/81 2729/300/81
f 2729/300/74 2730/299/74 2732/301/74 2731/302/74
f 2731/302/75 2732/301/75 2734/303/75 2733/304/75
f 2733/304/76 2734/303/76 2736/305/76 2735/306/76
f 2735/306/77 2736/305/77 2722/307/77 2721/308/77
f 2737/291/78 2738/292/78 2740/293/78 2739/294/78
f 2739/294/79 2740/293/79 2742/295/79 2741/296/79
f 2741/296/80 2742/295/80 2744/297/80 2743/298/80
f 2743/298/81 2744/297/81 2746/299/81 2745/300/81
f 2745/300/74 2746/299/74 2748/301/74 2747/302/74
f 2747/302/75 2748/301/75 2750/303/75 2749/304/75
f 2749/304/76 2750/303/76 2752/305/76 2751/306/76
f 2751/306/77 2752/305/77 2738/307/77 2737/308/77
f 2753/291/78 2754/292/78 2756/293/78 2755/294/78
f 2755/294/79 2756/293/79 2758/295/79 2757/296/79
f 2757/296/80 2758/295/80 2760/297/80 2759/298/80
f 2759/298/81 2760/297/81 2762/299/81 2761/300/81
f 2761/300/74 2762/299/74 2764/301/74 2763/302/74
f 2763/302/75 2764/301/75 2766/303/75 2765/304/75
f 2765/304/76 2766/303/76 2768/305/76 2767/306/76
f 2767/306/77 2768/305/77 2754/307/77 2753/308/77
f 2771/323/19 2068/324/19 2069/312/19 2777/311/19
f 2654/318/68 2063/317/68 2068/325/68 2771/326/68
f 2773/327/91 2062/328/91 2065/329/91 2656/330/91
f 2772/331/315 2066/332/93 2062/328/93 2773/327/315
f 2777/175/316 2772/176/316 2783/177/316 2786/178/316
f 2774/179/6 2654/180/6 2780/181/6 2781/182/6
f 2771/183/180 2777/175/180 2786/178/180 2784/184/180
f 2654/185/317 2771/183/318 2784/184/317 2780/186/318
f 2656/187/184 2655/188/184 2785/189/184 2787/190/319
f 2773/191/320 2656/187/320 2787/190/320 2782/192/320
f 2772/193/315 2773/194/315 2782/195/93 2783/196/93
f 2655/188/321 2774/197/321 2781/198/321 2785/189/322
f 2785/212/193 2781/213/193 2778/214/193 2788/215/193
f 2786/216/191 2783/217/191 2775/218/191 2790/219/191
f 2781/220/6 2780/221/6 2779/222/6 2778/223/6
f 2784/224/190 2786/216/190 2790/219/190 2769/225/190
f 2780/226/189 2784/224/189 2769/225/189 2779/227/189
f 2787/228/192 2785/212/192 2788/215/192 2791/229/192
f 2782/230/188 2787/228/188 2791/229/188 2776/231/188
f 2783/232/93 2782/233/93 2776/234/93 2775/235/93
f 2778/236/6 2779/237/6 2796/238/6 2795/239/6
f 2769/240/194 2790/241/194 2798/242/194 2792/243/194
f 2779/244/199 2769/240/199 2792/243/199 2796/245/199
f 2791/246/196 2788/247/196 2797/248/196 2799/249/196
f 2776/250/198 2791/246/198 2799/249/198 2794/251/198
f 2788/247/197 2778/252/197 2795/253/197 2797/248/197
f 2790/241/195 2775/254/195 2793/255/195 2798/242/195
f 2775/256/93 2776/257/93 2794/258/315 2793/259/93
f 2793/264/93 2794/265/315 2279/266/295 2278/267/294
f 2797/268/87 2795/269/87 2770/270/299 2800/271/299
f 2798/272/94 2793/273/268 2278/274/94 2280/275/94
f 2795/269/6 2796/276/6 2277/277/293 2770/270/292
f 2792/278/19 2798/272/19 2280/275/19 2789/279/19
f 2796/280/323 2792/278/323 2789/279/277 2277/281/277
f 2799/282/2 2797/280/2 2800/283/2 2281/284/2
f 2794/285/91 2799/282/91 2281/284/91 2279/286/91
f 2801/291/80 2802/292/80 2804/293/80 2803/294/80
f 2803/294/81 2804/293/81 2806/295/81 2805/296/81
f 2805/296/74 2806/295/74 2808/297/74 2807/298/74
f 2807/298/75 2808/297/75 2810/299/75 2809/300/75
f 2809/300/76 2810/299/76 2812/301/76 2811/302/76
f 2811/302/77 2812/301/77 2814/303/77 2813/304/77
f 2813/304/78 2814/303/78 2816/305/78 2815/306/78
f 2815/306/79 2816/305/79 2802/307/79 2801/308/79
f 2818/306/79 2817/305/79 2831/307/79 2832/308/79
f 2820/304/78 2819/303/78 2817/305/78 2818/306/78
f 2822/302/77 2821/301/77 2819/303/77 2820/304/77
f 2824/300/76 2823/299/76 2821/301/76 2822/302/76
f 2826/298/75 2825/297/75 2823/299/75 2824/300/75
f 2828/296/74 2827/295/74 2825/297/74 2826/298/74
f 2830/294/81 2829/293/81 2827/295/81 2828/296/81
f 2832/291/80 2831/292/80 2829/293/80 2830/294/80
f 2834/306/79 2833/305/79 2847/307/79 2848/308/79
f 2836/304/78 2835/303/78 2833/305/78 2834/306/78
f 2838/302/77 2837/301/77 2835/303/77 2836/304/77
f 2840/300/76 2839/299/76 2837/301/76 2838/302/76
f 2842/298/75 2841/297/75 2839/299/75 2840/300/75
f 2844/296/74 2843/295/74 2841/297/74 2842/298/74
f 2846/294/81 2845/293/81 2843/295/81 2844/296/81
f 2848/291/80 2847/292/80 2845/293/80 2846/294/80
f 2850/306/79 2849/305/79 2863/307/79 2864/308/79
f 2852/304/78 2851/303/78 2849/305/78 2850/306/78
f 2854/302/77 2853/301/77 2851/303/77 2852/304/77
f 2856/300/76 2855/299/76 2853/301/76 2854/302/76
f 2858/298/75 2857/297/75 2855/299/75 2856/300/75
f 2860/296/74 2859/295/74 2857/297/74 2858/298/74
f 2862/294/81 2861/293/81 2859/295/81 2860/296/81
f 2864/291/80 2863/292/80 2861/293/80 2862/294/80
f 2866/306/79 2865/305/79 2879/307/79 2880/308/79
f 2868/304/78 2867/303/78 2865/305/78 2866/306/78
f 2870/302/77 2869/301/77 2867/303/77 2868/304/77
f 2872/300/76 2871/299/76 2869/301/76 2870/302/76
f 2874/298/75 2873/297/75 2871/299/75 2872/300/75
f 2876/296/74 2875/295/74 2873/297/74 2874/298/74
f 2878/294/81 2877/293/81 2875/295/81 2876/296/81
f 2880/291/80 2879/292/80 2877/293/80 2878/294/80
f 2881/291/80 2882/292/80 2884/293/80 2883/294/80
f 2883/294/81 2884/293/81 2886/295/81 2885/296/81
f 2885/296/74 2886/295/74 2888/297/74 2887/298/74
f 2887/298/75 2888/297/75 2890/299/75 2889/300/75
f 2889/300/76 2890/299/76 2892/301/76 2891/302/76
f 2891/302/77 2892/301/77 2894/303/77 2893/304/77
f 2893/304/78 2894/303/78 2896/305/78 2895/306/78
f 2895/306/79 2896/305/79 2882/307/79 2881/308/79
f 2897/291/80 2898/292/80 2900/293/80 2899/294/80
f 2899/294/81 2900/293/81 2902/295/81 2901/296/81
f 2901/296/74 2902/295/74 2904/297/74 2903/298/74
f 2903/298/75 2904/297/75 2906/299/75 2905/300/75
f 2905/300/76 2906/299/76 2908/301/76 2907/302/76
f 2907/302/77 2908/301/77 2910/303/77 2909/304/77
f 2909/304/78 2910/303/78 2912/305/78 2911/306/78
f 2911/306/79 2912/305/79 2898/307/79 2897/308/79
