# Blender 4.4.3
# www.blender.org
o SM_3D-Normal_PedestrainBridge_V1.001
v -11.109630 0.000000 5.500000
v -11.109630 0.000000 0.000000
v -11.109630 4.000000 0.000000
v -7.890369 0.000000 5.500000
v -7.890369 0.000000 0.000000
v -7.890369 4.000000 0.000000
v -11.109630 0.250000 5.500000
v -11.109630 4.000000 1.750000
v -11.109630 0.250000 5.125000
v -11.109630 0.625000 5.125000
v -11.109630 0.625000 4.750000
v -11.109630 1.000000 4.750000
v -11.109630 1.000000 4.375000
v -11.109630 1.375000 4.375000
v -11.109630 1.375000 4.000000
v -11.109630 1.750000 4.000000
v -11.109630 1.750000 3.625000
v -11.109630 2.125000 3.625000
v -11.109630 2.125000 3.250000
v -11.109630 2.500000 3.250000
v -11.109630 2.500000 2.875000
v -11.109630 2.875000 2.875000
v -11.109630 2.875000 2.500000
v -11.109630 3.250000 2.500000
v -11.109630 3.250000 2.125000
v -11.109630 3.625000 2.125000
v -11.109630 3.625000 1.750000
v -7.890369 4.000000 1.750000
v -7.890369 0.250000 5.500000
v -7.890369 3.725000 1.750000
v -7.890369 3.625000 2.125000
v -7.890369 3.250000 2.125000
v -7.890369 3.250000 2.500000
v -7.890369 2.875000 2.500000
v -7.890369 2.875000 2.875000
v -7.890369 2.500000 2.875000
v -7.890369 2.500000 3.250000
v -7.890369 2.125000 3.250000
v -7.890369 2.125000 3.625000
v -7.890369 1.750000 3.625000
v -7.890369 1.750000 4.000000
v -7.890369 1.375000 4.000000
v -7.890369 1.375000 4.375000
v -7.890369 1.000000 4.375000
v -7.890369 1.000000 4.750000
v -7.890369 0.625000 4.750000
v -7.890369 0.625000 5.125000
v -7.890369 0.250000 5.125000
v -7.890369 3.725000 0.000000
v 0.000000 3.725000 1.750000
v 0.000000 4.000000 1.750000
v 0.000000 4.000000 0.000000
v 0.000000 3.725000 0.000000
v 11.109630 0.000000 5.500000
v 11.109630 0.000000 0.000000
v 11.109630 4.000000 0.000000
v 7.890369 0.000000 5.500000
v 7.890369 0.000000 0.000000
v 7.890369 4.000000 0.000000
v 11.109630 0.250000 5.500000
v 11.109630 4.000000 1.750000
v 11.109630 0.250000 5.125000
v 11.109630 0.625000 5.125000
v 11.109630 0.625000 4.750000
v 11.109630 1.000000 4.750000
v 11.109630 1.000000 4.375000
v 11.109630 1.375000 4.375000
v 11.109630 1.375000 4.000000
v 11.109630 1.750000 4.000000
v 11.109630 1.750000 3.625000
v 11.109630 2.125000 3.625000
v 11.109630 2.125000 3.250000
v 11.109630 2.500000 3.250000
v 11.109630 2.500000 2.875000
v 11.109630 2.875000 2.875000
v 11.109630 2.875000 2.500000
v 11.109630 3.250000 2.500000
v 11.109630 3.250000 2.125000
v 11.109630 3.625000 2.125000
v 11.109630 3.625000 1.750000
v 7.890369 4.000000 1.750000
v 7.890369 0.250000 5.500000
v 7.890369 3.725000 1.750000
v 7.890369 3.625000 2.125000
v 7.890369 3.250000 2.125000
v 7.890369 3.250000 2.500000
v 7.890369 2.875000 2.500000
v 7.890369 2.875000 2.875000
v 7.890369 2.500000 2.875000
v 7.890369 2.500000 3.250000
v 7.890369 2.125000 3.250000
v 7.890369 2.125000 3.625000
v 7.890369 1.750000 3.625000
v 7.890369 1.750000 4.000000
v 7.890369 1.375000 4.000000
v 7.890369 1.375000 4.375000
v 7.890369 1.000000 4.375000
v 7.890369 1.000000 4.750000
v 7.890369 0.625000 4.750000
v 7.890369 0.625000 5.125000
v 7.890369 0.250000 5.125000
v 7.890369 3.725000 0.000000
v -11.109630 0.000000 -5.500000
v -7.890369 0.000000 -5.500000
v -11.109630 0.250000 -5.500000
v -11.109630 4.000000 -1.750000
v -11.109630 0.250000 -5.125000
v -11.109630 0.625000 -5.125000
v -11.109630 0.625000 -4.750000
v -11.109630 1.000000 -4.750000
v -11.109630 1.000000 -4.375000
v -11.109630 1.375000 -4.375000
v -11.109630 1.375000 -4.000000
v -11.109630 1.750000 -4.000000
v -11.109630 1.750000 -3.625000
v -11.109630 2.125000 -3.625000
v -11.109630 2.125000 -3.250000
v -11.109630 2.500000 -3.250000
v -11.109630 2.500000 -2.875000
v -11.109630 2.875000 -2.875000
v -11.109630 2.875000 -2.500000
v -11.109630 3.250000 -2.500000
v -11.109630 3.250000 -2.125000
v -11.109630 3.625000 -2.125000
v -11.109630 3.625000 -1.750000
v -7.890369 4.000000 -1.750000
v -7.890369 0.250000 -5.500000
v -7.890369 3.725000 -1.750000
v -7.890369 3.625000 -2.125000
v -7.890369 3.250000 -2.125000
v -7.890369 3.250000 -2.500000
v -7.890369 2.875000 -2.500000
v -7.890369 2.875000 -2.875000
v -7.890369 2.500000 -2.875000
v -7.890369 2.500000 -3.250000
v -7.890369 2.125000 -3.250000
v -7.890369 2.125000 -3.625000
v -7.890369 1.750000 -3.625000
v -7.890369 1.750000 -4.000000
v -7.890369 1.375000 -4.000000
v -7.890369 1.375000 -4.375000
v -7.890369 1.000000 -4.375000
v -7.890369 1.000000 -4.750000
v -7.890369 0.625000 -4.750000
v -7.890369 0.625000 -5.125000
v -7.890369 0.250000 -5.125000
v 0.000000 3.725000 -1.750000
v 0.000000 4.000000 -1.750000
v 11.109630 0.000000 -5.500000
v 7.890369 0.000000 -5.500000
v 11.109630 0.250000 -5.500000
v 11.109630 4.000000 -1.750000
v 11.109630 0.250000 -5.125000
v 11.109630 0.625000 -5.125000
v 11.109630 0.625000 -4.750000
v 11.109630 1.000000 -4.750000
v 11.109630 1.000000 -4.375000
v 11.109630 1.375000 -4.375000
v 11.109630 1.375000 -4.000000
v 11.109630 1.750000 -4.000000
v 11.109630 1.750000 -3.625000
v 11.109630 2.125000 -3.625000
v 11.109630 2.125000 -3.250000
v 11.109630 2.500000 -3.250000
v 11.109630 2.500000 -2.875000
v 11.109630 2.875000 -2.875000
v 11.109630 2.875000 -2.500000
v 11.109630 3.250000 -2.500000
v 11.109630 3.250000 -2.125000
v 11.109630 3.625000 -2.125000
v 11.109630 3.625000 -1.750000
v 7.890369 4.000000 -1.750000
v 7.890369 0.250000 -5.500000
v 7.890369 3.725000 -1.750000
v 7.890369 3.625000 -2.125000
v 7.890369 3.250000 -2.125000
v 7.890369 3.250000 -2.500000
v 7.890369 2.875000 -2.500000
v 7.890369 2.875000 -2.875000
v 7.890369 2.500000 -2.875000
v 7.890369 2.500000 -3.250000
v 7.890369 2.125000 -3.250000
v 7.890369 2.125000 -3.625000
v 7.890369 1.750000 -3.625000
v 7.890369 1.750000 -4.000000
v 7.890369 1.375000 -4.000000
v 7.890369 1.375000 -4.375000
v 7.890369 1.000000 -4.375000
v 7.890369 1.000000 -4.750000
v 7.890369 0.625000 -4.750000
v 7.890369 0.625000 -5.125000
v 7.890369 0.250000 -5.125000
v -7.750000 4.931240 1.300043
v -7.750000 4.968760 1.300043
v -7.770000 4.931240 1.699959
v -7.770000 4.968760 1.699959
v -7.770000 4.901240 1.330043
v -7.770000 4.998760 1.330043
v -7.770000 4.901240 1.669959
v -7.770000 4.998760 1.669959
v -0.497726 4.000651 1.429552
v -0.497726 4.948652 1.429552
v -0.448229 4.000651 1.450054
v -0.448229 4.948652 1.450054
v -0.427726 4.000651 1.499552
v -0.427726 4.948652 1.499552
v -0.448229 4.000651 1.549049
v -0.448229 4.948652 1.549049
v -0.497726 4.000651 1.569552
v -0.497726 4.948652 1.569552
v -0.547224 4.000651 1.549049
v -0.547224 4.948652 1.549049
v -0.567726 4.000651 1.499552
v -0.567726 4.948652 1.499552
v -0.547224 4.000651 1.450054
v -0.547224 4.948652 1.450054
v -1.497726 4.000651 1.429552
v -1.497726 4.948652 1.429552
v -1.448229 4.000651 1.450054
v -1.448229 4.948652 1.450054
v -1.427726 4.000651 1.499552
v -1.427726 4.948652 1.499552
v -1.448229 4.000651 1.549049
v -1.448229 4.948652 1.549049
v -1.497726 4.000651 1.569552
v -1.497726 4.948652 1.569552
v -1.547224 4.000651 1.549049
v -1.547224 4.948652 1.549049
v -1.567726 4.000651 1.499552
v -1.567726 4.948652 1.499552
v -1.547224 4.000651 1.450054
v -1.547224 4.948652 1.450054
v -2.497726 4.000651 1.429552
v -2.497726 4.948652 1.429552
v -2.448229 4.000651 1.450054
v -2.448229 4.948652 1.450054
v -2.427726 4.000651 1.499552
v -2.427726 4.948652 1.499552
v -2.448229 4.000651 1.549049
v -2.448229 4.948652 1.549049
v -2.497726 4.000651 1.569552
v -2.497726 4.948652 1.569552
v -2.547224 4.000651 1.549049
v -2.547224 4.948652 1.549049
v -2.567726 4.000651 1.499552
v -2.567726 4.948652 1.499552
v -2.547224 4.000651 1.450054
v -2.547224 4.948652 1.450054
v -3.497726 4.000651 1.429552
v -3.497726 4.948652 1.429552
v -3.448229 4.000651 1.450054
v -3.448229 4.948652 1.450054
v -3.427726 4.000651 1.499552
v -3.427726 4.948652 1.499552
v -3.448229 4.000651 1.549049
v -3.448229 4.948652 1.549049
v -3.497726 4.000651 1.569552
v -3.497726 4.948652 1.569552
v -3.547224 4.000651 1.549049
v -3.547224 4.948652 1.549049
v -3.567726 4.000651 1.499552
v -3.567726 4.948652 1.499552
v -3.547224 4.000651 1.450054
v -3.547224 4.948652 1.450054
v -4.497726 4.000651 1.429552
v -4.497726 4.948652 1.429552
v -4.448229 4.000651 1.450054
v -4.448229 4.948652 1.450054
v -4.427726 4.000651 1.499552
v -4.427726 4.948652 1.499552
v -4.448229 4.000651 1.549049
v -4.448229 4.948652 1.549049
v -4.497726 4.000651 1.569552
v -4.497726 4.948652 1.569552
v -4.547224 4.000651 1.549049
v -4.547224 4.948652 1.549049
v -4.567726 4.000651 1.499552
v -4.567726 4.948652 1.499552
v -4.547224 4.000651 1.450054
v -4.547224 4.948652 1.450054
v -5.497726 4.000651 1.429552
v -5.497726 4.948652 1.429552
v -5.448229 4.000651 1.450054
v -5.448229 4.948652 1.450054
v -5.427726 4.000651 1.499552
v -5.427726 4.948652 1.499552
v -5.448229 4.000651 1.549049
v -5.448229 4.948652 1.549049
v -5.497726 4.000651 1.569552
v -5.497726 4.948652 1.569552
v -5.547224 4.000651 1.549049
v -5.547224 4.948652 1.549049
v -5.567726 4.000651 1.499552
v -5.567726 4.948652 1.499552
v -5.547224 4.000651 1.450054
v -5.547224 4.948652 1.450054
v -6.497726 4.000651 1.429552
v -6.497726 4.948652 1.429552
v -6.448229 4.000651 1.450054
v -6.448229 4.948652 1.450054
v -6.427726 4.000651 1.499552
v -6.427726 4.948652 1.499552
v -6.448229 4.000651 1.549049
v -6.448229 4.948652 1.549049
v -6.497726 4.000651 1.569552
v -6.497726 4.948652 1.569552
v -6.547224 4.000651 1.549049
v -6.547224 4.948652 1.549049
v -6.567726 4.000651 1.499552
v -6.567726 4.948652 1.499552
v -6.547224 4.000651 1.450054
v -6.547224 4.948652 1.450054
v -7.497726 4.000651 1.429552
v -7.497726 4.948652 1.429552
v -7.448229 4.000651 1.450054
v -7.448229 4.948652 1.450054
v -7.427726 4.000651 1.499552
v -7.427726 4.948652 1.499552
v -7.448229 4.000651 1.549049
v -7.448229 4.948652 1.549049
v -7.497726 4.000651 1.569552
v -7.497726 4.948652 1.569552
v -7.547224 4.000651 1.549049
v -7.547224 4.948652 1.549049
v -7.567726 4.000651 1.499552
v -7.567726 4.948652 1.499552
v -7.547224 4.000651 1.450054
v -7.547224 4.948652 1.450054
v -8.204240 4.931240 1.696719
v -8.204240 4.968760 1.696719
v -7.804323 4.968760 1.699719
v -7.804323 4.931240 1.699719
v -8.204240 0.940847 6.451719
v -8.174240 4.901240 1.696719
v -8.204240 0.978367 6.451719
v -8.174240 1.010847 5.301719
v -7.804323 0.978367 6.451719
v -8.174240 4.998760 1.696719
v -7.804323 1.040846 5.301720
v -7.804323 1.078367 5.301720
v -7.834323 4.901240 1.696719
v -8.204240 1.078367 5.301719
v -7.834323 4.998760 1.696719
v -8.204240 1.040846 5.301719
v -7.801943 4.901240 1.673558
v -7.801943 4.998760 1.673558
v -8.204240 4.831240 1.901719
v -8.204240 4.868760 1.901719
v -7.804323 4.868760 1.901719
v -7.804323 4.831240 1.901719
v -8.174240 4.801240 1.901719
v -8.174240 4.898760 1.901719
v -7.834323 4.801240 1.901719
v -7.834323 4.898760 1.901719
v -7.804323 0.940847 6.451719
v -8.174240 1.108367 5.301719
v -8.193475 0.924572 6.478844
v -8.174240 0.910847 6.471719
v -7.834323 1.010847 5.301720
v -8.174240 0.940847 6.501719
v -7.834323 1.108367 5.301720
v -8.193475 0.994642 6.478844
v -8.200983 4.968760 1.465622
v -8.028932 4.968760 1.298087
v -8.200983 4.931240 1.465622
v -8.028932 4.931240 1.298087
v -8.170888 4.901240 1.496484
v -7.997841 4.901240 1.328555
v -8.056365 4.901240 1.427566
v -7.997841 4.998760 1.328555
v -8.170888 4.998760 1.496484
v -8.056365 4.998760 1.427566
v -8.174240 0.910847 5.501719
v -7.804323 0.940847 5.501719
v -7.804323 0.978367 5.501719
v -8.204240 0.978367 5.501719
v -8.204240 0.940847 5.501719
v -8.174240 1.008367 5.501719
v -7.834323 0.910847 5.501719
v -7.834323 1.008367 5.501719
v -8.174240 0.978367 6.501719
v -8.174240 1.008367 6.471719
v -7.815087 0.924572 6.478844
v -7.834323 0.940847 6.501719
v -7.834323 0.910847 6.471719
v -7.815087 0.994642 6.478844
v -7.834323 1.008367 6.471719
v -7.834323 0.978367 6.501719
v -7.997726 3.616158 1.873865
v -7.997726 4.831310 1.873865
v -7.948229 3.616158 1.894367
v -7.948229 4.816310 1.894367
v -7.927726 3.616158 1.943865
v -7.927726 4.781310 1.943865
v -7.948229 3.616158 1.993362
v -7.948229 4.746310 1.993362
v -7.997726 3.616158 2.013865
v -7.997726 4.731310 2.013865
v -8.047224 3.616158 1.993362
v -8.047224 4.746310 1.993362
v -8.067726 3.616158 1.943865
v -8.067726 4.781310 1.943865
v -8.047224 3.616158 1.894367
v -8.047224 4.816310 1.894367
v -8.047224 3.991594 2.659300
v -8.047224 2.856098 2.659300
v -8.067726 3.956594 2.708797
v -8.067726 2.856098 2.708797
v -8.047224 3.921594 2.758295
v -8.047224 2.856098 2.758295
v -7.997726 3.906594 2.778797
v -7.997726 2.856098 2.778797
v -7.948229 3.921594 2.758295
v -7.948229 2.856098 2.758295
v -7.927726 3.956594 2.708797
v -7.927726 2.856098 2.708797
v -7.948229 3.991594 2.659300
v -7.948229 2.856098 2.659300
v -7.997726 4.006594 2.638797
v -7.997726 2.856098 2.638797
v -8.047224 3.150814 3.398012
v -8.047224 2.109102 3.398012
v -8.067726 3.115814 3.447509
v -8.067726 2.109102 3.447509
v -8.047224 3.080814 3.497007
v -8.047224 2.109102 3.497007
v -7.997726 3.065814 3.517509
v -7.997726 2.109102 3.517509
v -7.948229 3.080814 3.497007
v -7.948229 2.109102 3.497007
v -7.927726 3.115814 3.447509
v -7.927726 2.109102 3.447509
v -7.948229 3.150814 3.398012
v -7.948229 2.109102 3.398012
v -7.997726 3.165814 3.377509
v -7.997726 2.109102 3.377509
v -8.047224 2.329161 4.149936
v -8.047224 1.324193 4.149936
v -8.067726 2.294161 4.199434
v -8.067726 1.324193 4.199434
v -8.047224 2.259161 4.248931
v -8.047224 1.324193 4.248931
v -7.997726 2.244161 4.269433
v -7.997726 1.324193 4.269433
v -7.948229 2.259161 4.248931
v -7.948229 1.324193 4.248931
v -7.927726 2.294161 4.199434
v -7.927726 1.324193 4.199434
v -7.948229 2.329161 4.149936
v -7.948229 1.324193 4.149936
v -7.997726 2.344162 4.129434
v -7.997726 1.324193 4.129434
v -8.047224 1.526688 4.869548
v -8.047224 0.471482 4.869548
v -8.067726 1.491688 4.919045
v -8.067726 0.471482 4.919045
v -8.047224 1.456688 4.968543
v -8.047224 0.471482 4.968543
v -7.997726 1.441688 4.989045
v -7.997726 0.471482 4.989045
v -7.948229 1.456688 4.968543
v -7.948229 0.471482 4.968543
v -7.927726 1.491688 4.919045
v -7.927726 0.471482 4.919045
v -7.948229 1.526688 4.869548
v -7.948229 0.471482 4.869548
v -7.997726 1.541688 4.849045
v -7.997726 0.471482 4.849045
v -7.997726 0.010258 5.521623
v -7.997726 0.958259 5.521623
v -7.948229 0.010258 5.542126
v -7.948229 0.958259 5.542126
v -7.927726 0.010258 5.591623
v -7.927726 0.958259 5.591623
v -7.948229 0.010258 5.641121
v -7.948229 0.958259 5.641121
v -7.997726 0.010258 5.661623
v -7.997726 0.958259 5.661623
v -8.047224 0.010258 5.641121
v -8.047224 0.958259 5.641121
v -8.067726 0.010258 5.591623
v -8.067726 0.958259 5.591623
v -8.047224 0.010258 5.542126
v -8.047224 0.958259 5.542126
v -7.997726 0.010258 6.221623
v -7.997726 0.958259 6.221623
v -7.948229 0.010258 6.242126
v -7.948229 0.958259 6.242126
v -7.927726 0.010258 6.291623
v -7.927726 0.958259 6.291623
v -7.948229 0.010258 6.341121
v -7.948229 0.958259 6.341121
v -7.997726 0.010258 6.361623
v -7.997726 0.958259 6.361623
v -8.047224 0.010258 6.341121
v -8.047224 0.958259 6.341121
v -8.067726 0.010258 6.291623
v -8.067726 0.958259 6.291623
v -8.047224 0.010258 6.242126
v -8.047224 0.958259 6.242126
v -7.997726 4.000651 1.429552
v -7.997726 4.948652 1.429552
v -7.948229 4.000651 1.450054
v -7.948229 4.948652 1.450054
v -7.927726 4.000651 1.499552
v -7.927726 4.948652 1.499552
v -7.948229 4.000651 1.549049
v -7.948229 4.948652 1.549049
v -7.997726 4.000651 1.569552
v -7.997726 4.948652 1.569552
v -8.047224 4.000651 1.549049
v -8.047224 4.948652 1.549049
v -8.067726 4.000651 1.499552
v -8.067726 4.948652 1.499552
v -8.047224 4.000651 1.450054
v -8.047224 4.948652 1.450054
v 0.000000 4.968760 1.699959
v 0.000000 4.931240 1.300043
v 0.000000 4.998760 1.330043
v 0.000000 4.998760 1.669959
v 0.000000 4.931240 1.699959
v 0.000000 4.968760 1.300043
v 0.000000 4.901240 1.330043
v 0.000000 4.901240 1.669959
v -11.204241 4.931240 1.696719
v -11.204241 4.968760 1.696719
v -10.804323 4.968760 1.699719
v -10.804323 4.931240 1.699719
v -11.204241 0.940847 6.451719
v -11.174240 4.901240 1.696719
v -11.204241 0.978367 6.451719
v -11.174240 1.010847 5.301719
v -10.804323 0.978367 6.451719
v -11.174240 4.998760 1.696719
v -10.804323 1.040846 5.301720
v -10.804323 1.078367 5.301720
v -10.834324 4.901240 1.696719
v -11.204241 1.078367 5.301719
v -10.834324 4.998760 1.696719
v -11.204241 1.040846 5.301719
v -11.204241 4.831240 1.901719
v -11.204241 4.868760 1.901719
v -10.804323 4.868760 1.901719
v -10.804323 4.831240 1.901719
v -11.174240 4.801240 1.901719
v -11.174240 4.898760 1.901719
v -10.834324 4.801240 1.901719
v -10.834324 4.898760 1.901719
v -10.804323 0.940847 6.451719
v -11.174240 1.108367 5.301719
v -11.193476 0.924572 6.478844
v -11.174240 0.910847 6.471719
v -10.834324 1.010847 5.301720
v -11.174240 0.940847 6.501719
v -10.834324 1.108367 5.301720
v -11.193476 0.994642 6.478844
v -11.174240 0.910847 5.501719
v -10.804323 0.940847 5.501719
v -10.804323 0.978367 5.501719
v -11.204241 0.978367 5.501719
v -11.204241 0.940847 5.501719
v -11.174240 1.008367 5.501719
v -10.834324 0.910847 5.501719
v -10.834324 1.008367 5.501719
v -11.174240 0.978367 6.501719
v -11.174240 1.008367 6.471719
v -10.815088 0.924572 6.478844
v -10.834324 0.940847 6.501719
v -10.834324 0.910847 6.471719
v -10.815088 0.994642 6.478844
v -10.834324 1.008367 6.471719
v -10.834324 0.978367 6.501719
v -10.997726 3.616158 1.873865
v -10.997726 4.831310 1.873865
v -10.948229 3.616158 1.894367
v -10.948229 4.816310 1.894367
v -10.927727 3.616158 1.943865
v -10.927727 4.781310 1.943865
v -10.948229 3.616158 1.993362
v -10.948229 4.746310 1.993362
v -10.997726 3.616158 2.013865
v -10.997726 4.731310 2.013865
v -11.047224 3.616158 1.993362
v -11.047224 4.746310 1.993362
v -11.067726 3.616158 1.943865
v -11.067726 4.781310 1.943865
v -11.047224 3.616158 1.894367
v -11.047224 4.816310 1.894367
v -11.047224 3.991594 2.659300
v -11.047224 2.856098 2.659300
v -11.067726 3.956594 2.708797
v -11.067726 2.856098 2.708797
v -11.047224 3.921594 2.758295
v -11.047224 2.856098 2.758295
v -10.997726 3.906594 2.778797
v -10.997726 2.856098 2.778797
v -10.948229 3.921594 2.758295
v -10.948229 2.856098 2.758295
v -10.927727 3.956594 2.708797
v -10.927727 2.856098 2.708797
v -10.948229 3.991594 2.659300
v -10.948229 2.856098 2.659300
v -10.997726 4.006594 2.638797
v -10.997726 2.856098 2.638797
v -11.047224 3.150814 3.398012
v -11.047224 2.109102 3.398012
v -11.067726 3.115814 3.447509
v -11.067726 2.109102 3.447509
v -11.047224 3.080814 3.497007
v -11.047224 2.109102 3.497007
v -10.997726 3.065814 3.517509
v -10.997726 2.109102 3.517509
v -10.948229 3.080814 3.497007
v -10.948229 2.109102 3.497007
v -10.927727 3.115814 3.447509
v -10.927727 2.109102 3.447509
v -10.948229 3.150814 3.398012
v -10.948229 2.109102 3.398012
v -10.997726 3.165814 3.377509
v -10.997726 2.109102 3.377509
v -11.047224 2.329161 4.149936
v -11.047224 1.324193 4.149936
v -11.067726 2.294161 4.199434
v -11.067726 1.324193 4.199434
v -11.047224 2.259161 4.248931
v -11.047224 1.324193 4.248931
v -10.997726 2.244161 4.269433
v -10.997726 1.324193 4.269433
v -10.948229 2.259161 4.248931
v -10.948229 1.324193 4.248931
v -10.927727 2.294161 4.199434
v -10.927727 1.324193 4.199434
v -10.948229 2.329161 4.149936
v -10.948229 1.324193 4.149936
v -10.997726 2.344162 4.129434
v -10.997726 1.324193 4.129434
v -11.047224 1.526688 4.869548
v -11.047224 0.471482 4.869548
v -11.067726 1.491688 4.919045
v -11.067726 0.471482 4.919045
v -11.047224 1.456688 4.968543
v -11.047224 0.471482 4.968543
v -10.997726 1.441688 4.989045
v -10.997726 0.471482 4.989045
v -10.948229 1.456688 4.968543
v -10.948229 0.471482 4.968543
v -10.927727 1.491688 4.919045
v -10.927727 0.471482 4.919045
v -10.948229 1.526688 4.869548
v -10.948229 0.471482 4.869548
v -10.997726 1.541688 4.849045
v -10.997726 0.471482 4.849045
v -10.997726 0.010258 5.521623
v -10.997726 0.958259 5.521623
v -10.948229 0.010258 5.542126
v -10.948229 0.958259 5.542126
v -10.927727 0.010258 5.591623
v -10.927727 0.958259 5.591623
v -10.948229 0.010258 5.641121
v -10.948229 0.958259 5.641121
v -10.997726 0.010258 5.661623
v -10.997726 0.958259 5.661623
v -11.047224 0.010258 5.641121
v -11.047224 0.958259 5.641121
v -11.067726 0.010258 5.591623
v -11.067726 0.958259 5.591623
v -11.047224 0.010258 5.542126
v -11.047224 0.958259 5.542126
v -10.997726 0.010258 6.221623
v -10.997726 0.958259 6.221623
v -10.948229 0.010258 6.242126
v -10.948229 0.958259 6.242126
v -10.927727 0.010258 6.291623
v -10.927727 0.958259 6.291623
v -10.948229 0.010258 6.341121
v -10.948229 0.958259 6.341121
v -10.997726 0.010258 6.361623
v -10.997726 0.958259 6.361623
v -11.047224 0.010258 6.341121
v -11.047224 0.958259 6.341121
v -11.067726 0.010258 6.291623
v -11.067726 0.958259 6.291623
v -11.047224 0.010258 6.242126
v -11.047224 0.958259 6.242126
v -10.804323 4.968760 0.000000
v -10.804323 4.931240 0.000000
v -10.997726 4.000651 1.029552
v -10.997726 4.948652 1.029552
v -10.948229 4.000651 1.050054
v -10.948229 4.948652 1.050054
v -10.927726 4.000651 1.099552
v -10.927726 4.948652 1.099552
v -10.948229 4.000651 1.149049
v -10.948229 4.948652 1.149049
v -10.997726 4.000651 1.169552
v -10.997726 4.948652 1.169552
v -11.047224 4.000651 1.149049
v -11.047224 4.948652 1.149049
v -11.067726 4.000651 1.099552
v -11.067726 4.948652 1.099552
v -11.047224 4.000651 1.050054
v -11.047224 4.948652 1.050054
v -10.997726 4.000651 0.329552
v -10.997726 4.948652 0.329552
v -10.948229 4.000651 0.350054
v -10.948229 4.948652 0.350054
v -10.927726 4.000651 0.399552
v -10.927726 4.948652 0.399552
v -10.948229 4.000651 0.449049
v -10.948229 4.948652 0.449049
v -10.997726 4.000651 0.469552
v -10.997726 4.948652 0.469552
v -11.047224 4.000651 0.449049
v -11.047224 4.948652 0.449049
v -11.067726 4.000651 0.399552
v -11.067726 4.948652 0.399552
v -11.047224 4.000651 0.350054
v -11.047224 4.948652 0.350054
v 7.750000 4.931240 1.300043
v 7.750000 4.968760 1.300043
v 7.770000 4.931240 1.699959
v 7.770000 4.968760 1.699959
v 7.770000 4.901240 1.330043
v 7.770000 4.998760 1.330043
v 7.770000 4.901240 1.669959
v 7.770000 4.998760 1.669959
v 0.497726 4.000651 1.429552
v 0.497726 4.948652 1.429552
v 0.448229 4.000651 1.450054
v 0.448229 4.948652 1.450054
v 0.427726 4.000651 1.499552
v 0.427726 4.948652 1.499552
v 0.448229 4.000651 1.549049
v 0.448229 4.948652 1.549049
v 0.497726 4.000651 1.569552
v 0.497726 4.948652 1.569552
v 0.547224 4.000651 1.549049
v 0.547224 4.948652 1.549049
v 0.567726 4.000651 1.499552
v 0.567726 4.948652 1.499552
v 0.547224 4.000651 1.450054
v 0.547224 4.948652 1.450054
v 1.497726 4.000651 1.429552
v 1.497726 4.948652 1.429552
v 1.448229 4.000651 1.450054
v 1.448229 4.948652 1.450054
v 1.427726 4.000651 1.499552
v 1.427726 4.948652 1.499552
v 1.448229 4.000651 1.549049
v 1.448229 4.948652 1.549049
v 1.497726 4.000651 1.569552
v 1.497726 4.948652 1.569552
v 1.547224 4.000651 1.549049
v 1.547224 4.948652 1.549049
v 1.567726 4.000651 1.499552
v 1.567726 4.948652 1.499552
v 1.547224 4.000651 1.450054
v 1.547224 4.948652 1.450054
v 2.497726 4.000651 1.429552
v 2.497726 4.948652 1.429552
v 2.448229 4.000651 1.450054
v 2.448229 4.948652 1.450054
v 2.427726 4.000651 1.499552
v 2.427726 4.948652 1.499552
v 2.448229 4.000651 1.549049
v 2.448229 4.948652 1.549049
v 2.497726 4.000651 1.569552
v 2.497726 4.948652 1.569552
v 2.547224 4.000651 1.549049
v 2.547224 4.948652 1.549049
v 2.567726 4.000651 1.499552
v 2.567726 4.948652 1.499552
v 2.547224 4.000651 1.450054
v 2.547224 4.948652 1.450054
v 3.497726 4.000651 1.429552
v 3.497726 4.948652 1.429552
v 3.448229 4.000651 1.450054
v 3.448229 4.948652 1.450054
v 3.427726 4.000651 1.499552
v 3.427726 4.948652 1.499552
v 3.448229 4.000651 1.549049
v 3.448229 4.948652 1.549049
v 3.497726 4.000651 1.569552
v 3.497726 4.948652 1.569552
v 3.547224 4.000651 1.549049
v 3.547224 4.948652 1.549049
v 3.567726 4.000651 1.499552
v 3.567726 4.948652 1.499552
v 3.547224 4.000651 1.450054
v 3.547224 4.948652 1.450054
v 4.497726 4.000651 1.429552
v 4.497726 4.948652 1.429552
v 4.448229 4.000651 1.450054
v 4.448229 4.948652 1.450054
v 4.427726 4.000651 1.499552
v 4.427726 4.948652 1.499552
v 4.448229 4.000651 1.549049
v 4.448229 4.948652 1.549049
v 4.497726 4.000651 1.569552
v 4.497726 4.948652 1.569552
v 4.547224 4.000651 1.549049
v 4.547224 4.948652 1.549049
v 4.567726 4.000651 1.499552
v 4.567726 4.948652 1.499552
v 4.547224 4.000651 1.450054
v 4.547224 4.948652 1.450054
v 5.497726 4.000651 1.429552
v 5.497726 4.948652 1.429552
v 5.448229 4.000651 1.450054
v 5.448229 4.948652 1.450054
v 5.427726 4.000651 1.499552
v 5.427726 4.948652 1.499552
v 5.448229 4.000651 1.549049
v 5.448229 4.948652 1.549049
v 5.497726 4.000651 1.569552
v 5.497726 4.948652 1.569552
v 5.547224 4.000651 1.549049
v 5.547224 4.948652 1.549049
v 5.567726 4.000651 1.499552
v 5.567726 4.948652 1.499552
v 5.547224 4.000651 1.450054
v 5.547224 4.948652 1.450054
v 6.497726 4.000651 1.429552
v 6.497726 4.948652 1.429552
v 6.448229 4.000651 1.450054
v 6.448229 4.948652 1.450054
v 6.427726 4.000651 1.499552
v 6.427726 4.948652 1.499552
v 6.448229 4.000651 1.549049
v 6.448229 4.948652 1.549049
v 6.497726 4.000651 1.569552
v 6.497726 4.948652 1.569552
v 6.547224 4.000651 1.549049
v 6.547224 4.948652 1.549049
v 6.567726 4.000651 1.499552
v 6.567726 4.948652 1.499552
v 6.547224 4.000651 1.450054
v 6.547224 4.948652 1.450054
v 7.497726 4.000651 1.429552
v 7.497726 4.948652 1.429552
v 7.448229 4.000651 1.450054
v 7.448229 4.948652 1.450054
v 7.427726 4.000651 1.499552
v 7.427726 4.948652 1.499552
v 7.448229 4.000651 1.549049
v 7.448229 4.948652 1.549049
v 7.497726 4.000651 1.569552
v 7.497726 4.948652 1.569552
v 7.547224 4.000651 1.549049
v 7.547224 4.948652 1.549049
v 7.567726 4.000651 1.499552
v 7.567726 4.948652 1.499552
v 7.547224 4.000651 1.450054
v 7.547224 4.948652 1.450054
v 8.204240 4.931240 1.696719
v 8.204240 4.968760 1.696719
v 7.804323 4.968760 1.699719
v 7.804323 4.931240 1.699719
v 8.204240 0.940847 6.451719
v 8.174240 4.901240 1.696719
v 8.204240 0.978367 6.451719
v 8.174240 1.010847 5.301719
v 7.804323 0.978367 6.451719
v 8.174240 4.998760 1.696719
v 7.804323 1.040846 5.301720
v 7.804323 1.078367 5.301720
v 7.834323 4.901240 1.696719
v 8.204240 1.078367 5.301719
v 7.834323 4.998760 1.696719
v 8.204240 1.040846 5.301719
v 7.801943 4.901240 1.673558
v 7.801943 4.998760 1.673558
v 8.204240 4.831240 1.901719
v 8.204240 4.868760 1.901719
v 7.804323 4.868760 1.901719
v 7.804323 4.831240 1.901719
v 8.174240 4.801240 1.901719
v 8.174240 4.898760 1.901719
v 7.834323 4.801240 1.901719
v 7.834323 4.898760 1.901719
v 7.804323 0.940847 6.451719
v 8.174240 1.108367 5.301719
v 8.193475 0.924572 6.478844
v 8.174240 0.910847 6.471719
v 7.834323 1.010847 5.301720
v 8.174240 0.940847 6.501719
v 7.834323 1.108367 5.301720
v 8.193475 0.994642 6.478844
v 8.200983 4.968760 1.465622
v 8.028932 4.968760 1.298087
v 8.200983 4.931240 1.465622
v 8.028932 4.931240 1.298087
v 8.170888 4.901240 1.496484
v 7.997841 4.901240 1.328555
v 8.056365 4.901240 1.427566
v 7.997841 4.998760 1.328555
v 8.170888 4.998760 1.496484
v 8.056365 4.998760 1.427566
v 8.174240 0.910847 5.501719
v 7.804323 0.940847 5.501719
v 7.804323 0.978367 5.501719
v 8.204240 0.978367 5.501719
v 8.204240 0.940847 5.501719
v 8.174240 1.008367 5.501719
v 7.834323 0.910847 5.501719
v 7.834323 1.008367 5.501719
v 8.174240 0.978367 6.501719
v 8.174240 1.008367 6.471719
v 7.815087 0.924572 6.478844
v 7.834323 0.940847 6.501719
v 7.834323 0.910847 6.471719
v 7.815087 0.994642 6.478844
v 7.834323 1.008367 6.471719
v 7.834323 0.978367 6.501719
v 7.997726 3.616158 1.873865
v 7.997726 4.831310 1.873865
v 7.948229 3.616158 1.894367
v 7.948229 4.816310 1.894367
v 7.927726 3.616158 1.943865
v 7.927726 4.781310 1.943865
v 7.948229 3.616158 1.993362
v 7.948229 4.746310 1.993362
v 7.997726 3.616158 2.013865
v 7.997726 4.731310 2.013865
v 8.047224 3.616158 1.993362
v 8.047224 4.746310 1.993362
v 8.067726 3.616158 1.943865
v 8.067726 4.781310 1.943865
v 8.047224 3.616158 1.894367
v 8.047224 4.816310 1.894367
v 8.047224 3.991594 2.659300
v 8.047224 2.856098 2.659300
v 8.067726 3.956594 2.708797
v 8.067726 2.856098 2.708797
v 8.047224 3.921594 2.758295
v 8.047224 2.856098 2.758295
v 7.997726 3.906594 2.778797
v 7.997726 2.856098 2.778797
v 7.948229 3.921594 2.758295
v 7.948229 2.856098 2.758295
v 7.927726 3.956594 2.708797
v 7.927726 2.856098 2.708797
v 7.948229 3.991594 2.659300
v 7.948229 2.856098 2.659300
v 7.997726 4.006594 2.638797
v 7.997726 2.856098 2.638797
v 8.047224 3.150814 3.398012
v 8.047224 2.109102 3.398012
v 8.067726 3.115814 3.447509
v 8.067726 2.109102 3.447509
v 8.047224 3.080814 3.497007
v 8.047224 2.109102 3.497007
v 7.997726 3.065814 3.517509
v 7.997726 2.109102 3.517509
v 7.948229 3.080814 3.497007
v 7.948229 2.109102 3.497007
v 7.927726 3.115814 3.447509
v 7.927726 2.109102 3.447509
v 7.948229 3.150814 3.398012
v 7.948229 2.109102 3.398012
v 7.997726 3.165814 3.377509
v 7.997726 2.109102 3.377509
v 8.047224 2.329161 4.149936
v 8.047224 1.324193 4.149936
v 8.067726 2.294161 4.199434
v 8.067726 1.324193 4.199434
v 8.047224 2.259161 4.248931
v 8.047224 1.324193 4.248931
v 7.997726 2.244161 4.269433
v 7.997726 1.324193 4.269433
v 7.948229 2.259161 4.248931
v 7.948229 1.324193 4.248931
v 7.927726 2.294161 4.199434
v 7.927726 1.324193 4.199434
v 7.948229 2.329161 4.149936
v 7.948229 1.324193 4.149936
v 7.997726 2.344162 4.129434
v 7.997726 1.324193 4.129434
v 8.047224 1.526688 4.869548
v 8.047224 0.471482 4.869548
v 8.067726 1.491688 4.919045
v 8.067726 0.471482 4.919045
v 8.047224 1.456688 4.968543
v 8.047224 0.471482 4.968543
v 7.997726 1.441688 4.989045
v 7.997726 0.471482 4.989045
v 7.948229 1.456688 4.968543
v 7.948229 0.471482 4.968543
v 7.927726 1.491688 4.919045
v 7.927726 0.471482 4.919045
v 7.948229 1.526688 4.869548
v 7.948229 0.471482 4.869548
v 7.997726 1.541688 4.849045
v 7.997726 0.471482 4.849045
v 7.997726 0.010258 5.521623
v 7.997726 0.958259 5.521623
v 7.948229 0.010258 5.542126
v 7.948229 0.958259 5.542126
v 7.927726 0.010258 5.591623
v 7.927726 0.958259 5.591623
v 7.948229 0.010258 5.641121
v 7.948229 0.958259 5.641121
v 7.997726 0.010258 5.661623
v 7.997726 0.958259 5.661623
v 8.047224 0.010258 5.641121
v 8.047224 0.958259 5.641121
v 8.067726 0.010258 5.591623
v 8.067726 0.958259 5.591623
v 8.047224 0.010258 5.542126
v 8.047224 0.958259 5.542126
v 7.997726 0.010258 6.221623
v 7.997726 0.958259 6.221623
v 7.948229 0.010258 6.242126
v 7.948229 0.958259 6.242126
v 7.927726 0.010258 6.291623
v 7.927726 0.958259 6.291623
v 7.948229 0.010258 6.341121
v 7.948229 0.958259 6.341121
v 7.997726 0.010258 6.361623
v 7.997726 0.958259 6.361623
v 8.047224 0.010258 6.341121
v 8.047224 0.958259 6.341121
v 8.067726 0.010258 6.291623
v 8.067726 0.958259 6.291623
v 8.047224 0.010258 6.242126
v 8.047224 0.958259 6.242126
v 7.997726 4.000651 1.429552
v 7.997726 4.948652 1.429552
v 7.948229 4.000651 1.450054
v 7.948229 4.948652 1.450054
v 7.927726 4.000651 1.499552
v 7.927726 4.948652 1.499552
v 7.948229 4.000651 1.549049
v 7.948229 4.948652 1.549049
v 7.997726 4.000651 1.569552
v 7.997726 4.948652 1.569552
v 8.047224 4.000651 1.549049
v 8.047224 4.948652 1.549049
v 8.067726 4.000651 1.499552
v 8.067726 4.948652 1.499552
v 8.047224 4.000651 1.450054
v 8.047224 4.948652 1.450054
v 11.204241 4.931240 1.696719
v 11.204241 4.968760 1.696719
v 10.804323 4.968760 1.699719
v 10.804323 4.931240 1.699719
v 11.204241 0.940847 6.451719
v 11.174240 4.901240 1.696719
v 11.204241 0.978367 6.451719
v 11.174240 1.010847 5.301719
v 10.804323 0.978367 6.451719
v 11.174240 4.998760 1.696719
v 10.804323 1.040846 5.301720
v 10.804323 1.078367 5.301720
v 10.834324 4.901240 1.696719
v 11.204241 1.078367 5.301719
v 10.834324 4.998760 1.696719
v 11.204241 1.040846 5.301719
v 11.204241 4.831240 1.901719
v 11.204241 4.868760 1.901719
v 10.804323 4.868760 1.901719
v 10.804323 4.831240 1.901719
v 11.174240 4.801240 1.901719
v 11.174240 4.898760 1.901719
v 10.834324 4.801240 1.901719
v 10.834324 4.898760 1.901719
v 10.804323 0.940847 6.451719
v 11.174240 1.108367 5.301719
v 11.193476 0.924572 6.478844
v 11.174240 0.910847 6.471719
v 10.834324 1.010847 5.301720
v 11.174240 0.940847 6.501719
v 10.834324 1.108367 5.301720
v 11.193476 0.994642 6.478844
v 11.174240 0.910847 5.501719
v 10.804323 0.940847 5.501719
v 10.804323 0.978367 5.501719
v 11.204241 0.978367 5.501719
v 11.204241 0.940847 5.501719
v 11.174240 1.008367 5.501719
v 10.834324 0.910847 5.501719
v 10.834324 1.008367 5.501719
v 11.174240 0.978367 6.501719
v 11.174240 1.008367 6.471719
v 10.815088 0.924572 6.478844
v 10.834324 0.940847 6.501719
v 10.834324 0.910847 6.471719
v 10.815088 0.994642 6.478844
v 10.834324 1.008367 6.471719
v 10.834324 0.978367 6.501719
v 10.997726 3.616158 1.873865
v 10.997726 4.831310 1.873865
v 10.948229 3.616158 1.894367
v 10.948229 4.816310 1.894367
v 10.927727 3.616158 1.943865
v 10.927727 4.781310 1.943865
v 10.948229 3.616158 1.993362
v 10.948229 4.746310 1.993362
v 10.997726 3.616158 2.013865
v 10.997726 4.731310 2.013865
v 11.047224 3.616158 1.993362
v 11.047224 4.746310 1.993362
v 11.067726 3.616158 1.943865
v 11.067726 4.781310 1.943865
v 11.047224 3.616158 1.894367
v 11.047224 4.816310 1.894367
v 11.047224 3.991594 2.659300
v 11.047224 2.856098 2.659300
v 11.067726 3.956594 2.708797
v 11.067726 2.856098 2.708797
v 11.047224 3.921594 2.758295
v 11.047224 2.856098 2.758295
v 10.997726 3.906594 2.778797
v 10.997726 2.856098 2.778797
v 10.948229 3.921594 2.758295
v 10.948229 2.856098 2.758295
v 10.927727 3.956594 2.708797
v 10.927727 2.856098 2.708797
v 10.948229 3.991594 2.659300
v 10.948229 2.856098 2.659300
v 10.997726 4.006594 2.638797
v 10.997726 2.856098 2.638797
v 11.047224 3.150814 3.398012
v 11.047224 2.109102 3.398012
v 11.067726 3.115814 3.447509
v 11.067726 2.109102 3.447509
v 11.047224 3.080814 3.497007
v 11.047224 2.109102 3.497007
v 10.997726 3.065814 3.517509
v 10.997726 2.109102 3.517509
v 10.948229 3.080814 3.497007
v 10.948229 2.109102 3.497007
v 10.927727 3.115814 3.447509
v 10.927727 2.109102 3.447509
v 10.948229 3.150814 3.398012
v 10.948229 2.109102 3.398012
v 10.997726 3.165814 3.377509
v 10.997726 2.109102 3.377509
v 11.047224 2.329161 4.149936
v 11.047224 1.324193 4.149936
v 11.067726 2.294161 4.199434
v 11.067726 1.324193 4.199434
v 11.047224 2.259161 4.248931
v 11.047224 1.324193 4.248931
v 10.997726 2.244161 4.269433
v 10.997726 1.324193 4.269433
v 10.948229 2.259161 4.248931
v 10.948229 1.324193 4.248931
v 10.927727 2.294161 4.199434
v 10.927727 1.324193 4.199434
v 10.948229 2.329161 4.149936
v 10.948229 1.324193 4.149936
v 10.997726 2.344162 4.129434
v 10.997726 1.324193 4.129434
v 11.047224 1.526688 4.869548
v 11.047224 0.471482 4.869548
v 11.067726 1.491688 4.919045
v 11.067726 0.471482 4.919045
v 11.047224 1.456688 4.968543
v 11.047224 0.471482 4.968543
v 10.997726 1.441688 4.989045
v 10.997726 0.471482 4.989045
v 10.948229 1.456688 4.968543
v 10.948229 0.471482 4.968543
v 10.927727 1.491688 4.919045
v 10.927727 0.471482 4.919045
v 10.948229 1.526688 4.869548
v 10.948229 0.471482 4.869548
v 10.997726 1.541688 4.849045
v 10.997726 0.471482 4.849045
v 10.997726 0.010258 5.521623
v 10.997726 0.958259 5.521623
v 10.948229 0.010258 5.542126
v 10.948229 0.958259 5.542126
v 10.927727 0.010258 5.591623
v 10.927727 0.958259 5.591623
v 10.948229 0.010258 5.641121
v 10.948229 0.958259 5.641121
v 10.997726 0.010258 5.661623
v 10.997726 0.958259 5.661623
v 11.047224 0.010258 5.641121
v 11.047224 0.958259 5.641121
v 11.067726 0.010258 5.591623
v 11.067726 0.958259 5.591623
v 11.047224 0.010258 5.542126
v 11.047224 0.958259 5.542126
v 10.997726 0.010258 6.221623
v 10.997726 0.958259 6.221623
v 10.948229 0.010258 6.242126
v 10.948229 0.958259 6.242126
v 10.927727 0.010258 6.291623
v 10.927727 0.958259 6.291623
v 10.948229 0.010258 6.341121
v 10.948229 0.958259 6.341121
v 10.997726 0.010258 6.361623
v 10.997726 0.958259 6.361623
v 11.047224 0.010258 6.341121
v 11.047224 0.958259 6.341121
v 11.067726 0.010258 6.291623
v 11.067726 0.958259 6.291623
v 11.047224 0.010258 6.242126
v 11.047224 0.958259 6.242126
v 10.804323 4.968760 0.000000
v 10.804323 4.931240 0.000000
v 10.997726 4.000651 1.029552
v 10.997726 4.948652 1.029552
v 10.948229 4.000651 1.050054
v 10.948229 4.948652 1.050054
v 10.927726 4.000651 1.099552
v 10.927726 4.948652 1.099552
v 10.948229 4.000651 1.149049
v 10.948229 4.948652 1.149049
v 10.997726 4.000651 1.169552
v 10.997726 4.948652 1.169552
v 11.047224 4.000651 1.149049
v 11.047224 4.948652 1.149049
v 11.067726 4.000651 1.099552
v 11.067726 4.948652 1.099552
v 11.047224 4.000651 1.050054
v 11.047224 4.948652 1.050054
v 10.997726 4.000651 0.329552
v 10.997726 4.948652 0.329552
v 10.948229 4.000651 0.350054
v 10.948229 4.948652 0.350054
v 10.927726 4.000651 0.399552
v 10.927726 4.948652 0.399552
v 10.948229 4.000651 0.449049
v 10.948229 4.948652 0.449049
v 10.997726 4.000651 0.469552
v 10.997726 4.948652 0.469552
v 11.047224 4.000651 0.449049
v 11.047224 4.948652 0.449049
v 11.067726 4.000651 0.399552
v 11.067726 4.948652 0.399552
v 11.047224 4.000651 0.350054
v 11.047224 4.948652 0.350054
v -10.834324 4.998760 0.000000
v -11.174240 4.998760 0.000000
v -11.174240 4.901240 0.000000
v -11.204241 4.931240 0.000000
v -10.834324 4.901240 0.000000
v -11.204241 4.968760 0.000000
v 10.834324 4.998760 0.000000
v 11.174240 4.998760 0.000000
v 11.174240 4.901240 0.000000
v 11.204241 4.931240 0.000000
v 10.834324 4.901240 0.000000
v 11.204241 4.968760 0.000000
v -7.750000 4.931240 -1.300043
v -7.750000 4.968760 -1.300043
v -7.770000 4.931240 -1.699959
v -7.770000 4.968760 -1.699959
v -7.770000 4.901240 -1.330043
v -7.770000 4.998760 -1.330043
v -7.770000 4.901240 -1.669959
v -7.770000 4.998760 -1.669959
v -0.497726 4.000651 -1.429552
v -0.497726 4.948652 -1.429552
v -0.448229 4.000651 -1.450054
v -0.448229 4.948652 -1.450054
v -0.427726 4.000651 -1.499552
v -0.427726 4.948652 -1.499552
v -0.448229 4.000651 -1.549049
v -0.448229 4.948652 -1.549049
v -0.497726 4.000651 -1.569552
v -0.497726 4.948652 -1.569552
v -0.547224 4.000651 -1.549049
v -0.547224 4.948652 -1.549049
v -0.567726 4.000651 -1.499552
v -0.567726 4.948652 -1.499552
v -0.547224 4.000651 -1.450054
v -0.547224 4.948652 -1.450054
v -1.497726 4.000651 -1.429552
v -1.497726 4.948652 -1.429552
v -1.448229 4.000651 -1.450054
v -1.448229 4.948652 -1.450054
v -1.427726 4.000651 -1.499552
v -1.427726 4.948652 -1.499552
v -1.448229 4.000651 -1.549049
v -1.448229 4.948652 -1.549049
v -1.497726 4.000651 -1.569552
v -1.497726 4.948652 -1.569552
v -1.547224 4.000651 -1.549049
v -1.547224 4.948652 -1.549049
v -1.567726 4.000651 -1.499552
v -1.567726 4.948652 -1.499552
v -1.547224 4.000651 -1.450054
v -1.547224 4.948652 -1.450054
v -2.497726 4.000651 -1.429552
v -2.497726 4.948652 -1.429552
v -2.448229 4.000651 -1.450054
v -2.448229 4.948652 -1.450054
v -2.427726 4.000651 -1.499552
v -2.427726 4.948652 -1.499552
v -2.448229 4.000651 -1.549049
v -2.448229 4.948652 -1.549049
v -2.497726 4.000651 -1.569552
v -2.497726 4.948652 -1.569552
v -2.547224 4.000651 -1.549049
v -2.547224 4.948652 -1.549049
v -2.567726 4.000651 -1.499552
v -2.567726 4.948652 -1.499552
v -2.547224 4.000651 -1.450054
v -2.547224 4.948652 -1.450054
v -3.497726 4.000651 -1.429552
v -3.497726 4.948652 -1.429552
v -3.448229 4.000651 -1.450054
v -3.448229 4.948652 -1.450054
v -3.427726 4.000651 -1.499552
v -3.427726 4.948652 -1.499552
v -3.448229 4.000651 -1.549049
v -3.448229 4.948652 -1.549049
v -3.497726 4.000651 -1.569552
v -3.497726 4.948652 -1.569552
v -3.547224 4.000651 -1.549049
v -3.547224 4.948652 -1.549049
v -3.567726 4.000651 -1.499552
v -3.567726 4.948652 -1.499552
v -3.547224 4.000651 -1.450054
v -3.547224 4.948652 -1.450054
v -4.497726 4.000651 -1.429552
v -4.497726 4.948652 -1.429552
v -4.448229 4.000651 -1.450054
v -4.448229 4.948652 -1.450054
v -4.427726 4.000651 -1.499552
v -4.427726 4.948652 -1.499552
v -4.448229 4.000651 -1.549049
v -4.448229 4.948652 -1.549049
v -4.497726 4.000651 -1.569552
v -4.497726 4.948652 -1.569552
v -4.547224 4.000651 -1.549049
v -4.547224 4.948652 -1.549049
v -4.567726 4.000651 -1.499552
v -4.567726 4.948652 -1.499552
v -4.547224 4.000651 -1.450054
v -4.547224 4.948652 -1.450054
v -5.497726 4.000651 -1.429552
v -5.497726 4.948652 -1.429552
v -5.448229 4.000651 -1.450054
v -5.448229 4.948652 -1.450054
v -5.427726 4.000651 -1.499552
v -5.427726 4.948652 -1.499552
v -5.448229 4.000651 -1.549049
v -5.448229 4.948652 -1.549049
v -5.497726 4.000651 -1.569552
v -5.497726 4.948652 -1.569552
v -5.547224 4.000651 -1.549049
v -5.547224 4.948652 -1.549049
v -5.567726 4.000651 -1.499552
v -5.567726 4.948652 -1.499552
v -5.547224 4.000651 -1.450054
v -5.547224 4.948652 -1.450054
v -6.497726 4.000651 -1.429552
v -6.497726 4.948652 -1.429552
v -6.448229 4.000651 -1.450054
v -6.448229 4.948652 -1.450054
v -6.427726 4.000651 -1.499552
v -6.427726 4.948652 -1.499552
v -6.448229 4.000651 -1.549049
v -6.448229 4.948652 -1.549049
v -6.497726 4.000651 -1.569552
v -6.497726 4.948652 -1.569552
v -6.547224 4.000651 -1.549049
v -6.547224 4.948652 -1.549049
v -6.567726 4.000651 -1.499552
v -6.567726 4.948652 -1.499552
v -6.547224 4.000651 -1.450054
v -6.547224 4.948652 -1.450054
v -7.497726 4.000651 -1.429552
v -7.497726 4.948652 -1.429552
v -7.448229 4.000651 -1.450054
v -7.448229 4.948652 -1.450054
v -7.427726 4.000651 -1.499552
v -7.427726 4.948652 -1.499552
v -7.448229 4.000651 -1.549049
v -7.448229 4.948652 -1.549049
v -7.497726 4.000651 -1.569552
v -7.497726 4.948652 -1.569552
v -7.547224 4.000651 -1.549049
v -7.547224 4.948652 -1.549049
v -7.567726 4.000651 -1.499552
v -7.567726 4.948652 -1.499552
v -7.547224 4.000651 -1.450054
v -7.547224 4.948652 -1.450054
v -8.204240 4.931240 -1.696719
v -8.204240 4.968760 -1.696719
v -7.804323 4.968760 -1.699719
v -7.804323 4.931240 -1.699719
v -8.204240 0.940847 -6.451719
v -8.174240 4.901240 -1.696719
v -8.204240 0.978367 -6.451719
v -8.174240 1.010847 -5.301719
v -7.804323 0.978367 -6.451719
v -8.174240 4.998760 -1.696719
v -7.804323 1.040846 -5.301720
v -7.804323 1.078367 -5.301720
v -7.834323 4.901240 -1.696719
v -8.204240 1.078367 -5.301719
v -7.834323 4.998760 -1.696719
v -8.204240 1.040846 -5.301719
v -7.801943 4.901240 -1.673558
v -7.801943 4.998760 -1.673558
v -8.204240 4.831240 -1.901719
v -8.204240 4.868760 -1.901719
v -7.804323 4.868760 -1.901719
v -7.804323 4.831240 -1.901719
v -8.174240 4.801240 -1.901719
v -8.174240 4.898760 -1.901719
v -7.834323 4.801240 -1.901719
v -7.834323 4.898760 -1.901719
v -7.804323 0.940847 -6.451719
v -8.174240 1.108367 -5.301719
v -8.193475 0.924572 -6.478844
v -8.174240 0.910847 -6.471719
v -7.834323 1.010847 -5.301720
v -8.174240 0.940847 -6.501719
v -7.834323 1.108367 -5.301720
v -8.193475 0.994642 -6.478844
v -8.200983 4.968760 -1.465622
v -8.028932 4.968760 -1.298087
v -8.200983 4.931240 -1.465622
v -8.028932 4.931240 -1.298087
v -8.170888 4.901240 -1.496484
v -7.997841 4.901240 -1.328555
v -8.056365 4.901240 -1.427566
v -7.997841 4.998760 -1.328555
v -8.170888 4.998760 -1.496484
v -8.056365 4.998760 -1.427566
v -8.174240 0.910847 -5.501719
v -7.804323 0.940847 -5.501719
v -7.804323 0.978367 -5.501719
v -8.204240 0.978367 -5.501719
v -8.204240 0.940847 -5.501719
v -8.174240 1.008367 -5.501719
v -7.834323 0.910847 -5.501719
v -7.834323 1.008367 -5.501719
v -8.174240 0.978367 -6.501719
v -8.174240 1.008367 -6.471719
v -7.815087 0.924572 -6.478844
v -7.834323 0.940847 -6.501719
v -7.834323 0.910847 -6.471719
v -7.815087 0.994642 -6.478844
v -7.834323 1.008367 -6.471719
v -7.834323 0.978367 -6.501719
v -7.997726 3.616158 -1.873865
v -7.997726 4.831310 -1.873865
v -7.948229 3.616158 -1.894367
v -7.948229 4.816310 -1.894367
v -7.927726 3.616158 -1.943865
v -7.927726 4.781310 -1.943865
v -7.948229 3.616158 -1.993362
v -7.948229 4.746310 -1.993362
v -7.997726 3.616158 -2.013865
v -7.997726 4.731310 -2.013865
v -8.047224 3.616158 -1.993362
v -8.047224 4.746310 -1.993362
v -8.067726 3.616158 -1.943865
v -8.067726 4.781310 -1.943865
v -8.047224 3.616158 -1.894367
v -8.047224 4.816310 -1.894367
v -8.047224 3.991594 -2.659300
v -8.047224 2.856098 -2.659300
v -8.067726 3.956594 -2.708797
v -8.067726 2.856098 -2.708797
v -8.047224 3.921594 -2.758295
v -8.047224 2.856098 -2.758295
v -7.997726 3.906594 -2.778797
v -7.997726 2.856098 -2.778797
v -7.948229 3.921594 -2.758295
v -7.948229 2.856098 -2.758295
v -7.927726 3.956594 -2.708797
v -7.927726 2.856098 -2.708797
v -7.948229 3.991594 -2.659300
v -7.948229 2.856098 -2.659300
v -7.997726 4.006594 -2.638797
v -7.997726 2.856098 -2.638797
v -8.047224 3.150814 -3.398012
v -8.047224 2.109102 -3.398012
v -8.067726 3.115814 -3.447509
v -8.067726 2.109102 -3.447509
v -8.047224 3.080814 -3.497007
v -8.047224 2.109102 -3.497007
v -7.997726 3.065814 -3.517509
v -7.997726 2.109102 -3.517509
v -7.948229 3.080814 -3.497007
v -7.948229 2.109102 -3.497007
v -7.927726 3.115814 -3.447509
v -7.927726 2.109102 -3.447509
v -7.948229 3.150814 -3.398012
v -7.948229 2.109102 -3.398012
v -7.997726 3.165814 -3.377509
v -7.997726 2.109102 -3.377509
v -8.047224 2.329161 -4.149936
v -8.047224 1.324193 -4.149936
v -8.067726 2.294161 -4.199434
v -8.067726 1.324193 -4.199434
v -8.047224 2.259161 -4.248931
v -8.047224 1.324193 -4.248931
v -7.997726 2.244161 -4.269433
v -7.997726 1.324193 -4.269433
v -7.948229 2.259161 -4.248931
v -7.948229 1.324193 -4.248931
v -7.927726 2.294161 -4.199434
v -7.927726 1.324193 -4.199434
v -7.948229 2.329161 -4.149936
v -7.948229 1.324193 -4.149936
v -7.997726 2.344162 -4.129434
v -7.997726 1.324193 -4.129434
v -8.047224 1.526688 -4.869548
v -8.047224 0.471482 -4.869548
v -8.067726 1.491688 -4.919045
v -8.067726 0.471482 -4.919045
v -8.047224 1.456688 -4.968543
v -8.047224 0.471482 -4.968543
v -7.997726 1.441688 -4.989045
v -7.997726 0.471482 -4.989045
v -7.948229 1.456688 -4.968543
v -7.948229 0.471482 -4.968543
v -7.927726 1.491688 -4.919045
v -7.927726 0.471482 -4.919045
v -7.948229 1.526688 -4.869548
v -7.948229 0.471482 -4.869548
v -7.997726 1.541688 -4.849045
v -7.997726 0.471482 -4.849045
v -7.997726 0.010258 -5.521623
v -7.997726 0.958259 -5.521623
v -7.948229 0.010258 -5.542126
v -7.948229 0.958259 -5.542126
v -7.927726 0.010258 -5.591623
v -7.927726 0.958259 -5.591623
v -7.948229 0.010258 -5.641121
v -7.948229 0.958259 -5.641121
v -7.997726 0.010258 -5.661623
v -7.997726 0.958259 -5.661623
v -8.047224 0.010258 -5.641121
v -8.047224 0.958259 -5.641121
v -8.067726 0.010258 -5.591623
v -8.067726 0.958259 -5.591623
v -8.047224 0.010258 -5.542126
v -8.047224 0.958259 -5.542126
v -7.997726 0.010258 -6.221623
v -7.997726 0.958259 -6.221623
v -7.948229 0.010258 -6.242126
v -7.948229 0.958259 -6.242126
v -7.927726 0.010258 -6.291623
v -7.927726 0.958259 -6.291623
v -7.948229 0.010258 -6.341121
v -7.948229 0.958259 -6.341121
v -7.997726 0.010258 -6.361623
v -7.997726 0.958259 -6.361623
v -8.047224 0.010258 -6.341121
v -8.047224 0.958259 -6.341121
v -8.067726 0.010258 -6.291623
v -8.067726 0.958259 -6.291623
v -8.047224 0.010258 -6.242126
v -8.047224 0.958259 -6.242126
v -7.997726 4.000651 -1.429552
v -7.997726 4.948652 -1.429552
v -7.948229 4.000651 -1.450054
v -7.948229 4.948652 -1.450054
v -7.927726 4.000651 -1.499552
v -7.927726 4.948652 -1.499552
v -7.948229 4.000651 -1.549049
v -7.948229 4.948652 -1.549049
v -7.997726 4.000651 -1.569552
v -7.997726 4.948652 -1.569552
v -8.047224 4.000651 -1.549049
v -8.047224 4.948652 -1.549049
v -8.067726 4.000651 -1.499552
v -8.067726 4.948652 -1.499552
v -8.047224 4.000651 -1.450054
v -8.047224 4.948652 -1.450054
v 0.000000 4.968760 -1.699959
v 0.000000 4.931240 -1.300043
v 0.000000 4.998760 -1.330043
v 0.000000 4.998760 -1.669959
v 0.000000 4.931240 -1.699959
v 0.000000 4.968760 -1.300043
v 0.000000 4.901240 -1.330043
v 0.000000 4.901240 -1.669959
v -11.204241 4.931240 -1.696719
v -11.204241 4.968760 -1.696719
v -10.804323 4.968760 -1.699719
v -10.804323 4.931240 -1.699719
v -11.204241 0.940847 -6.451719
v -11.174240 4.901240 -1.696719
v -11.204241 0.978367 -6.451719
v -11.174240 1.010847 -5.301719
v -10.804323 0.978367 -6.451719
v -11.174240 4.998760 -1.696719
v -10.804323 1.040846 -5.301720
v -10.804323 1.078367 -5.301720
v -10.834324 4.901240 -1.696719
v -11.204241 1.078367 -5.301719
v -10.834324 4.998760 -1.696719
v -11.204241 1.040846 -5.301719
v -11.204241 4.831240 -1.901719
v -11.204241 4.868760 -1.901719
v -10.804323 4.868760 -1.901719
v -10.804323 4.831240 -1.901719
v -11.174240 4.801240 -1.901719
v -11.174240 4.898760 -1.901719
v -10.834324 4.801240 -1.901719
v -10.834324 4.898760 -1.901719
v -10.804323 0.940847 -6.451719
v -11.174240 1.108367 -5.301719
v -11.193476 0.924572 -6.478844
v -11.174240 0.910847 -6.471719
v -10.834324 1.010847 -5.301720
v -11.174240 0.940847 -6.501719
v -10.834324 1.108367 -5.301720
v -11.193476 0.994642 -6.478844
v -11.174240 0.910847 -5.501719
v -10.804323 0.940847 -5.501719
v -10.804323 0.978367 -5.501719
v -11.204241 0.978367 -5.501719
v -11.204241 0.940847 -5.501719
v -11.174240 1.008367 -5.501719
v -10.834324 0.910847 -5.501719
v -10.834324 1.008367 -5.501719
v -11.174240 0.978367 -6.501719
v -11.174240 1.008367 -6.471719
v -10.815088 0.924572 -6.478844
v -10.834324 0.940847 -6.501719
v -10.834324 0.910847 -6.471719
v -10.815088 0.994642 -6.478844
v -10.834324 1.008367 -6.471719
v -10.834324 0.978367 -6.501719
v -10.997726 3.616158 -1.873865
v -10.997726 4.831310 -1.873865
v -10.948229 3.616158 -1.894367
v -10.948229 4.816310 -1.894367
v -10.927727 3.616158 -1.943865
v -10.927727 4.781310 -1.943865
v -10.948229 3.616158 -1.993362
v -10.948229 4.746310 -1.993362
v -10.997726 3.616158 -2.013865
v -10.997726 4.731310 -2.013865
v -11.047224 3.616158 -1.993362
v -11.047224 4.746310 -1.993362
v -11.067726 3.616158 -1.943865
v -11.067726 4.781310 -1.943865
v -11.047224 3.616158 -1.894367
v -11.047224 4.816310 -1.894367
v -11.047224 3.991594 -2.659300
v -11.047224 2.856098 -2.659300
v -11.067726 3.956594 -2.708797
v -11.067726 2.856098 -2.708797
v -11.047224 3.921594 -2.758295
v -11.047224 2.856098 -2.758295
v -10.997726 3.906594 -2.778797
v -10.997726 2.856098 -2.778797
v -10.948229 3.921594 -2.758295
v -10.948229 2.856098 -2.758295
v -10.927727 3.956594 -2.708797
v -10.927727 2.856098 -2.708797
v -10.948229 3.991594 -2.659300
v -10.948229 2.856098 -2.659300
v -10.997726 4.006594 -2.638797
v -10.997726 2.856098 -2.638797
v -11.047224 3.150814 -3.398012
v -11.047224 2.109102 -3.398012
v -11.067726 3.115814 -3.447509
v -11.067726 2.109102 -3.447509
v -11.047224 3.080814 -3.497007
v -11.047224 2.109102 -3.497007
v -10.997726 3.065814 -3.517509
v -10.997726 2.109102 -3.517509
v -10.948229 3.080814 -3.497007
v -10.948229 2.109102 -3.497007
v -10.927727 3.115814 -3.447509
v -10.927727 2.109102 -3.447509
v -10.948229 3.150814 -3.398012
v -10.948229 2.109102 -3.398012
v -10.997726 3.165814 -3.377509
v -10.997726 2.109102 -3.377509
v -11.047224 2.329161 -4.149936
v -11.047224 1.324193 -4.149936
v -11.067726 2.294161 -4.199434
v -11.067726 1.324193 -4.199434
v -11.047224 2.259161 -4.248931
v -11.047224 1.324193 -4.248931
v -10.997726 2.244161 -4.269433
v -10.997726 1.324193 -4.269433
v -10.948229 2.259161 -4.248931
v -10.948229 1.324193 -4.248931
v -10.927727 2.294161 -4.199434
v -10.927727 1.324193 -4.199434
v -10.948229 2.329161 -4.149936
v -10.948229 1.324193 -4.149936
v -10.997726 2.344162 -4.129434
v -10.997726 1.324193 -4.129434
v -11.047224 1.526688 -4.869548
v -11.047224 0.471482 -4.869548
v -11.067726 1.491688 -4.919045
v -11.067726 0.471482 -4.919045
v -11.047224 1.456688 -4.968543
v -11.047224 0.471482 -4.968543
v -10.997726 1.441688 -4.989045
v -10.997726 0.471482 -4.989045
v -10.948229 1.456688 -4.968543
v -10.948229 0.471482 -4.968543
v -10.927727 1.491688 -4.919045
v -10.927727 0.471482 -4.919045
v -10.948229 1.526688 -4.869548
v -10.948229 0.471482 -4.869548
v -10.997726 1.541688 -4.849045
v -10.997726 0.471482 -4.849045
v -10.997726 0.010258 -5.521623
v -10.997726 0.958259 -5.521623
v -10.948229 0.010258 -5.542126
v -10.948229 0.958259 -5.542126
v -10.927727 0.010258 -5.591623
v -10.927727 0.958259 -5.591623
v -10.948229 0.010258 -5.641121
v -10.948229 0.958259 -5.641121
v -10.997726 0.010258 -5.661623
v -10.997726 0.958259 -5.661623
v -11.047224 0.010258 -5.641121
v -11.047224 0.958259 -5.641121
v -11.067726 0.010258 -5.591623
v -11.067726 0.958259 -5.591623
v -11.047224 0.010258 -5.542126
v -11.047224 0.958259 -5.542126
v -10.997726 0.010258 -6.221623
v -10.997726 0.958259 -6.221623
v -10.948229 0.010258 -6.242126
v -10.948229 0.958259 -6.242126
v -10.927727 0.010258 -6.291623
v -10.927727 0.958259 -6.291623
v -10.948229 0.010258 -6.341121
v -10.948229 0.958259 -6.341121
v -10.997726 0.010258 -6.361623
v -10.997726 0.958259 -6.361623
v -11.047224 0.010258 -6.341121
v -11.047224 0.958259 -6.341121
v -11.067726 0.010258 -6.291623
v -11.067726 0.958259 -6.291623
v -11.047224 0.010258 -6.242126
v -11.047224 0.958259 -6.242126
v -10.997726 4.000651 -1.029552
v -10.997726 4.948652 -1.029552
v -10.948229 4.000651 -1.050054
v -10.948229 4.948652 -1.050054
v -10.927726 4.000651 -1.099552
v -10.927726 4.948652 -1.099552
v -10.948229 4.000651 -1.149049
v -10.948229 4.948652 -1.149049
v -10.997726 4.000651 -1.169552
v -10.997726 4.948652 -1.169552
v -11.047224 4.000651 -1.149049
v -11.047224 4.948652 -1.149049
v -11.067726 4.000651 -1.099552
v -11.067726 4.948652 -1.099552
v -11.047224 4.000651 -1.050054
v -11.047224 4.948652 -1.050054
v -10.997726 4.000651 -0.329552
v -10.997726 4.948652 -0.329552
v -10.948229 4.000651 -0.350054
v -10.948229 4.948652 -0.350054
v -10.927726 4.000651 -0.399552
v -10.927726 4.948652 -0.399552
v -10.948229 4.000651 -0.449049
v -10.948229 4.948652 -0.449049
v -10.997726 4.000651 -0.469552
v -10.997726 4.948652 -0.469552
v -11.047224 4.000651 -0.449049
v -11.047224 4.948652 -0.449049
v -11.067726 4.000651 -0.399552
v -11.067726 4.948652 -0.399552
v -11.047224 4.000651 -0.350054
v -11.047224 4.948652 -0.350054
v 7.750000 4.931240 -1.300043
v 7.750000 4.968760 -1.300043
v 7.770000 4.931240 -1.699959
v 7.770000 4.968760 -1.699959
v 7.770000 4.901240 -1.330043
v 7.770000 4.998760 -1.330043
v 7.770000 4.901240 -1.669959
v 7.770000 4.998760 -1.669959
v 0.497726 4.000651 -1.429552
v 0.497726 4.948652 -1.429552
v 0.448229 4.000651 -1.450054
v 0.448229 4.948652 -1.450054
v 0.427726 4.000651 -1.499552
v 0.427726 4.948652 -1.499552
v 0.448229 4.000651 -1.549049
v 0.448229 4.948652 -1.549049
v 0.497726 4.000651 -1.569552
v 0.497726 4.948652 -1.569552
v 0.547224 4.000651 -1.549049
v 0.547224 4.948652 -1.549049
v 0.567726 4.000651 -1.499552
v 0.567726 4.948652 -1.499552
v 0.547224 4.000651 -1.450054
v 0.547224 4.948652 -1.450054
v 1.497726 4.000651 -1.429552
v 1.497726 4.948652 -1.429552
v 1.448229 4.000651 -1.450054
v 1.448229 4.948652 -1.450054
v 1.427726 4.000651 -1.499552
v 1.427726 4.948652 -1.499552
v 1.448229 4.000651 -1.549049
v 1.448229 4.948652 -1.549049
v 1.497726 4.000651 -1.569552
v 1.497726 4.948652 -1.569552
v 1.547224 4.000651 -1.549049
v 1.547224 4.948652 -1.549049
v 1.567726 4.000651 -1.499552
v 1.567726 4.948652 -1.499552
v 1.547224 4.000651 -1.450054
v 1.547224 4.948652 -1.450054
v 2.497726 4.000651 -1.429552
v 2.497726 4.948652 -1.429552
v 2.448229 4.000651 -1.450054
v 2.448229 4.948652 -1.450054
v 2.427726 4.000651 -1.499552
v 2.427726 4.948652 -1.499552
v 2.448229 4.000651 -1.549049
v 2.448229 4.948652 -1.549049
v 2.497726 4.000651 -1.569552
v 2.497726 4.948652 -1.569552
v 2.547224 4.000651 -1.549049
v 2.547224 4.948652 -1.549049
v 2.567726 4.000651 -1.499552
v 2.567726 4.948652 -1.499552
v 2.547224 4.000651 -1.450054
v 2.547224 4.948652 -1.450054
v 3.497726 4.000651 -1.429552
v 3.497726 4.948652 -1.429552
v 3.448229 4.000651 -1.450054
v 3.448229 4.948652 -1.450054
v 3.427726 4.000651 -1.499552
v 3.427726 4.948652 -1.499552
v 3.448229 4.000651 -1.549049
v 3.448229 4.948652 -1.549049
v 3.497726 4.000651 -1.569552
v 3.497726 4.948652 -1.569552
v 3.547224 4.000651 -1.549049
v 3.547224 4.948652 -1.549049
v 3.567726 4.000651 -1.499552
v 3.567726 4.948652 -1.499552
v 3.547224 4.000651 -1.450054
v 3.547224 4.948652 -1.450054
v 4.497726 4.000651 -1.429552
v 4.497726 4.948652 -1.429552
v 4.448229 4.000651 -1.450054
v 4.448229 4.948652 -1.450054
v 4.427726 4.000651 -1.499552
v 4.427726 4.948652 -1.499552
v 4.448229 4.000651 -1.549049
v 4.448229 4.948652 -1.549049
v 4.497726 4.000651 -1.569552
v 4.497726 4.948652 -1.569552
v 4.547224 4.000651 -1.549049
v 4.547224 4.948652 -1.549049
v 4.567726 4.000651 -1.499552
v 4.567726 4.948652 -1.499552
v 4.547224 4.000651 -1.450054
v 4.547224 4.948652 -1.450054
v 5.497726 4.000651 -1.429552
v 5.497726 4.948652 -1.429552
v 5.448229 4.000651 -1.450054
v 5.448229 4.948652 -1.450054
v 5.427726 4.000651 -1.499552
v 5.427726 4.948652 -1.499552
v 5.448229 4.000651 -1.549049
v 5.448229 4.948652 -1.549049
v 5.497726 4.000651 -1.569552
v 5.497726 4.948652 -1.569552
v 5.547224 4.000651 -1.549049
v 5.547224 4.948652 -1.549049
v 5.567726 4.000651 -1.499552
v 5.567726 4.948652 -1.499552
v 5.547224 4.000651 -1.450054
v 5.547224 4.948652 -1.450054
v 6.497726 4.000651 -1.429552
v 6.497726 4.948652 -1.429552
v 6.448229 4.000651 -1.450054
v 6.448229 4.948652 -1.450054
v 6.427726 4.000651 -1.499552
v 6.427726 4.948652 -1.499552
v 6.448229 4.000651 -1.549049
v 6.448229 4.948652 -1.549049
v 6.497726 4.000651 -1.569552
v 6.497726 4.948652 -1.569552
v 6.547224 4.000651 -1.549049
v 6.547224 4.948652 -1.549049
v 6.567726 4.000651 -1.499552
v 6.567726 4.948652 -1.499552
v 6.547224 4.000651 -1.450054
v 6.547224 4.948652 -1.450054
v 7.497726 4.000651 -1.429552
v 7.497726 4.948652 -1.429552
v 7.448229 4.000651 -1.450054
v 7.448229 4.948652 -1.450054
v 7.427726 4.000651 -1.499552
v 7.427726 4.948652 -1.499552
v 7.448229 4.000651 -1.549049
v 7.448229 4.948652 -1.549049
v 7.497726 4.000651 -1.569552
v 7.497726 4.948652 -1.569552
v 7.547224 4.000651 -1.549049
v 7.547224 4.948652 -1.549049
v 7.567726 4.000651 -1.499552
v 7.567726 4.948652 -1.499552
v 7.547224 4.000651 -1.450054
v 7.547224 4.948652 -1.450054
v 8.204240 4.931240 -1.696719
v 8.204240 4.968760 -1.696719
v 7.804323 4.968760 -1.699719
v 7.804323 4.931240 -1.699719
v 8.204240 0.940847 -6.451719
v 8.174240 4.901240 -1.696719
v 8.204240 0.978367 -6.451719
v 8.174240 1.010847 -5.301719
v 7.804323 0.978367 -6.451719
v 8.174240 4.998760 -1.696719
v 7.804323 1.040846 -5.301720
v 7.804323 1.078367 -5.301720
v 7.834323 4.901240 -1.696719
v 8.204240 1.078367 -5.301719
v 7.834323 4.998760 -1.696719
v 8.204240 1.040846 -5.301719
v 7.801943 4.901240 -1.673558
v 7.801943 4.998760 -1.673558
v 8.204240 4.831240 -1.901719
v 8.204240 4.868760 -1.901719
v 7.804323 4.868760 -1.901719
v 7.804323 4.831240 -1.901719
v 8.174240 4.801240 -1.901719
v 8.174240 4.898760 -1.901719
v 7.834323 4.801240 -1.901719
v 7.834323 4.898760 -1.901719
v 7.804323 0.940847 -6.451719
v 8.174240 1.108367 -5.301719
v 8.193475 0.924572 -6.478844
v 8.174240 0.910847 -6.471719
v 7.834323 1.010847 -5.301720
v 8.174240 0.940847 -6.501719
v 7.834323 1.108367 -5.301720
v 8.193475 0.994642 -6.478844
v 8.200983 4.968760 -1.465622
v 8.028932 4.968760 -1.298087
v 8.200983 4.931240 -1.465622
v 8.028932 4.931240 -1.298087
v 8.170888 4.901240 -1.496484
v 7.997841 4.901240 -1.328555
v 8.056365 4.901240 -1.427566
v 7.997841 4.998760 -1.328555
v 8.170888 4.998760 -1.496484
v 8.056365 4.998760 -1.427566
v 8.174240 0.910847 -5.501719
v 7.804323 0.940847 -5.501719
v 7.804323 0.978367 -5.501719
v 8.204240 0.978367 -5.501719
v 8.204240 0.940847 -5.501719
v 8.174240 1.008367 -5.501719
v 7.834323 0.910847 -5.501719
v 7.834323 1.008367 -5.501719
v 8.174240 0.978367 -6.501719
v 8.174240 1.008367 -6.471719
v 7.815087 0.924572 -6.478844
v 7.834323 0.940847 -6.501719
v 7.834323 0.910847 -6.471719
v 7.815087 0.994642 -6.478844
v 7.834323 1.008367 -6.471719
v 7.834323 0.978367 -6.501719
v 7.997726 3.616158 -1.873865
v 7.997726 4.831310 -1.873865
v 7.948229 3.616158 -1.894367
v 7.948229 4.816310 -1.894367
v 7.927726 3.616158 -1.943865
v 7.927726 4.781310 -1.943865
v 7.948229 3.616158 -1.993362
v 7.948229 4.746310 -1.993362
v 7.997726 3.616158 -2.013865
v 7.997726 4.731310 -2.013865
v 8.047224 3.616158 -1.993362
v 8.047224 4.746310 -1.993362
v 8.067726 3.616158 -1.943865
v 8.067726 4.781310 -1.943865
v 8.047224 3.616158 -1.894367
v 8.047224 4.816310 -1.894367
v 8.047224 3.991594 -2.659300
v 8.047224 2.856098 -2.659300
v 8.067726 3.956594 -2.708797
v 8.067726 2.856098 -2.708797
v 8.047224 3.921594 -2.758295
v 8.047224 2.856098 -2.758295
v 7.997726 3.906594 -2.778797
v 7.997726 2.856098 -2.778797
v 7.948229 3.921594 -2.758295
v 7.948229 2.856098 -2.758295
v 7.927726 3.956594 -2.708797
v 7.927726 2.856098 -2.708797
v 7.948229 3.991594 -2.659300
v 7.948229 2.856098 -2.659300
v 7.997726 4.006594 -2.638797
v 7.997726 2.856098 -2.638797
v 8.047224 3.150814 -3.398012
v 8.047224 2.109102 -3.398012
v 8.067726 3.115814 -3.447509
v 8.067726 2.109102 -3.447509
v 8.047224 3.080814 -3.497007
v 8.047224 2.109102 -3.497007
v 7.997726 3.065814 -3.517509
v 7.997726 2.109102 -3.517509
v 7.948229 3.080814 -3.497007
v 7.948229 2.109102 -3.497007
v 7.927726 3.115814 -3.447509
v 7.927726 2.109102 -3.447509
v 7.948229 3.150814 -3.398012
v 7.948229 2.109102 -3.398012
v 7.997726 3.165814 -3.377509
v 7.997726 2.109102 -3.377509
v 8.047224 2.329161 -4.149936
v 8.047224 1.324193 -4.149936
v 8.067726 2.294161 -4.199434
v 8.067726 1.324193 -4.199434
v 8.047224 2.259161 -4.248931
v 8.047224 1.324193 -4.248931
v 7.997726 2.244161 -4.269433
v 7.997726 1.324193 -4.269433
v 7.948229 2.259161 -4.248931
v 7.948229 1.324193 -4.248931
v 7.927726 2.294161 -4.199434
v 7.927726 1.324193 -4.199434
v 7.948229 2.329161 -4.149936
v 7.948229 1.324193 -4.149936
v 7.997726 2.344162 -4.129434
v 7.997726 1.324193 -4.129434
v 8.047224 1.526688 -4.869548
v 8.047224 0.471482 -4.869548
v 8.067726 1.491688 -4.919045
v 8.067726 0.471482 -4.919045
v 8.047224 1.456688 -4.968543
v 8.047224 0.471482 -4.968543
v 7.997726 1.441688 -4.989045
v 7.997726 0.471482 -4.989045
v 7.948229 1.456688 -4.968543
v 7.948229 0.471482 -4.968543
v 7.927726 1.491688 -4.919045
v 7.927726 0.471482 -4.919045
v 7.948229 1.526688 -4.869548
v 7.948229 0.471482 -4.869548
v 7.997726 1.541688 -4.849045
v 7.997726 0.471482 -4.849045
v 7.997726 0.010258 -5.521623
v 7.997726 0.958259 -5.521623
v 7.948229 0.010258 -5.542126
v 7.948229 0.958259 -5.542126
v 7.927726 0.010258 -5.591623
v 7.927726 0.958259 -5.591623
v 7.948229 0.010258 -5.641121
v 7.948229 0.958259 -5.641121
v 7.997726 0.010258 -5.661623
v 7.997726 0.958259 -5.661623
v 8.047224 0.010258 -5.641121
v 8.047224 0.958259 -5.641121
v 8.067726 0.010258 -5.591623
v 8.067726 0.958259 -5.591623
v 8.047224 0.010258 -5.542126
v 8.047224 0.958259 -5.542126
v 7.997726 0.010258 -6.221623
v 7.997726 0.958259 -6.221623
v 7.948229 0.010258 -6.242126
v 7.948229 0.958259 -6.242126
v 7.927726 0.010258 -6.291623
v 7.927726 0.958259 -6.291623
v 7.948229 0.010258 -6.341121
v 7.948229 0.958259 -6.341121
v 7.997726 0.010258 -6.361623
v 7.997726 0.958259 -6.361623
v 8.047224 0.010258 -6.341121
v 8.047224 0.958259 -6.341121
v 8.067726 0.010258 -6.291623
v 8.067726 0.958259 -6.291623
v 8.047224 0.010258 -6.242126
v 8.047224 0.958259 -6.242126
v 7.997726 4.000651 -1.429552
v 7.997726 4.948652 -1.429552
v 7.948229 4.000651 -1.450054
v 7.948229 4.948652 -1.450054
v 7.927726 4.000651 -1.499552
v 7.927726 4.948652 -1.499552
v 7.948229 4.000651 -1.549049
v 7.948229 4.948652 -1.549049
v 7.997726 4.000651 -1.569552
v 7.997726 4.948652 -1.569552
v 8.047224 4.000651 -1.549049
v 8.047224 4.948652 -1.549049
v 8.067726 4.000651 -1.499552
v 8.067726 4.948652 -1.499552
v 8.047224 4.000651 -1.450054
v 8.047224 4.948652 -1.450054
v 11.204241 4.931240 -1.696719
v 11.204241 4.968760 -1.696719
v 10.804323 4.968760 -1.699719
v 10.804323 4.931240 -1.699719
v 11.204241 0.940847 -6.451719
v 11.174240 4.901240 -1.696719
v 11.204241 0.978367 -6.451719
v 11.174240 1.010847 -5.301719
v 10.804323 0.978367 -6.451719
v 11.174240 4.998760 -1.696719
v 10.804323 1.040846 -5.301720
v 10.804323 1.078367 -5.301720
v 10.834324 4.901240 -1.696719
v 11.204241 1.078367 -5.301719
v 10.834324 4.998760 -1.696719
v 11.204241 1.040846 -5.301719
v 11.204241 4.831240 -1.901719
v 11.204241 4.868760 -1.901719
v 10.804323 4.868760 -1.901719
v 10.804323 4.831240 -1.901719
v 11.174240 4.801240 -1.901719
v 11.174240 4.898760 -1.901719
v 10.834324 4.801240 -1.901719
v 10.834324 4.898760 -1.901719
v 10.804323 0.940847 -6.451719
v 11.174240 1.108367 -5.301719
v 11.193476 0.924572 -6.478844
v 11.174240 0.910847 -6.471719
v 10.834324 1.010847 -5.301720
v 11.174240 0.940847 -6.501719
v 10.834324 1.108367 -5.301720
v 11.193476 0.994642 -6.478844
v 11.174240 0.910847 -5.501719
v 10.804323 0.940847 -5.501719
v 10.804323 0.978367 -5.501719
v 11.204241 0.978367 -5.501719
v 11.204241 0.940847 -5.501719
v 11.174240 1.008367 -5.501719
v 10.834324 0.910847 -5.501719
v 10.834324 1.008367 -5.501719
v 11.174240 0.978367 -6.501719
v 11.174240 1.008367 -6.471719
v 10.815088 0.924572 -6.478844
v 10.834324 0.940847 -6.501719
v 10.834324 0.910847 -6.471719
v 10.815088 0.994642 -6.478844
v 10.834324 1.008367 -6.471719
v 10.834324 0.978367 -6.501719
v 10.997726 3.616158 -1.873865
v 10.997726 4.831310 -1.873865
v 10.948229 3.616158 -1.894367
v 10.948229 4.816310 -1.894367
v 10.927727 3.616158 -1.943865
v 10.927727 4.781310 -1.943865
v 10.948229 3.616158 -1.993362
v 10.948229 4.746310 -1.993362
v 10.997726 3.616158 -2.013865
v 10.997726 4.731310 -2.013865
v 11.047224 3.616158 -1.993362
v 11.047224 4.746310 -1.993362
v 11.067726 3.616158 -1.943865
v 11.067726 4.781310 -1.943865
v 11.047224 3.616158 -1.894367
v 11.047224 4.816310 -1.894367
v 11.047224 3.991594 -2.659300
v 11.047224 2.856098 -2.659300
v 11.067726 3.956594 -2.708797
v 11.067726 2.856098 -2.708797
v 11.047224 3.921594 -2.758295
v 11.047224 2.856098 -2.758295
v 10.997726 3.906594 -2.778797
v 10.997726 2.856098 -2.778797
v 10.948229 3.921594 -2.758295
v 10.948229 2.856098 -2.758295
v 10.927727 3.956594 -2.708797
v 10.927727 2.856098 -2.708797
v 10.948229 3.991594 -2.659300
v 10.948229 2.856098 -2.659300
v 10.997726 4.006594 -2.638797
v 10.997726 2.856098 -2.638797
v 11.047224 3.150814 -3.398012
v 11.047224 2.109102 -3.398012
v 11.067726 3.115814 -3.447509
v 11.067726 2.109102 -3.447509
v 11.047224 3.080814 -3.497007
v 11.047224 2.109102 -3.497007
v 10.997726 3.065814 -3.517509
v 10.997726 2.109102 -3.517509
v 10.948229 3.080814 -3.497007
v 10.948229 2.109102 -3.497007
v 10.927727 3.115814 -3.447509
v 10.927727 2.109102 -3.447509
v 10.948229 3.150814 -3.398012
v 10.948229 2.109102 -3.398012
v 10.997726 3.165814 -3.377509
v 10.997726 2.109102 -3.377509
v 11.047224 2.329161 -4.149936
v 11.047224 1.324193 -4.149936
v 11.067726 2.294161 -4.199434
v 11.067726 1.324193 -4.199434
v 11.047224 2.259161 -4.248931
v 11.047224 1.324193 -4.248931
v 10.997726 2.244161 -4.269433
v 10.997726 1.324193 -4.269433
v 10.948229 2.259161 -4.248931
v 10.948229 1.324193 -4.248931
v 10.927727 2.294161 -4.199434
v 10.927727 1.324193 -4.199434
v 10.948229 2.329161 -4.149936
v 10.948229 1.324193 -4.149936
v 10.997726 2.344162 -4.129434
v 10.997726 1.324193 -4.129434
v 11.047224 1.526688 -4.869548
v 11.047224 0.471482 -4.869548
v 11.067726 1.491688 -4.919045
v 11.067726 0.471482 -4.919045
v 11.047224 1.456688 -4.968543
v 11.047224 0.471482 -4.968543
v 10.997726 1.441688 -4.989045
v 10.997726 0.471482 -4.989045
v 10.948229 1.456688 -4.968543
v 10.948229 0.471482 -4.968543
v 10.927727 1.491688 -4.919045
v 10.927727 0.471482 -4.919045
v 10.948229 1.526688 -4.869548
v 10.948229 0.471482 -4.869548
v 10.997726 1.541688 -4.849045
v 10.997726 0.471482 -4.849045
v 10.997726 0.010258 -5.521623
v 10.997726 0.958259 -5.521623
v 10.948229 0.010258 -5.542126
v 10.948229 0.958259 -5.542126
v 10.927727 0.010258 -5.591623
v 10.927727 0.958259 -5.591623
v 10.948229 0.010258 -5.641121
v 10.948229 0.958259 -5.641121
v 10.997726 0.010258 -5.661623
v 10.997726 0.958259 -5.661623
v 11.047224 0.010258 -5.641121
v 11.047224 0.958259 -5.641121
v 11.067726 0.010258 -5.591623
v 11.067726 0.958259 -5.591623
v 11.047224 0.010258 -5.542126
v 11.047224 0.958259 -5.542126
v 10.997726 0.010258 -6.221623
v 10.997726 0.958259 -6.221623
v 10.948229 0.010258 -6.242126
v 10.948229 0.958259 -6.242126
v 10.927727 0.010258 -6.291623
v 10.927727 0.958259 -6.291623
v 10.948229 0.010258 -6.341121
v 10.948229 0.958259 -6.341121
v 10.997726 0.010258 -6.361623
v 10.997726 0.958259 -6.361623
v 11.047224 0.010258 -6.341121
v 11.047224 0.958259 -6.341121
v 11.067726 0.010258 -6.291623
v 11.067726 0.958259 -6.291623
v 11.047224 0.010258 -6.242126
v 11.047224 0.958259 -6.242126
v 10.997726 4.000651 -1.029552
v 10.997726 4.948652 -1.029552
v 10.948229 4.000651 -1.050054
v 10.948229 4.948652 -1.050054
v 10.927726 4.000651 -1.099552
v 10.927726 4.948652 -1.099552
v 10.948229 4.000651 -1.149049
v 10.948229 4.948652 -1.149049
v 10.997726 4.000651 -1.169552
v 10.997726 4.948652 -1.169552
v 11.047224 4.000651 -1.149049
v 11.047224 4.948652 -1.149049
v 11.067726 4.000651 -1.099552
v 11.067726 4.948652 -1.099552
v 11.047224 4.000651 -1.050054
v 11.047224 4.948652 -1.050054
v 10.997726 4.000651 -0.329552
v 10.997726 4.948652 -0.329552
v 10.948229 4.000651 -0.350054
v 10.948229 4.948652 -0.350054
v 10.927726 4.000651 -0.399552
v 10.927726 4.948652 -0.399552
v 10.948229 4.000651 -0.449049
v 10.948229 4.948652 -0.449049
v 10.997726 4.000651 -0.469552
v 10.997726 4.948652 -0.469552
v 11.047224 4.000651 -0.449049
v 11.047224 4.948652 -0.449049
v 11.067726 4.000651 -0.399552
v 11.067726 4.948652 -0.399552
v 11.047224 4.000651 -0.350054
v 11.047224 4.948652 -0.350054
vn -0.0000 1.0000 -0.0000
vn -1.0000 -0.0000 -0.0000
vn 1.0000 -0.0000 -0.0000
vn -0.0000 -0.0000 1.0000
vn -0.0154 0.9911 0.1321
vn -0.0000 -1.0000 -0.0000
vn 0.0154 0.9911 0.1321
vn -0.0000 -0.0000 -1.0000
vn -0.0154 0.9911 -0.1321
vn 0.0154 0.9911 -0.1321
vn -0.0000 -0.7071 0.7071
vn -0.0000 0.7071 -0.7071
vn -0.9999 -0.0000 -0.0141
vn 0.4849 -0.5527 0.6778
vn 0.0048 -0.7094 -0.7048
vn 0.4849 0.5527 0.6778
vn 0.3827 -0.0000 -0.9239
vn 0.9239 -0.0000 -0.3827
vn 0.9239 -0.0000 0.3827
vn 0.3827 -0.0000 0.9239
vn -0.3827 -0.0000 0.9239
vn -0.9239 -0.0000 0.3827
vn -0.9239 -0.0000 -0.3827
vn -0.3827 -0.0000 -0.9239
vn -0.9295 -0.0000 0.3689
vn -0.6182 0.7577 -0.2093
vn 0.9295 -0.0000 0.3689
vn 0.6182 -0.7577 -0.2093
vn -0.2358 -0.6872 0.6871
vn -0.2358 0.6872 0.6872
vn 0.6769 -0.6606 -0.3246
vn -0.0000 -0.8988 -0.4384
vn -0.6685 -0.6685 -0.3261
vn -0.0000 0.8988 0.4384
vn 0.6587 0.6753 0.3318
vn -0.6685 0.6685 0.3261
vn 0.0370 0.6821 0.7303
vn -0.7037 -0.7104 -0.0108
vn -0.7037 0.7104 -0.0108
vn 0.0370 -0.6821 0.7303
vn 0.0070 -0.0000 -1.0000
vn -0.0070 -0.0000 1.0000
vn -0.5553 0.5553 0.6191
vn 0.5553 -0.5553 -0.6191
vn -0.0000 -0.6677 -0.7444
vn -0.5553 -0.5553 -0.6191
vn -0.0000 0.6677 0.7444
vn 0.5553 0.5553 0.6191
vn -0.0000 -0.8944 -0.4472
vn -0.6667 -0.6667 -0.3333
vn -0.0000 0.8944 0.4472
vn 0.6667 0.6667 0.3333
vn -0.6667 0.6667 0.3333
vn 0.6667 -0.6667 -0.3333
vn -0.3969 -0.8221 -0.4083
vn -0.6976 -0.0000 -0.7164
vn -0.3969 0.8221 -0.4083
vn 0.0048 0.7094 -0.7048
vn -0.7071 0.7071 -0.0000
vn 0.7071 -0.7071 -0.0000
vn -0.7071 -0.7071 -0.0000
vn 0.7071 0.7071 -0.0000
vn 0.2358 -0.6872 0.6872
vn 0.2358 0.6872 0.6872
vn -0.0000 0.7071 0.7071
vn -0.7654 -0.0000 0.6436
vn 0.7654 -0.0000 0.6436
vn -0.6182 -0.7577 -0.2093
vn 0.6182 0.7577 -0.2093
vn -0.0000 -0.7071 -0.7071
vn -0.6181 0.7577 -0.2093
vn 0.6181 -0.7577 -0.2093
vn -0.2358 -0.6872 0.6872
vn 0.6769 -0.6607 -0.3246
vn -0.6684 0.6685 0.3261
vn -0.7653 -0.0000 0.6436
vn 0.9999 -0.0000 -0.0141
vn -0.4849 -0.5527 0.6778
vn -0.0048 -0.7094 -0.7048
vn -0.4849 0.5527 0.6778
vn 0.2358 -0.6872 0.6871
vn -0.6769 -0.6606 -0.3246
vn 0.6685 -0.6685 -0.3261
vn -0.6587 0.6753 0.3318
vn 0.6685 0.6685 0.3261
vn -0.0370 0.6821 0.7303
vn 0.7037 -0.7104 -0.0108
vn 0.7037 0.7104 -0.0108
vn -0.0370 -0.6821 0.7303
vn -0.0070 -0.0000 -1.0000
vn 0.0070 -0.0000 1.0000
vn 0.3969 -0.8221 -0.4083
vn 0.6976 -0.0000 -0.7164
vn 0.3969 0.8221 -0.4083
vn -0.0048 0.7094 -0.7048
vn 0.6181 0.7577 -0.2093
vn -0.6181 -0.7577 -0.2093
vn -0.6769 -0.6607 -0.3246
vn 0.6684 0.6685 0.3261
vn 0.7653 -0.0000 0.6436
vn -0.9999 -0.0000 0.0141
vn 0.4849 -0.5527 -0.6778
vn 0.0048 -0.7094 0.7048
vn 0.4849 0.5527 -0.6778
vn -0.9295 -0.0000 -0.3689
vn -0.6182 0.7577 0.2093
vn 0.9295 -0.0000 -0.3689
vn 0.6182 -0.7577 0.2093
vn -0.2358 -0.6872 -0.6871
vn -0.2358 0.6872 -0.6872
vn 0.6769 -0.6606 0.3246
vn -0.0000 -0.8988 0.4384
vn -0.6685 -0.6685 0.3261
vn -0.0000 0.8988 -0.4384
vn 0.6587 0.6753 -0.3318
vn -0.6685 0.6685 -0.3261
vn 0.0370 0.6821 -0.7303
vn -0.7037 -0.7104 0.0108
vn -0.7037 0.7104 0.0108
vn 0.0370 -0.6821 -0.7303
vn -0.5553 0.5553 -0.6191
vn 0.5553 -0.5553 0.6191
vn -0.0000 -0.6677 0.7444
vn -0.5553 -0.5553 0.6191
vn -0.0000 0.6677 -0.7444
vn 0.5553 0.5553 -0.6191
vn -0.0000 -0.8944 0.4472
vn -0.6667 -0.6667 0.3333
vn -0.0000 0.8944 -0.4472
vn 0.6667 0.6667 -0.3333
vn -0.6667 0.6667 -0.3333
vn 0.6667 -0.6667 0.3333
vn -0.3969 -0.8221 0.4083
vn -0.6976 -0.0000 0.7164
vn -0.3969 0.8221 0.4083
vn 0.0048 0.7094 0.7048
vn 0.2358 -0.6872 -0.6872
vn 0.2358 0.6872 -0.6872
vn -0.7654 -0.0000 -0.6436
vn 0.7654 -0.0000 -0.6436
vn -0.6182 -0.7577 0.2093
vn 0.6182 0.7577 0.2093
vn -0.6181 0.7577 0.2093
vn 0.6181 -0.7577 0.2093
vn -0.2358 -0.6872 -0.6872
vn 0.6769 -0.6607 0.3246
vn -0.6684 0.6685 -0.3261
vn -0.7653 -0.0000 -0.6436
vn 0.9999 -0.0000 0.0141
vn -0.4849 -0.5527 -0.6778
vn -0.0048 -0.7094 0.7048
vn -0.4849 0.5527 -0.6778
vn 0.2358 -0.6872 -0.6871
vn -0.6769 -0.6606 0.3246
vn 0.6685 -0.6685 0.3261
vn -0.6587 0.6753 -0.3318
vn 0.6685 0.6685 -0.3261
vn -0.0370 0.6821 -0.7303
vn 0.7037 -0.7104 0.0108
vn 0.7037 0.7104 0.0108
vn -0.0370 -0.6821 -0.7303
vn 0.3969 -0.8221 0.4083
vn 0.6976 -0.0000 0.7164
vn 0.3969 0.8221 0.4083
vn -0.0048 0.7094 0.7048
vn 0.6181 0.7577 0.2093
vn -0.6181 -0.7577 0.2093
vn -0.6769 -0.6607 0.3246
vn 0.6684 0.6685 -0.3261
vn 0.7653 -0.0000 -0.6436
vt 0.978312 0.969520
vt 0.898374 0.969520
vt 0.898374 0.914368
vt 0.978312 0.914368
vt 0.933807 0.936765
vt 0.941244 0.943831
vt 0.971986 0.903791
vt 0.948682 0.950897
vt 0.897914 0.943910
vt 0.977852 0.943910
vt 0.898374 0.903353
vt 0.978312 0.903353
vt 0.897914 0.943910
vt 0.898374 0.903353
vt 0.978312 0.903353
vt 0.977852 0.943910
vt 0.896618 0.903791
vt 0.904056 0.908502
vt 0.896618 0.908502
vt 0.904056 0.915568
vt 0.911494 0.915568
vt 0.970995 0.979159
vt 0.971986 0.979159
vt 0.970995 0.972094
vt 0.963557 0.965028
vt 0.963557 0.972094
vt 0.911494 0.922633
vt 0.918931 0.922633
vt 0.918931 0.929699
vt 0.926369 0.929699
vt 0.926369 0.936765
vt 0.933807 0.943831
vt 0.941244 0.950897
vt 0.948682 0.957962
vt 0.956119 0.957962
vt 0.956119 0.965028
vt 0.956119 0.965028
vt 0.956119 0.957962
vt 0.926369 0.929699
vt 0.971986 0.972094
vt 0.908561 0.954973
vt 0.908561 0.954217
vt 0.975798 0.954217
vt 0.975798 0.954973
vt 0.908561 0.958500
vt 0.975798 0.958500
vt 0.908561 0.950691
vt 0.975798 0.950691
vt 0.947818 0.859434
vt 0.906148 0.859434
vt 0.906148 0.855946
vt 0.947818 0.855946
vt 0.939645 0.815278
vt 0.980911 0.815278
vt 0.981017 0.819125
vt 0.939645 0.819125
vt 0.966144 0.807016
vt 0.966138 0.806335
vt 0.996538 0.805985
vt 0.996604 0.806726
vt 0.924356 0.887455
vt 0.912798 0.887073
vt 0.924356 0.883374
vt 0.982045 0.809160
vt 0.980813 0.814635
vt 0.954186 0.815540
vt 0.954091 0.808483
vt 0.937204 0.819967
vt 0.917382 0.815159
vt 0.893278 0.812295
vt 0.935995 0.878441
vt 0.888556 0.815783
vt 0.941818 0.821614
vt 0.940146 0.874290
vt 0.898343 0.887073
vt 0.886785 0.887455
vt 0.886785 0.883374
vt 0.941062 0.813436
vt 0.895076 0.813436
vt 0.895076 0.810661
vt 0.941062 0.810661
vt 0.939645 0.862715
vt 0.981017 0.862715
vt 0.975019 0.709573
vt 0.975019 0.776760
vt 0.965455 0.776760
vt 0.965455 0.709573
vt 0.955890 0.776760
vt 0.955890 0.709573
vt 0.946325 0.776760
vt 0.946325 0.709573
vt 0.936760 0.776760
vt 0.936760 0.709573
vt 0.927195 0.776760
vt 0.927195 0.709573
vt 0.917630 0.776760
vt 0.917630 0.709573
vt 0.908066 0.776760
vt 0.908066 0.709573
vt 0.898501 0.776760
vt 0.898501 0.709573
vt 0.945003 0.816035
vt 0.933040 0.816087
vt 0.934652 0.809069
vt 0.943305 0.809824
vt 0.927721 0.817630
vt 0.933144 0.884246
vt 0.945107 0.884195
vt 0.943495 0.891212
vt 0.934842 0.890457
vt 0.935530 0.821339
vt 0.942218 0.821311
vt 0.942617 0.878942
vt 0.935929 0.878970
vt 0.950425 0.882651
vt 0.950425 0.817600
vt 0.967184 0.876791
vt 0.969194 0.882564
vt 0.925959 0.882564
vt 0.923432 0.876791
vt 0.919501 0.814301
vt 0.922610 0.807928
vt 0.965715 0.807928
vt 0.962606 0.814301
vt 0.967183 0.811588
vt 0.923431 0.811589
vt 0.969710 0.805851
vt 0.925958 0.805852
vt 0.917499 0.877547
vt 0.917498 0.813172
vt 0.960695 0.813171
vt 0.960696 0.877546
vt 0.915003 0.883211
vt 0.958200 0.883210
vt 0.916791 0.897942
vt 0.920582 0.890172
vt 0.973136 0.890172
vt 0.969346 0.897942
vt 0.915513 0.807472
vt 0.958199 0.807472
vt 0.898343 0.891314
vt 0.886785 0.891415
vt 0.917438 0.808165
vt 0.894491 0.807559
vt 0.996725 0.814681
vt 0.947853 0.873492
vt 0.966224 0.815549
vt 0.924356 0.891415
vt 0.912798 0.891314
vt 0.884493 0.809801
vt 0.884486 0.809120
vt 0.921180 0.806903
vt 0.921186 0.807584
vt 0.911191 0.811298
vt 0.911573 0.807323
vt 0.977596 0.807323
vt 0.977214 0.811298
vt 0.971808 0.856920
vt 0.972139 0.860916
vt 0.915011 0.860916
vt 0.914680 0.856920
vt 0.902311 0.816583
vt 0.902770 0.810717
vt 0.986652 0.810717
vt 0.986194 0.816583
vt 0.971808 0.811637
vt 0.914680 0.811637
vt 0.972139 0.807641
vt 0.915011 0.807641
vt 0.911191 0.856331
vt 0.977214 0.856331
vt 0.911573 0.860305
vt 0.977597 0.860305
vt 0.891310 0.897085
vt 0.890794 0.893554
vt 0.985092 0.893554
vt 0.985608 0.897085
vt 0.958867 0.807193
vt 0.955723 0.813637
vt 0.912140 0.813637
vt 0.915283 0.807193
vt 0.956406 0.812999
vt 0.956406 0.877950
vt 0.912823 0.877951
vt 0.912822 0.812999
vt 0.958923 0.807284
vt 0.915339 0.807284
vt 0.915339 0.877986
vt 0.915339 0.813034
vt 0.958922 0.813034
vt 0.958923 0.877985
vt 0.912822 0.883701
vt 0.956406 0.883700
vt 0.913336 0.807284
vt 0.956404 0.807284
vt 0.958409 0.883701
vt 0.915341 0.883701
vt 0.958396 0.874541
vt 0.955252 0.880985
vt 0.911669 0.880985
vt 0.914812 0.874541
vt 0.921064 0.816199
vt 0.942216 0.859524
vt 0.938366 0.856497
vt 0.932367 0.855534
vt 0.995728 0.888191
vt 0.995787 0.891788
vt 0.904710 0.893276
vt 0.904651 0.889679
vt 0.990441 0.819926
vt 0.990441 0.825806
vt 0.894358 0.825806
vt 0.892335 0.819926
vt 0.892335 0.878705
vt 0.892335 0.884902
vt 0.988418 0.884902
vt 0.990441 0.878705
vt 0.990441 0.833161
vt 0.894358 0.833161
vt 0.892335 0.807959
vt 0.990441 0.807959
vt 0.892335 0.813840
vt 0.988418 0.813840
vt 0.892335 0.880468
vt 0.990441 0.813840
vt 0.990441 0.880468
vt 0.892335 0.886349
vt 0.988418 0.886349
vt 0.927721 0.882681
vt 0.906148 0.816423
vt 0.947818 0.816424
vt 0.941062 0.816487
vt 0.894958 0.816487
vt 0.982666 0.881827
vt 0.942107 0.881827
vt 0.942107 0.872638
vt 0.982666 0.872638
vt 0.982666 0.890187
vt 0.942107 0.890187
vt 0.917499 0.877547
s 0
f 6/1/1 3/2/1 8/3/1 28/4/1
f 17/5/2 19/6/2 2/7/2
f 5/7/3 36/8/3 38/6/3
f 28/4/4 8/3/4 27/9/4 30/10/4
f 30/10/5 27/9/5 26/11/5 31/12/5
f 31/12/4 26/11/4 25/9/4 32/10/4
f 32/10/1 25/9/1 24/11/1 33/12/1
f 33/12/4 24/11/4 23/9/4 34/10/4
f 34/10/1 23/9/1 22/11/1 35/12/1
f 35/12/4 22/11/4 21/13/4 36/10/4
f 36/10/1 21/13/1 20/14/1 37/12/1
f 37/12/4 20/14/4 19/13/4 38/10/4
f 38/10/1 19/13/1 18/11/1 39/12/1
f 39/12/4 18/11/4 17/9/4 40/10/4
f 40/10/1 17/9/1 16/14/1 41/15/1
f 41/15/4 16/14/4 15/13/4 42/16/4
f 42/16/1 15/13/1 14/11/1 43/12/1
f 43/12/4 14/11/4 13/9/4 44/16/4
f 44/16/1 13/9/1 12/11/1 45/15/1
f 45/15/4 12/11/4 11/9/4 46/10/4
f 46/10/1 11/9/1 10/11/1 47/15/1
f 47/15/4 10/11/4 9/9/4 48/16/4
f 48/16/1 9/9/1 7/11/1 29/12/1
f 4/16/4 29/12/4 7/11/4 1/13/4
f 2/7/2 1/17/2 9/18/2
f 1/17/2 7/19/2 9/18/2
f 9/18/2 10/20/2 11/21/2
f 8/22/2 3/23/2 27/24/2
f 3/23/2 2/7/2 27/24/2
f 25/25/2 26/26/2 27/24/2
f 2/7/2 9/18/2 11/21/2
f 11/21/2 12/27/2 13/28/2
f 13/28/2 14/29/2 15/30/2
f 15/30/2 16/31/2 17/5/2
f 17/5/2 18/32/2 19/6/2
f 19/6/2 20/33/2 21/8/2
f 21/8/2 22/34/2 23/35/2
f 23/35/2 24/36/2 25/25/2
f 25/25/2 27/24/2 2/7/2
f 2/7/2 11/21/2 13/28/2
f 2/7/2 13/28/2 15/30/2
f 23/35/2 25/25/2 2/7/2
f 21/8/2 23/35/2 2/7/2
f 2/7/2 15/30/2 17/5/2
f 19/6/2 21/8/2 2/7/2
f 30/24/3 31/26/3 32/25/3
f 29/19/3 4/17/3 48/18/3
f 4/17/3 5/7/3 48/18/3
f 46/21/3 47/20/3 48/18/3
f 5/7/3 30/24/3 32/25/3
f 32/25/3 33/37/3 34/38/3
f 34/38/3 35/34/3 36/8/3
f 36/8/3 37/33/3 38/6/3
f 38/6/3 39/32/3 40/5/3
f 40/5/3 41/31/3 42/39/3
f 42/39/3 43/29/3 44/28/3
f 44/28/3 45/27/3 46/21/3
f 46/21/3 48/18/3 5/7/3
f 5/7/3 32/25/3 34/38/3
f 5/7/3 34/38/3 36/8/3
f 44/28/3 46/21/3 5/7/3
f 38/6/3 40/5/3 5/7/3
f 40/5/3 42/39/3 5/7/3
f 42/39/3 44/28/3 5/7/3
f 49/40/3 30/24/3 5/7/3
f 28/41/4 30/42/4 50/43/4 51/44/4
f 6/45/1 28/41/1 51/44/1 52/46/1
f 30/42/6 49/47/6 53/48/6 50/43/6
f 59/1/1 81/4/1 61/3/1 56/2/1
f 70/5/3 55/7/3 72/6/3
f 58/7/2 91/6/2 89/8/2
f 81/4/4 83/10/4 80/9/4 61/3/4
f 83/10/7 84/12/7 79/11/7 80/9/7
f 84/12/4 85/10/4 78/9/4 79/11/4
f 85/10/1 86/12/1 77/11/1 78/9/1
f 86/12/4 87/10/4 76/9/4 77/11/4
f 87/10/1 88/12/1 75/11/1 76/9/1
f 88/12/4 89/10/4 74/13/4 75/11/4
f 89/10/1 90/12/1 73/14/1 74/13/1
f 90/12/4 91/10/4 72/13/4 73/14/4
f 91/10/1 92/12/1 71/11/1 72/13/1
f 92/12/4 93/10/4 70/9/4 71/11/4
f 93/10/1 94/15/1 69/14/1 70/9/1
f 94/15/4 95/16/4 68/13/4 69/14/4
f 95/16/1 96/12/1 67/11/1 68/13/1
f 96/12/4 97/16/4 66/9/4 67/11/4
f 97/16/1 98/15/1 65/11/1 66/9/1
f 98/15/4 99/10/4 64/9/4 65/11/4
f 99/10/1 100/15/1 63/11/1 64/9/1
f 100/15/4 101/16/4 62/9/4 63/11/4
f 101/16/1 82/12/1 60/11/1 62/9/1
f 57/16/4 54/13/4 60/11/4 82/12/4
f 55/7/3 62/18/3 54/17/3
f 54/17/3 62/18/3 60/19/3
f 62/18/3 64/21/3 63/20/3
f 61/22/3 80/24/3 56/23/3
f 56/23/3 80/24/3 55/7/3
f 78/25/3 80/24/3 79/26/3
f 55/7/3 64/21/3 62/18/3
f 64/21/3 66/28/3 65/27/3
f 66/28/3 68/30/3 67/29/3
f 68/30/3 70/5/3 69/31/3
f 70/5/3 72/6/3 71/32/3
f 72/6/3 74/8/3 73/33/3
f 74/8/3 76/35/3 75/34/3
f 76/35/3 78/25/3 77/36/3
f 78/25/3 55/7/3 80/24/3
f 55/7/3 66/28/3 64/21/3
f 55/7/3 68/30/3 66/28/3
f 76/35/3 55/7/3 78/25/3
f 74/8/3 55/7/3 76/35/3
f 55/7/3 70/5/3 68/30/3
f 72/6/3 55/7/3 74/8/3
f 83/24/2 85/25/2 84/26/2
f 82/19/2 101/18/2 57/17/2
f 57/17/2 101/18/2 58/7/2
f 99/21/2 101/18/2 100/20/2
f 58/7/2 85/25/2 83/24/2
f 85/25/2 87/38/2 86/37/2
f 87/38/2 89/8/2 88/34/2
f 89/8/2 91/6/2 90/33/2
f 91/6/2 93/5/2 92/32/2
f 93/5/2 95/39/2 94/31/2
f 95/39/2 97/28/2 96/29/2
f 97/28/2 99/21/2 98/27/2
f 99/21/2 58/7/2 101/18/2
f 58/7/2 87/38/2 85/25/2
f 58/7/2 89/8/2 87/38/2
f 97/28/2 58/7/2 99/21/2
f 91/6/2 58/7/2 93/5/2
f 93/5/2 58/7/2 95/39/2
f 95/39/2 58/7/2 97/28/2
f 102/40/2 58/7/2 83/24/2
f 81/41/4 51/44/4 50/43/4 83/42/4
f 59/45/1 52/46/1 51/44/1 81/41/1
f 83/42/6 50/43/6 53/48/6 102/47/6
f 6/1/1 126/4/1 106/3/1 3/2/1
f 115/5/2 2/7/2 117/6/2
f 5/7/3 136/6/3 134/8/3
f 126/4/8 128/10/8 125/9/8 106/3/8
f 128/10/9 129/12/9 124/11/9 125/9/9
f 129/12/8 130/10/8 123/9/8 124/11/8
f 130/10/1 131/12/1 122/11/1 123/9/1
f 131/12/8 132/10/8 121/9/8 122/11/8
f 132/10/1 133/12/1 120/11/1 121/9/1
f 133/12/8 134/10/8 119/13/8 120/11/8
f 134/10/1 135/12/1 118/14/1 119/13/1
f 135/12/8 136/10/8 117/13/8 118/14/8
f 136/10/1 137/12/1 116/11/1 117/13/1
f 137/12/8 138/10/8 115/9/8 116/11/8
f 138/10/1 139/15/1 114/14/1 115/9/1
f 139/15/8 140/16/8 113/13/8 114/14/8
f 140/16/1 141/12/1 112/11/1 113/13/1
f 141/12/8 142/16/8 111/9/8 112/11/8
f 142/16/1 143/15/1 110/11/1 111/9/1
f 143/15/8 144/10/8 109/9/8 110/11/8
f 144/10/1 145/15/1 108/11/1 109/9/1
f 145/15/8 146/16/8 107/9/8 108/11/8
f 146/16/1 127/12/1 105/11/1 107/9/1
f 104/16/8 103/13/8 105/11/8 127/12/8
f 2/7/2 107/18/2 103/17/2
f 103/17/2 107/18/2 105/19/2
f 107/18/2 109/21/2 108/20/2
f 106/22/2 125/24/2 3/23/2
f 3/23/2 125/24/2 2/7/2
f 123/25/2 125/24/2 124/26/2
f 2/7/2 109/21/2 107/18/2
f 109/21/2 111/28/2 110/27/2
f 111/28/2 113/30/2 112/29/2
f 113/30/2 115/5/2 114/31/2
f 115/5/2 117/6/2 116/32/2
f 117/6/2 119/8/2 118/33/2
f 119/8/2 121/35/2 120/34/2
f 121/35/2 123/25/2 122/36/2
f 123/25/2 2/7/2 125/24/2
f 2/7/2 111/28/2 109/21/2
f 2/7/2 113/30/2 111/28/2
f 121/35/2 2/7/2 123/25/2
f 119/8/2 2/7/2 121/35/2
f 2/7/2 115/5/2 113/30/2
f 117/6/2 2/7/2 119/8/2
f 128/24/3 130/25/3 129/26/3
f 127/19/3 146/18/3 104/17/3
f 104/17/3 146/18/3 5/7/3
f 144/21/3 146/18/3 145/20/3
f 5/7/3 130/25/3 128/24/3
f 130/25/3 132/38/3 131/37/3
f 132/38/3 134/8/3 133/34/3
f 134/8/3 136/6/3 135/33/3
f 136/6/3 138/5/3 137/32/3
f 138/5/3 140/39/3 139/31/3
f 140/39/3 142/28/3 141/29/3
f 142/28/3 144/21/3 143/27/3
f 144/21/3 5/7/3 146/18/3
f 5/7/3 132/38/3 130/25/3
f 5/7/3 134/8/3 132/38/3
f 142/28/3 5/7/3 144/21/3
f 136/6/3 5/7/3 138/5/3
f 138/5/3 5/7/3 140/39/3
f 140/39/3 5/7/3 142/28/3
f 49/40/3 5/7/3 128/24/3
f 126/41/8 148/44/8 147/43/8 128/42/8
f 6/45/1 52/46/1 148/44/1 126/41/1
f 128/42/6 147/43/6 53/48/6 49/47/6
f 59/1/1 56/2/1 152/3/1 172/4/1
f 161/5/3 163/6/3 55/7/3
f 58/7/2 180/8/2 182/6/2
f 172/4/8 152/3/8 171/9/8 174/10/8
f 174/10/10 171/9/10 170/11/10 175/12/10
f 175/12/8 170/11/8 169/9/8 176/10/8
f 176/10/1 169/9/1 168/11/1 177/12/1
f 177/12/8 168/11/8 167/9/8 178/10/8
f 178/10/1 167/9/1 166/11/1 179/12/1
f 179/12/8 166/11/8 165/13/8 180/10/8
f 180/10/1 165/13/1 164/14/1 181/12/1
f 181/12/8 164/14/8 163/13/8 182/10/8
f 182/10/1 163/13/1 162/11/1 183/12/1
f 183/12/8 162/11/8 161/9/8 184/10/8
f 184/10/1 161/9/1 160/14/1 185/15/1
f 185/15/8 160/14/8 159/13/8 186/16/8
f 186/16/1 159/13/1 158/11/1 187/12/1
f 187/12/8 158/11/8 157/9/8 188/16/8
f 188/16/1 157/9/1 156/11/1 189/15/1
f 189/15/8 156/11/8 155/9/8 190/10/8
f 190/10/1 155/9/1 154/11/1 191/15/1
f 191/15/8 154/11/8 153/9/8 192/16/8
f 192/16/1 153/9/1 151/11/1 173/12/1
f 150/16/8 173/12/8 151/11/8 149/13/8
f 55/7/3 149/17/3 153/18/3
f 149/17/3 151/19/3 153/18/3
f 153/18/3 154/20/3 155/21/3
f 152/22/3 56/23/3 171/24/3
f 56/23/3 55/7/3 171/24/3
f 169/25/3 170/26/3 171/24/3
f 55/7/3 153/18/3 155/21/3
f 155/21/3 156/27/3 157/28/3
f 157/28/3 158/29/3 159/30/3
f 159/30/3 160/31/3 161/5/3
f 161/5/3 162/32/3 163/6/3
f 163/6/3 164/33/3 165/8/3
f 165/8/3 166/34/3 167/35/3
f 167/35/3 168/36/3 169/25/3
f 169/25/3 171/24/3 55/7/3
f 55/7/3 155/21/3 157/28/3
f 55/7/3 157/28/3 159/30/3
f 167/35/3 169/25/3 55/7/3
f 165/8/3 167/35/3 55/7/3
f 55/7/3 159/30/3 161/5/3
f 163/6/3 165/8/3 55/7/3
f 174/24/2 175/26/2 176/25/2
f 173/19/2 150/17/2 192/18/2
f 150/17/2 58/7/2 192/18/2
f 190/21/2 191/20/2 192/18/2
f 58/7/2 174/24/2 176/25/2
f 176/25/2 177/37/2 178/38/2
f 178/38/2 179/34/2 180/8/2
f 180/8/2 181/33/2 182/6/2
f 182/6/2 183/32/2 184/5/2
f 184/5/2 185/31/2 186/39/2
f 186/39/2 187/29/2 188/28/2
f 188/28/2 189/27/2 190/21/2
f 190/21/2 192/18/2 58/7/2
f 58/7/2 176/25/2 178/38/2
f 58/7/2 178/38/2 180/8/2
f 188/28/2 190/21/2 58/7/2
f 182/6/2 184/5/2 58/7/2
f 184/5/2 186/39/2 58/7/2
f 186/39/2 188/28/2 58/7/2
f 102/40/2 174/24/2 58/7/2
f 172/41/8 174/42/8 147/43/8 148/44/8
f 59/45/1 172/41/1 148/44/1 52/46/1
f 174/42/6 102/47/6 53/48/6 147/43/6
f 521/49/11 195/50/11 199/51/11 524/52/11
f 522/53/12 194/54/12 198/55/12 519/56/12
f 363/57/13 365/58/13 329/59/13 330/60/13
f 345/61/14 332/62/14 341/63/14
f 193/64/15 197/65/15 368/66/15 366/67/15
f 197/65/6 369/68/6 368/66/6
f 367/69/6 369/68/6 334/70/6
f 200/71/1 198/72/1 372/73/1 346/74/1
f 331/75/16 346/76/16 343/77/16
f 518/78/8 193/79/8 194/80/8 522/81/8
f 520/82/1 519/56/1 198/55/1 200/83/1
f 201/84/17 202/85/17 204/86/17 203/87/17
f 203/87/18 204/86/18 206/88/18 205/89/18
f 205/89/19 206/88/19 208/90/19 207/91/19
f 207/91/20 208/90/20 210/92/20 209/93/20
f 209/93/21 210/92/21 212/94/21 211/95/21
f 211/95/22 212/94/22 214/96/22 213/97/22
f 213/97/23 214/96/23 216/98/23 215/99/23
f 215/99/24 216/98/24 202/100/24 201/101/24
f 217/84/17 218/85/17 220/86/17 219/87/17
f 219/87/18 220/86/18 222/88/18 221/89/18
f 221/89/19 222/88/19 224/90/19 223/91/19
f 223/91/20 224/90/20 226/92/20 225/93/20
f 225/93/21 226/92/21 228/94/21 227/95/21
f 227/95/22 228/94/22 230/96/22 229/97/22
f 229/97/23 230/96/23 232/98/23 231/99/23
f 231/99/24 232/98/24 218/100/24 217/101/24
f 233/84/17 234/85/17 236/86/17 235/87/17
f 235/87/18 236/86/18 238/88/18 237/89/18
f 237/89/19 238/88/19 240/90/19 239/91/19
f 239/91/20 240/90/20 242/92/20 241/93/20
f 241/93/21 242/92/21 244/94/21 243/95/21
f 243/95/22 244/94/22 246/96/22 245/97/22
f 245/97/23 246/96/23 248/98/23 247/99/23
f 247/99/24 248/98/24 234/100/24 233/101/24
f 249/84/17 250/85/17 252/86/17 251/87/17
f 251/87/18 252/86/18 254/88/18 253/89/18
f 253/89/19 254/88/19 256/90/19 255/91/19
f 255/91/20 256/90/20 258/92/20 257/93/20
f 257/93/21 258/92/21 260/94/21 259/95/21
f 259/95/22 260/94/22 262/96/22 261/97/22
f 261/97/23 262/96/23 264/98/23 263/99/23
f 263/99/24 264/98/24 250/100/24 249/101/24
f 265/84/17 266/85/17 268/86/17 267/87/17
f 267/87/18 268/86/18 270/88/18 269/89/18
f 269/89/19 270/88/19 272/90/19 271/91/19
f 271/91/20 272/90/20 274/92/20 273/93/20
f 273/93/21 274/92/21 276/94/21 275/95/21
f 275/95/22 276/94/22 278/96/22 277/97/22
f 277/97/23 278/96/23 280/98/23 279/99/23
f 279/99/24 280/98/24 266/100/24 265/101/24
f 281/84/17 282/85/17 284/86/17 283/87/17
f 283/87/18 284/86/18 286/88/18 285/89/18
f 285/89/19 286/88/19 288/90/19 287/91/19
f 287/91/20 288/90/20 290/92/20 289/93/20
f 289/93/21 290/92/21 292/94/21 291/95/21
f 291/95/22 292/94/22 294/96/22 293/97/22
f 293/97/23 294/96/23 296/98/23 295/99/23
f 295/99/24 296/98/24 282/100/24 281/101/24
f 297/84/17 298/85/17 300/86/17 299/87/17
f 299/87/18 300/86/18 302/88/18 301/89/18
f 301/89/19 302/88/19 304/90/19 303/91/19
f 303/91/20 304/90/20 306/92/20 305/93/20
f 305/93/21 306/92/21 308/94/21 307/95/21
f 307/95/22 308/94/22 310/96/22 309/97/22
f 309/97/23 310/96/23 312/98/23 311/99/23
f 311/99/24 312/98/24 298/100/24 297/101/24
f 313/84/17 314/85/17 316/86/17 315/87/17
f 315/87/18 316/86/18 318/88/18 317/89/18
f 317/89/19 318/88/19 320/90/19 319/91/19
f 319/91/20 320/90/20 322/92/20 321/93/20
f 321/93/21 322/92/21 324/94/21 323/95/21
f 323/95/22 324/94/22 326/96/22 325/97/22
f 325/97/23 326/96/23 328/98/23 327/99/23
f 327/99/24 328/98/24 314/100/24 313/101/24
f 357/102/25 362/103/25 335/104/25 333/105/25
f 362/103/26 382/106/26 335/104/26
f 386/107/27 383/108/27 355/109/27 337/110/27
f 381/111/4 360/112/4 384/113/4 388/114/4
f 383/108/28 385/115/28 355/109/28
f 358/116/29 360/112/29 357/102/29
f 381/111/30 382/106/30 362/103/30
f 341/117/31 332/118/31 350/119/31 353/120/31
f 330/121/2 329/122/2 347/123/2 348/124/2
f 334/125/32 341/117/32 353/120/32 351/126/32
f 329/127/33 334/125/33 351/126/33 347/128/33
f 343/129/34 338/130/34 352/131/34 354/132/34
f 331/133/35 343/129/35 354/132/35 349/134/35
f 332/135/3 331/136/3 349/137/3 350/138/3
f 338/130/36 330/139/36 348/140/36 352/131/36
f 196/141/37 200/142/37 346/76/37 331/75/37
f 365/143/38 367/69/38 334/70/38 329/144/38
f 346/74/1 372/73/1 338/145/1 343/146/1
f 371/147/39 363/57/39 330/60/39 338/145/39
f 199/148/40 195/149/40 332/62/40 345/61/40
f 194/150/41 193/151/41 366/152/41 364/153/41
f 195/149/42 196/141/42 331/75/42 332/62/42
f 352/154/43 348/155/43 342/156/43 356/157/43
f 353/158/44 350/159/44 339/160/44 359/161/44
f 348/162/2 347/163/2 344/164/2 342/165/2
f 351/166/45 353/158/45 359/161/45 336/167/45
f 347/168/46 351/166/46 336/167/46 344/169/46
f 354/170/47 352/154/47 356/157/47 361/171/47
f 349/172/48 354/170/48 361/171/48 340/173/48
f 350/174/3 349/175/3 340/176/3 339/177/3
f 342/178/2 344/179/2 377/180/2 376/181/2
f 336/182/49 359/183/49 379/184/49 373/185/49
f 344/186/50 336/182/50 373/185/50 377/187/50
f 361/188/51 356/189/51 378/190/51 380/191/51
f 340/192/52 361/188/52 380/191/52 375/193/52
f 356/189/53 342/194/53 376/195/53 378/190/53
f 359/183/54 339/196/54 374/197/54 379/184/54
f 339/198/3 340/199/3 375/200/3 374/201/3
f 367/69/6 368/66/6 369/68/6
f 370/202/1 371/147/1 372/73/1
f 367/69/55 365/143/55 366/67/55 368/66/55
f 365/58/56 363/57/56 364/153/56 366/152/56
f 363/57/57 371/147/57 370/202/57 364/153/57
f 198/72/58 194/150/58 364/153/58 370/202/58
f 372/73/1 198/72/1 370/202/1
f 338/145/1 372/73/1 371/147/1
f 369/68/6 197/65/6 199/203/6 345/204/6
f 334/70/6 369/68/6 345/204/6 341/205/6
f 374/206/3 375/207/3 337/208/3 355/209/3
f 378/210/59 376/211/59 335/212/59 382/213/59
f 379/214/60 374/215/60 355/216/60 385/217/60
f 376/211/2 377/218/2 333/219/2 335/212/2
f 373/220/6 379/214/6 385/217/6 358/221/6
f 377/222/61 373/220/61 358/221/61 333/223/61
f 380/224/1 378/222/1 382/225/1 387/226/1
f 375/227/62 380/224/62 387/226/62 337/228/62
f 384/113/63 385/115/63 383/108/63
f 387/229/64 388/114/64 386/107/64
f 384/113/11 360/112/11 358/116/11 385/115/11
f 381/111/65 388/114/65 387/229/65 382/106/65
f 362/103/66 357/102/66 360/112/66 381/111/66
f 383/108/67 386/107/67 388/114/67 384/113/67
f 333/105/68 358/116/68 357/102/68
f 337/110/69 387/229/69 386/107/69
f 389/84/17 390/85/17 392/86/17 391/87/17
f 391/87/18 392/86/18 394/88/18 393/89/18
f 393/89/19 394/88/19 396/90/19 395/91/19
f 395/91/20 396/90/20 398/92/20 397/93/20
f 397/93/21 398/92/21 400/94/21 399/95/21
f 399/95/22 400/94/22 402/96/22 401/97/22
f 401/97/23 402/96/23 404/98/23 403/99/23
f 403/99/24 404/98/24 390/100/24 389/101/24
f 406/99/24 405/98/24 419/100/24 420/101/24
f 408/97/23 407/96/23 405/98/23 406/99/23
f 410/95/22 409/94/22 407/96/22 408/97/22
f 412/93/21 411/92/21 409/94/21 410/95/21
f 414/91/20 413/90/20 411/92/20 412/93/20
f 416/89/19 415/88/19 413/90/19 414/91/19
f 418/87/18 417/86/18 415/88/18 416/89/18
f 420/84/17 419/85/17 417/86/17 418/87/17
f 422/99/24 421/98/24 435/100/24 436/101/24
f 424/97/23 423/96/23 421/98/23 422/99/23
f 426/95/22 425/94/22 423/96/22 424/97/22
f 428/93/21 427/92/21 425/94/21 426/95/21
f 430/91/20 429/90/20 427/92/20 428/93/20
f 432/89/19 431/88/19 429/90/19 430/91/19
f 434/87/18 433/86/18 431/88/18 432/89/18
f 436/84/17 435/85/17 433/86/17 434/87/17
f 438/99/24 437/98/24 451/100/24 452/101/24
f 440/97/23 439/96/23 437/98/23 438/99/23
f 442/95/22 441/94/22 439/96/22 440/97/22
f 444/93/21 443/92/21 441/94/21 442/95/21
f 446/91/20 445/90/20 443/92/20 444/93/20
f 448/89/19 447/88/19 445/90/19 446/91/19
f 450/87/18 449/86/18 447/88/18 448/89/18
f 452/84/17 451/85/17 449/86/17 450/87/17
f 454/99/24 453/98/24 467/100/24 468/101/24
f 456/97/23 455/96/23 453/98/23 454/99/23
f 458/95/22 457/94/22 455/96/22 456/97/22
f 460/93/21 459/92/21 457/94/21 458/95/21
f 462/91/20 461/90/20 459/92/20 460/93/20
f 464/89/19 463/88/19 461/90/19 462/91/19
f 466/87/18 465/86/18 463/88/18 464/89/18
f 468/84/17 467/85/17 465/86/17 466/87/17
f 469/84/17 470/85/17 472/86/17 471/87/17
f 471/87/18 472/86/18 474/88/18 473/89/18
f 473/89/19 474/88/19 476/90/19 475/91/19
f 475/91/20 476/90/20 478/92/20 477/93/20
f 477/93/21 478/92/21 480/94/21 479/95/21
f 479/95/22 480/94/22 482/96/22 481/97/22
f 481/97/23 482/96/23 484/98/23 483/99/23
f 483/99/24 484/98/24 470/100/24 469/101/24
f 485/84/17 486/85/17 488/86/17 487/87/17
f 487/87/18 488/86/18 490/88/18 489/89/18
f 489/89/19 490/88/19 492/90/19 491/91/19
f 491/91/20 492/90/20 494/92/20 493/93/20
f 493/93/21 494/92/21 496/94/21 495/95/21
f 495/95/22 496/94/22 498/96/22 497/97/22
f 497/97/23 498/96/23 500/98/23 499/99/23
f 499/99/24 500/98/24 486/100/24 485/101/24
f 501/84/17 502/85/17 504/86/17 503/87/17
f 503/87/18 504/86/18 506/88/18 505/89/18
f 505/89/19 506/88/19 508/90/19 507/91/19
f 507/91/20 508/90/20 510/92/20 509/93/20
f 509/93/21 510/92/21 512/94/21 511/95/21
f 511/95/22 512/94/22 514/96/22 513/97/22
f 513/97/23 514/96/23 516/98/23 515/99/23
f 515/99/24 516/98/24 502/100/24 501/101/24
f 197/230/6 523/231/6 524/52/6 199/51/6
f 193/79/70 518/78/70 523/232/70 197/233/70
f 196/234/65 517/235/65 520/236/65 200/237/65
f 195/238/4 521/239/4 517/235/4 196/234/4
f 551/102/25 556/103/25 531/104/25 529/105/25
f 556/103/71 566/106/71 531/104/71
f 570/107/27 567/108/27 549/109/27 533/110/27
f 565/111/4 554/112/4 568/113/4 572/114/4
f 567/108/72 569/115/72 549/109/72
f 552/116/73 554/112/73 551/102/73
f 565/111/30 566/106/30 556/103/30
f 537/117/74 528/118/74 544/119/74 547/120/74
f 526/121/2 525/122/2 541/123/2 542/124/2
f 530/125/32 537/117/32 547/120/32 545/126/32
f 525/127/33 530/125/33 545/126/33 541/128/33
f 539/129/34 534/130/34 546/131/34 548/132/34
f 527/133/35 539/129/35 548/132/35 543/134/35
f 528/135/3 527/136/3 543/137/3 544/138/3
f 534/130/75 526/139/75 542/140/75 546/131/75
f 546/154/43 542/155/43 538/156/43 550/157/43
f 547/158/44 544/159/44 535/160/44 553/161/44
f 542/162/2 541/163/2 540/164/2 538/165/2
f 545/166/45 547/158/45 553/161/45 532/167/45
f 541/168/46 545/166/46 532/167/46 540/169/46
f 548/170/47 546/154/47 550/157/47 555/171/47
f 543/172/48 548/170/48 555/171/48 536/173/48
f 544/174/3 543/175/3 536/176/3 535/177/3
f 538/178/2 540/179/2 561/180/2 560/181/2
f 532/182/49 553/183/49 563/184/49 557/185/49
f 540/186/50 532/182/50 557/185/50 561/187/50
f 555/188/51 550/189/51 562/190/51 564/191/51
f 536/192/52 555/188/52 564/191/52 559/193/52
f 550/189/53 538/194/53 560/195/53 562/190/53
f 553/183/54 535/196/54 558/197/54 563/184/54
f 535/198/3 536/199/3 559/200/3 558/201/3
f 558/206/3 559/207/3 533/208/3 549/209/3
f 562/210/59 560/211/59 531/212/59 566/213/59
f 563/214/60 558/215/60 549/216/60 569/217/60
f 560/211/2 561/218/2 529/219/2 531/212/2
f 557/220/6 563/214/6 569/217/6 552/221/6
f 561/222/61 557/220/61 552/221/61 529/223/61
f 564/224/1 562/222/1 566/225/1 571/226/1
f 559/227/62 564/224/62 571/226/62 533/228/62
f 568/113/63 569/115/63 567/108/63
f 571/229/64 572/114/64 570/107/64
f 568/113/11 554/112/11 552/116/11 569/115/11
f 565/111/65 572/114/65 571/229/65 566/106/65
f 556/103/76 551/102/76 554/112/76 565/111/76
f 567/108/67 570/107/67 572/114/67 568/113/67
f 529/105/68 552/116/68 551/102/68
f 533/110/69 571/229/69 570/107/69
f 573/84/17 574/85/17 576/86/17 575/87/17
f 575/87/18 576/86/18 578/88/18 577/89/18
f 577/89/19 578/88/19 580/90/19 579/91/19
f 579/91/20 580/90/20 582/92/20 581/93/20
f 581/93/21 582/92/21 584/94/21 583/95/21
f 583/95/22 584/94/22 586/96/22 585/97/22
f 585/97/23 586/96/23 588/98/23 587/99/23
f 587/99/24 588/98/24 574/100/24 573/101/24
f 590/99/24 589/98/24 603/100/24 604/101/24
f 592/97/23 591/96/23 589/98/23 590/99/23
f 594/95/22 593/94/22 591/96/22 592/97/22
f 596/93/21 595/92/21 593/94/21 594/95/21
f 598/91/20 597/90/20 595/92/20 596/93/20
f 600/89/19 599/88/19 597/90/19 598/91/19
f 602/87/18 601/86/18 599/88/18 600/89/18
f 604/84/17 603/85/17 601/86/17 602/87/17
f 606/99/24 605/98/24 619/100/24 620/101/24
f 608/97/23 607/96/23 605/98/23 606/99/23
f 610/95/22 609/94/22 607/96/22 608/97/22
f 612/93/21 611/92/21 609/94/21 610/95/21
f 614/91/20 613/90/20 611/92/20 612/93/20
f 616/89/19 615/88/19 613/90/19 614/91/19
f 618/87/18 617/86/18 615/88/18 616/89/18
f 620/84/17 619/85/17 617/86/17 618/87/17
f 622/99/24 621/98/24 635/100/24 636/101/24
f 624/97/23 623/96/23 621/98/23 622/99/23
f 626/95/22 625/94/22 623/96/22 624/97/22
f 628/93/21 627/92/21 625/94/21 626/95/21
f 630/91/20 629/90/20 627/92/20 628/93/20
f 632/89/19 631/88/19 629/90/19 630/91/19
f 634/87/18 633/86/18 631/88/18 632/89/18
f 636/84/17 635/85/17 633/86/17 634/87/17
f 638/99/24 637/98/24 651/100/24 652/101/24
f 640/97/23 639/96/23 637/98/23 638/99/23
f 642/95/22 641/94/22 639/96/22 640/97/22
f 644/93/21 643/92/21 641/94/21 642/95/21
f 646/91/20 645/90/20 643/92/20 644/93/20
f 648/89/19 647/88/19 645/90/19 646/91/19
f 650/87/18 649/86/18 647/88/18 648/89/18
f 652/84/17 651/85/17 649/86/17 650/87/17
f 653/84/17 654/85/17 656/86/17 655/87/17
f 655/87/18 656/86/18 658/88/18 657/89/18
f 657/89/19 658/88/19 660/90/19 659/91/19
f 659/91/20 660/90/20 662/92/20 661/93/20
f 661/93/21 662/92/21 664/94/21 663/95/21
f 663/95/22 664/94/22 666/96/22 665/97/22
f 665/97/23 666/96/23 668/98/23 667/99/23
f 667/99/24 668/98/24 654/100/24 653/101/24
f 669/84/17 670/85/17 672/86/17 671/87/17
f 671/87/18 672/86/18 674/88/18 673/89/18
f 673/89/19 674/88/19 676/90/19 675/91/19
f 675/91/20 676/90/20 678/92/20 677/93/20
f 677/93/21 678/92/21 680/94/21 679/95/21
f 679/95/22 680/94/22 682/96/22 681/97/22
f 681/97/23 682/96/23 684/98/23 683/99/23
f 683/99/24 684/98/24 670/100/24 669/101/24
f 527/136/3 528/135/3 686/135/3 685/136/3
f 687/84/17 688/85/17 690/86/17 689/87/17
f 689/87/18 690/86/18 692/88/18 691/89/18
f 691/89/19 692/88/19 694/90/19 693/91/19
f 693/91/20 694/90/20 696/92/20 695/93/20
f 695/93/21 696/92/21 698/94/21 697/95/21
f 697/95/22 698/94/22 700/96/22 699/97/22
f 699/97/23 700/96/23 702/98/23 701/99/23
f 701/99/24 702/98/24 688/100/24 687/101/24
f 703/84/17 704/85/17 706/86/17 705/87/17
f 705/87/18 706/86/18 708/88/18 707/89/18
f 707/89/19 708/88/19 710/90/19 709/91/19
f 709/91/20 710/90/20 712/92/20 711/93/20
f 711/93/21 712/92/21 714/94/21 713/95/21
f 713/95/22 714/94/22 716/96/22 715/97/22
f 715/97/23 716/96/23 718/98/23 717/99/23
f 717/99/24 718/98/24 704/100/24 703/101/24
f 521/49/11 524/52/11 725/51/11 721/50/11
f 522/53/12 519/56/12 724/55/12 720/54/12
f 889/57/77 856/60/77 855/59/77 891/58/77
f 871/61/78 867/63/78 858/62/78
f 719/64/79 892/67/79 894/66/79 723/65/79
f 723/65/6 894/66/6 895/68/6
f 893/69/6 860/70/6 895/68/6
f 726/71/1 872/74/1 898/73/1 724/72/1
f 857/75/80 869/77/80 872/76/80
f 518/78/8 522/81/8 720/80/8 719/79/8
f 520/82/1 726/83/1 724/55/1 519/56/1
f 727/84/24 729/87/24 730/86/24 728/85/24
f 729/87/23 731/89/23 732/88/23 730/86/23
f 731/89/22 733/91/22 734/90/22 732/88/22
f 733/91/21 735/93/21 736/92/21 734/90/21
f 735/93/20 737/95/20 738/94/20 736/92/20
f 737/95/19 739/97/19 740/96/19 738/94/19
f 739/97/18 741/99/18 742/98/18 740/96/18
f 741/99/17 727/101/17 728/100/17 742/98/17
f 743/84/24 745/87/24 746/86/24 744/85/24
f 745/87/23 747/89/23 748/88/23 746/86/23
f 747/89/22 749/91/22 750/90/22 748/88/22
f 749/91/21 751/93/21 752/92/21 750/90/21
f 751/93/20 753/95/20 754/94/20 752/92/20
f 753/95/19 755/97/19 756/96/19 754/94/19
f 755/97/18 757/99/18 758/98/18 756/96/18
f 757/99/17 743/101/17 744/100/17 758/98/17
f 759/84/24 761/87/24 762/86/24 760/85/24
f 761/87/23 763/89/23 764/88/23 762/86/23
f 763/89/22 765/91/22 766/90/22 764/88/22
f 765/91/21 767/93/21 768/92/21 766/90/21
f 767/93/20 769/95/20 770/94/20 768/92/20
f 769/95/19 771/97/19 772/96/19 770/94/19
f 771/97/18 773/99/18 774/98/18 772/96/18
f 773/99/17 759/101/17 760/100/17 774/98/17
f 775/84/24 777/87/24 778/86/24 776/85/24
f 777/87/23 779/89/23 780/88/23 778/86/23
f 779/89/22 781/91/22 782/90/22 780/88/22
f 781/91/21 783/93/21 784/92/21 782/90/21
f 783/93/20 785/95/20 786/94/20 784/92/20
f 785/95/19 787/97/19 788/96/19 786/94/19
f 787/97/18 789/99/18 790/98/18 788/96/18
f 789/99/17 775/101/17 776/100/17 790/98/17
f 791/84/24 793/87/24 794/86/24 792/85/24
f 793/87/23 795/89/23 796/88/23 794/86/23
f 795/89/22 797/91/22 798/90/22 796/88/22
f 797/91/21 799/93/21 800/92/21 798/90/21
f 799/93/20 801/95/20 802/94/20 800/92/20
f 801/95/19 803/97/19 804/96/19 802/94/19
f 803/97/18 805/99/18 806/98/18 804/96/18
f 805/99/17 791/101/17 792/100/17 806/98/17
f 807/84/24 809/87/24 810/86/24 808/85/24
f 809/87/23 811/89/23 812/88/23 810/86/23
f 811/89/22 813/91/22 814/90/22 812/88/22
f 813/91/21 815/93/21 816/92/21 814/90/21
f 815/93/20 817/95/20 818/94/20 816/92/20
f 817/95/19 819/97/19 820/96/19 818/94/19
f 819/97/18 821/99/18 822/98/18 820/96/18
f 821/99/17 807/101/17 808/100/17 822/98/17
f 823/84/24 825/87/24 826/86/24 824/85/24
f 825/87/23 827/89/23 828/88/23 826/86/23
f 827/89/22 829/91/22 830/90/22 828/88/22
f 829/91/21 831/93/21 832/92/21 830/90/21
f 831/93/20 833/95/20 834/94/20 832/92/20
f 833/95/19 835/97/19 836/96/19 834/94/19
f 835/97/18 837/99/18 838/98/18 836/96/18
f 837/99/17 823/101/17 824/100/17 838/98/17
f 839/84/24 841/87/24 842/86/24 840/85/24
f 841/87/23 843/89/23 844/88/23 842/86/23
f 843/89/22 845/91/22 846/90/22 844/88/22
f 845/91/21 847/93/21 848/92/21 846/90/21
f 847/93/20 849/95/20 850/94/20 848/92/20
f 849/95/19 851/97/19 852/96/19 850/94/19
f 851/97/18 853/99/18 854/98/18 852/96/18
f 853/99/17 839/101/17 840/100/17 854/98/17
f 883/102/27 859/105/27 861/104/27 888/103/27
f 888/103/69 861/104/69 908/106/69
f 912/107/25 863/110/25 881/109/25 909/108/25
f 907/111/4 914/114/4 910/113/4 886/112/4
f 909/108/68 881/109/68 911/115/68
f 884/116/81 883/102/81 886/112/81
f 907/111/64 888/103/64 908/106/64
f 867/117/82 879/120/82 876/119/82 858/118/82
f 856/121/3 874/124/3 873/123/3 855/122/3
f 860/125/32 877/126/32 879/120/32 867/117/32
f 855/127/83 873/128/83 877/126/83 860/125/83
f 869/129/34 880/132/34 878/131/34 864/130/34
f 857/133/84 875/134/84 880/132/84 869/129/84
f 858/135/2 876/138/2 875/137/2 857/136/2
f 864/130/85 878/131/85 874/140/85 856/139/85
f 722/141/86 857/75/86 872/76/86 726/142/86
f 891/143/87 855/144/87 860/70/87 893/69/87
f 872/74/1 869/146/1 864/145/1 898/73/1
f 897/147/88 864/145/88 856/60/88 889/57/88
f 725/148/89 871/61/89 858/62/89 721/149/89
f 720/150/90 890/153/90 892/152/90 719/151/90
f 721/149/91 858/62/91 857/75/91 722/141/91
f 878/154/48 882/157/48 868/156/48 874/155/48
f 879/158/46 885/161/46 865/160/46 876/159/46
f 874/162/3 868/165/3 870/164/3 873/163/3
f 877/166/45 862/167/45 885/161/45 879/158/45
f 873/168/44 870/169/44 862/167/44 877/166/44
f 880/170/47 887/171/47 882/157/47 878/154/47
f 875/172/43 866/173/43 887/171/43 880/170/43
f 876/174/2 865/177/2 866/176/2 875/175/2
f 868/178/3 902/181/3 903/180/3 870/179/3
f 862/182/49 899/185/49 905/184/49 885/183/49
f 870/186/54 903/187/54 899/185/54 862/182/54
f 887/188/51 906/191/51 904/190/51 882/189/51
f 866/192/53 901/193/53 906/191/53 887/188/53
f 882/189/52 904/190/52 902/195/52 868/194/52
f 885/183/50 905/184/50 900/197/50 865/196/50
f 865/198/2 900/201/2 901/200/2 866/199/2
f 893/69/6 895/68/6 894/66/6
f 896/202/1 898/73/1 897/147/1
f 893/69/92 894/66/92 892/67/92 891/143/92
f 891/58/93 892/152/93 890/153/93 889/57/93
f 889/57/94 890/153/94 896/202/94 897/147/94
f 724/72/95 896/202/95 890/153/95 720/150/95
f 898/73/1 896/202/1 724/72/1
f 864/145/1 897/147/1 898/73/1
f 895/68/6 871/204/6 725/203/6 723/65/6
f 860/70/6 867/205/6 871/204/6 895/68/6
f 900/206/2 881/209/2 863/208/2 901/207/2
f 904/210/62 908/213/62 861/212/62 902/211/62
f 905/214/61 911/217/61 881/216/61 900/215/61
f 902/211/3 861/212/3 859/219/3 903/218/3
f 899/220/6 884/221/6 911/217/6 905/214/6
f 903/222/60 859/223/60 884/221/60 899/220/60
f 906/224/1 913/226/1 908/225/1 904/222/1
f 901/227/59 863/228/59 913/226/59 906/224/59
f 910/113/73 909/108/73 911/115/73
f 913/229/30 912/107/30 914/114/30
f 910/113/11 911/115/11 884/116/11 886/112/11
f 907/111/65 908/106/65 913/229/65 914/114/65
f 888/103/67 907/111/67 886/112/67 883/102/67
f 909/108/66 910/113/66 914/114/66 912/107/66
f 859/105/28 883/102/28 884/116/28
f 863/110/26 912/107/26 913/229/26
f 915/84/24 917/87/24 918/86/24 916/85/24
f 917/87/23 919/89/23 920/88/23 918/86/23
f 919/89/22 921/91/22 922/90/22 920/88/22
f 921/91/21 923/93/21 924/92/21 922/90/21
f 923/93/20 925/95/20 926/94/20 924/92/20
f 925/95/19 927/97/19 928/96/19 926/94/19
f 927/97/18 929/99/18 930/98/18 928/96/18
f 929/99/17 915/101/17 916/100/17 930/98/17
f 932/99/17 946/101/17 945/100/17 931/98/17
f 934/97/18 932/99/18 931/98/18 933/96/18
f 936/95/19 934/97/19 933/96/19 935/94/19
f 938/93/20 936/95/20 935/94/20 937/92/20
f 940/91/21 938/93/21 937/92/21 939/90/21
f 942/89/22 940/91/22 939/90/22 941/88/22
f 944/87/23 942/89/23 941/88/23 943/86/23
f 946/84/24 944/87/24 943/86/24 945/85/24
f 948/99/17 962/101/17 961/100/17 947/98/17
f 950/97/18 948/99/18 947/98/18 949/96/18
f 952/95/19 950/97/19 949/96/19 951/94/19
f 954/93/20 952/95/20 951/94/20 953/92/20
f 956/91/21 954/93/21 953/92/21 955/90/21
f 958/89/22 956/91/22 955/90/22 957/88/22
f 960/87/23 958/89/23 957/88/23 959/86/23
f 962/84/24 960/87/24 959/86/24 961/85/24
f 964/99/17 978/101/17 977/100/17 963/98/17
f 966/97/18 964/99/18 963/98/18 965/96/18
f 968/95/19 966/97/19 965/96/19 967/94/19
f 970/93/20 968/95/20 967/94/20 969/92/20
f 972/91/21 970/93/21 969/92/21 971/90/21
f 974/89/22 972/91/22 971/90/22 973/88/22
f 976/87/23 974/89/23 973/88/23 975/86/23
f 978/84/24 976/87/24 975/86/24 977/85/24
f 980/99/17 994/101/17 993/100/17 979/98/17
f 982/97/18 980/99/18 979/98/18 981/96/18
f 984/95/19 982/97/19 981/96/19 983/94/19
f 986/93/20 984/95/20 983/94/20 985/92/20
f 988/91/21 986/93/21 985/92/21 987/90/21
f 990/89/22 988/91/22 987/90/22 989/88/22
f 992/87/23 990/89/23 989/88/23 991/86/23
f 994/84/24 992/87/24 991/86/24 993/85/24
f 995/84/24 997/87/24 998/86/24 996/85/24
f 997/87/23 999/89/23 1000/88/23 998/86/23
f 999/89/22 1001/91/22 1002/90/22 1000/88/22
f 1001/91/21 1003/93/21 1004/92/21 1002/90/21
f 1003/93/20 1005/95/20 1006/94/20 1004/92/20
f 1005/95/19 1007/97/19 1008/96/19 1006/94/19
f 1007/97/18 1009/99/18 1010/98/18 1008/96/18
f 1009/99/17 995/101/17 996/100/17 1010/98/17
f 1011/84/24 1013/87/24 1014/86/24 1012/85/24
f 1013/87/23 1015/89/23 1016/88/23 1014/86/23
f 1015/89/22 1017/91/22 1018/90/22 1016/88/22
f 1017/91/21 1019/93/21 1020/92/21 1018/90/21
f 1019/93/20 1021/95/20 1022/94/20 1020/92/20
f 1021/95/19 1023/97/19 1024/96/19 1022/94/19
f 1023/97/18 1025/99/18 1026/98/18 1024/96/18
f 1025/99/17 1011/101/17 1012/100/17 1026/98/17
f 1027/84/24 1029/87/24 1030/86/24 1028/85/24
f 1029/87/23 1031/89/23 1032/88/23 1030/86/23
f 1031/89/22 1033/91/22 1034/90/22 1032/88/22
f 1033/91/21 1035/93/21 1036/92/21 1034/90/21
f 1035/93/20 1037/95/20 1038/94/20 1036/92/20
f 1037/95/19 1039/97/19 1040/96/19 1038/94/19
f 1039/97/18 1041/99/18 1042/98/18 1040/96/18
f 1041/99/17 1027/101/17 1028/100/17 1042/98/17
f 723/230/6 725/51/6 524/52/6 523/231/6
f 719/79/70 723/233/70 523/232/70 518/78/70
f 722/234/65 726/237/65 520/236/65 517/235/65
f 721/238/4 722/234/4 517/235/4 521/239/4
f 1069/102/27 1047/105/27 1049/104/27 1074/103/27
f 1074/103/96 1049/104/96 1084/106/96
f 1088/107/25 1051/110/25 1067/109/25 1085/108/25
f 1083/111/4 1090/114/4 1086/113/4 1072/112/4
f 1085/108/97 1067/109/97 1087/115/97
f 1070/116/63 1069/102/63 1072/112/63
f 1083/111/64 1074/103/64 1084/106/64
f 1055/117/98 1065/120/98 1062/119/98 1046/118/98
f 1044/121/3 1060/124/3 1059/123/3 1043/122/3
f 1048/125/32 1063/126/32 1065/120/32 1055/117/32
f 1043/127/83 1059/128/83 1063/126/83 1048/125/83
f 1057/129/34 1066/132/34 1064/131/34 1052/130/34
f 1045/133/84 1061/134/84 1066/132/84 1057/129/84
f 1046/135/2 1062/138/2 1061/137/2 1045/136/2
f 1052/130/99 1064/131/99 1060/140/99 1044/139/99
f 1064/154/48 1068/157/48 1056/156/48 1060/155/48
f 1065/158/46 1071/161/46 1053/160/46 1062/159/46
f 1060/162/3 1056/165/3 1058/164/3 1059/163/3
f 1063/166/45 1050/167/45 1071/161/45 1065/158/45
f 1059/168/44 1058/169/44 1050/167/44 1063/166/44
f 1066/170/47 1073/171/47 1068/157/47 1064/154/47
f 1061/172/43 1054/173/43 1073/171/43 1066/170/43
f 1062/174/2 1053/177/2 1054/176/2 1061/175/2
f 1056/178/3 1078/181/3 1079/180/3 1058/179/3
f 1050/182/49 1075/185/49 1081/184/49 1071/183/49
f 1058/186/54 1079/187/54 1075/185/54 1050/182/54
f 1073/188/51 1082/191/51 1080/190/51 1068/189/51
f 1054/192/53 1077/193/53 1082/191/53 1073/188/53
f 1068/189/52 1080/190/52 1078/195/52 1056/194/52
f 1071/183/50 1081/184/50 1076/197/50 1053/196/50
f 1053/198/2 1076/201/2 1077/200/2 1054/199/2
f 1076/206/2 1067/209/2 1051/208/2 1077/207/2
f 1080/210/62 1084/213/62 1049/212/62 1078/211/62
f 1081/214/61 1087/217/61 1067/216/61 1076/215/61
f 1078/211/3 1049/212/3 1047/219/3 1079/218/3
f 1075/220/6 1070/221/6 1087/217/6 1081/214/6
f 1079/222/60 1047/223/60 1070/221/60 1075/220/60
f 1082/224/1 1089/226/1 1084/225/1 1080/222/1
f 1077/227/59 1051/228/59 1089/226/59 1082/224/59
f 1086/113/73 1085/108/73 1087/115/73
f 1089/229/30 1088/107/30 1090/114/30
f 1086/113/11 1087/115/11 1070/116/11 1072/112/11
f 1083/111/65 1084/106/65 1089/229/65 1090/114/65
f 1074/103/100 1083/111/100 1072/112/100 1069/102/100
f 1085/108/66 1086/113/66 1090/114/66 1088/107/66
f 1047/105/28 1069/102/28 1070/116/28
f 1051/110/26 1088/107/26 1089/229/26
f 1091/84/24 1093/87/24 1094/86/24 1092/85/24
f 1093/87/23 1095/89/23 1096/88/23 1094/86/23
f 1095/89/22 1097/91/22 1098/90/22 1096/88/22
f 1097/91/21 1099/93/21 1100/92/21 1098/90/21
f 1099/93/20 1101/95/20 1102/94/20 1100/92/20
f 1101/95/19 1103/97/19 1104/96/19 1102/94/19
f 1103/97/18 1105/99/18 1106/98/18 1104/96/18
f 1105/99/17 1091/101/17 1092/100/17 1106/98/17
f 1108/99/17 1122/101/17 1121/100/17 1107/98/17
f 1110/97/18 1108/99/18 1107/98/18 1109/96/18
f 1112/95/19 1110/97/19 1109/96/19 1111/94/19
f 1114/93/20 1112/95/20 1111/94/20 1113/92/20
f 1116/91/21 1114/93/21 1113/92/21 1115/90/21
f 1118/89/22 1116/91/22 1115/90/22 1117/88/22
f 1120/87/23 1118/89/23 1117/88/23 1119/86/23
f 1122/84/24 1120/87/24 1119/86/24 1121/85/24
f 1124/99/17 1138/101/17 1137/100/17 1123/98/17
f 1126/97/18 1124/99/18 1123/98/18 1125/96/18
f 1128/95/19 1126/97/19 1125/96/19 1127/94/19
f 1130/93/20 1128/95/20 1127/94/20 1129/92/20
f 1132/91/21 1130/93/21 1129/92/21 1131/90/21
f 1134/89/22 1132/91/22 1131/90/22 1133/88/22
f 1136/87/23 1134/89/23 1133/88/23 1135/86/23
f 1138/84/24 1136/87/24 1135/86/24 1137/85/24
f 1140/99/17 1154/101/17 1153/100/17 1139/98/17
f 1142/97/18 1140/99/18 1139/98/18 1141/96/18
f 1144/95/19 1142/97/19 1141/96/19 1143/94/19
f 1146/93/20 1144/95/20 1143/94/20 1145/92/20
f 1148/91/21 1146/93/21 1145/92/21 1147/90/21
f 1150/89/22 1148/91/22 1147/90/22 1149/88/22
f 1152/87/23 1150/89/23 1149/88/23 1151/86/23
f 1154/84/24 1152/87/24 1151/86/24 1153/85/24
f 1156/99/17 1170/101/17 1169/100/17 1155/98/17
f 1158/97/18 1156/99/18 1155/98/18 1157/96/18
f 1160/95/19 1158/97/19 1157/96/19 1159/94/19
f 1162/93/20 1160/95/20 1159/94/20 1161/92/20
f 1164/91/21 1162/93/21 1161/92/21 1163/90/21
f 1166/89/22 1164/91/22 1163/90/22 1165/88/22
f 1168/87/23 1166/89/23 1165/88/23 1167/86/23
f 1170/84/24 1168/87/24 1167/86/24 1169/85/24
f 1171/84/24 1173/87/24 1174/86/24 1172/85/24
f 1173/87/23 1175/89/23 1176/88/23 1174/86/23
f 1175/89/22 1177/91/22 1178/90/22 1176/88/22
f 1177/91/21 1179/93/21 1180/92/21 1178/90/21
f 1179/93/20 1181/95/20 1182/94/20 1180/92/20
f 1181/95/19 1183/97/19 1184/96/19 1182/94/19
f 1183/97/18 1185/99/18 1186/98/18 1184/96/18
f 1185/99/17 1171/101/17 1172/100/17 1186/98/17
f 1187/84/24 1189/87/24 1190/86/24 1188/85/24
f 1189/87/23 1191/89/23 1192/88/23 1190/86/23
f 1191/89/22 1193/91/22 1194/90/22 1192/88/22
f 1193/91/21 1195/93/21 1196/92/21 1194/90/21
f 1195/93/20 1197/95/20 1198/94/20 1196/92/20
f 1197/95/19 1199/97/19 1200/96/19 1198/94/19
f 1199/97/18 1201/99/18 1202/98/18 1200/96/18
f 1201/99/17 1187/101/17 1188/100/17 1202/98/17
f 1045/136/2 1203/136/2 1204/135/2 1046/135/2
f 1205/84/24 1207/87/24 1208/86/24 1206/85/24
f 1207/87/23 1209/89/23 1210/88/23 1208/86/23
f 1209/89/22 1211/91/22 1212/90/22 1210/88/22
f 1211/91/21 1213/93/21 1214/92/21 1212/90/21
f 1213/93/20 1215/95/20 1216/94/20 1214/92/20
f 1215/95/19 1217/97/19 1218/96/19 1216/94/19
f 1217/97/18 1219/99/18 1220/98/18 1218/96/18
f 1219/99/17 1205/101/17 1206/100/17 1220/98/17
f 1221/84/24 1223/87/24 1224/86/24 1222/85/24
f 1223/87/23 1225/89/23 1226/88/23 1224/86/23
f 1225/89/22 1227/91/22 1228/90/22 1226/88/22
f 1227/91/21 1229/93/21 1230/92/21 1228/90/21
f 1229/93/20 1231/95/20 1232/94/20 1230/92/20
f 1231/95/19 1233/97/19 1234/96/19 1232/94/19
f 1233/97/18 1235/99/18 1236/98/18 1234/96/18
f 1235/99/17 1221/101/17 1222/100/17 1236/98/17
f 1043/122/3 1246/122/3 1248/121/3 1044/121/3
f 1048/125/60 1245/125/60 1246/127/60 1043/127/60
f 1055/117/6 1247/117/6 1245/125/6 1048/125/6
f 1044/139/62 1248/139/62 1244/130/62 1052/130/62
f 1052/130/1 1244/130/1 1243/240/1 1057/129/1
f 1046/118/61 1204/118/61 1247/117/61 1055/117/61
f 1057/129/59 1243/240/59 1203/133/59 1045/133/59
f 525/122/2 526/121/2 1242/121/2 1240/122/2
f 530/125/61 525/127/61 1240/127/61 1239/125/61
f 537/117/6 530/125/6 1239/125/6 1241/117/6
f 526/139/59 534/130/59 1238/130/59 1242/139/59
f 534/130/1 539/129/1 1237/240/1 1238/130/1
f 528/118/60 537/117/60 1241/117/60 686/118/60
f 539/129/62 527/133/62 685/133/62 1237/240/62
f 1577/49/70 1580/52/70 1255/51/70 1251/50/70
f 1578/53/65 1575/56/65 1254/55/65 1250/54/65
f 1419/57/101 1386/60/101 1385/59/101 1421/58/101
f 1401/61/102 1397/63/102 1388/62/102
f 1249/64/103 1422/67/103 1424/66/103 1253/65/103
f 1253/65/6 1424/66/6 1425/68/6
f 1423/69/6 1390/70/6 1425/68/6
f 1256/71/1 1402/74/1 1428/73/1 1254/72/1
f 1387/75/104 1399/77/104 1402/76/104
f 1574/78/4 1578/81/4 1250/80/4 1249/79/4
f 1576/82/1 1256/83/1 1254/55/1 1575/56/1
f 1257/84/20 1259/87/20 1260/86/20 1258/85/20
f 1259/87/19 1261/89/19 1262/88/19 1260/86/19
f 1261/89/18 1263/91/18 1264/90/18 1262/88/18
f 1263/91/17 1265/93/17 1266/92/17 1264/90/17
f 1265/93/24 1267/95/24 1268/94/24 1266/92/24
f 1267/95/23 1269/97/23 1270/96/23 1268/94/23
f 1269/97/22 1271/99/22 1272/98/22 1270/96/22
f 1271/99/21 1257/101/21 1258/100/21 1272/98/21
f 1273/84/20 1275/87/20 1276/86/20 1274/85/20
f 1275/87/19 1277/89/19 1278/88/19 1276/86/19
f 1277/89/18 1279/91/18 1280/90/18 1278/88/18
f 1279/91/17 1281/93/17 1282/92/17 1280/90/17
f 1281/93/24 1283/95/24 1284/94/24 1282/92/24
f 1283/95/23 1285/97/23 1286/96/23 1284/94/23
f 1285/97/22 1287/99/22 1288/98/22 1286/96/22
f 1287/99/21 1273/101/21 1274/100/21 1288/98/21
f 1289/84/20 1291/87/20 1292/86/20 1290/85/20
f 1291/87/19 1293/89/19 1294/88/19 1292/86/19
f 1293/89/18 1295/91/18 1296/90/18 1294/88/18
f 1295/91/17 1297/93/17 1298/92/17 1296/90/17
f 1297/93/24 1299/95/24 1300/94/24 1298/92/24
f 1299/95/23 1301/97/23 1302/96/23 1300/94/23
f 1301/97/22 1303/99/22 1304/98/22 1302/96/22
f 1303/99/21 1289/101/21 1290/100/21 1304/98/21
f 1305/84/20 1307/87/20 1308/86/20 1306/85/20
f 1307/87/19 1309/89/19 1310/88/19 1308/86/19
f 1309/89/18 1311/91/18 1312/90/18 1310/88/18
f 1311/91/17 1313/93/17 1314/92/17 1312/90/17
f 1313/93/24 1315/95/24 1316/94/24 1314/92/24
f 1315/95/23 1317/97/23 1318/96/23 1316/94/23
f 1317/97/22 1319/99/22 1320/98/22 1318/96/22
f 1319/99/21 1305/101/21 1306/100/21 1320/98/21
f 1321/84/20 1323/87/20 1324/86/20 1322/85/20
f 1323/87/19 1325/89/19 1326/88/19 1324/86/19
f 1325/89/18 1327/91/18 1328/90/18 1326/88/18
f 1327/91/17 1329/93/17 1330/92/17 1328/90/17
f 1329/93/24 1331/95/24 1332/94/24 1330/92/24
f 1331/95/23 1333/97/23 1334/96/23 1332/94/23
f 1333/97/22 1335/99/22 1336/98/22 1334/96/22
f 1335/99/21 1321/101/21 1322/100/21 1336/98/21
f 1337/84/20 1339/87/20 1340/86/20 1338/85/20
f 1339/87/19 1341/89/19 1342/88/19 1340/86/19
f 1341/89/18 1343/91/18 1344/90/18 1342/88/18
f 1343/91/17 1345/93/17 1346/92/17 1344/90/17
f 1345/93/24 1347/95/24 1348/94/24 1346/92/24
f 1347/95/23 1349/97/23 1350/96/23 1348/94/23
f 1349/97/22 1351/99/22 1352/98/22 1350/96/22
f 1351/99/21 1337/101/21 1338/100/21 1352/98/21
f 1353/84/20 1355/87/20 1356/86/20 1354/85/20
f 1355/87/19 1357/89/19 1358/88/19 1356/86/19
f 1357/89/18 1359/91/18 1360/90/18 1358/88/18
f 1359/91/17 1361/93/17 1362/92/17 1360/90/17
f 1361/93/24 1363/95/24 1364/94/24 1362/92/24
f 1363/95/23 1365/97/23 1366/96/23 1364/94/23
f 1365/97/22 1367/99/22 1368/98/22 1366/96/22
f 1367/99/21 1353/101/21 1354/100/21 1368/98/21
f 1369/84/20 1371/87/20 1372/86/20 1370/85/20
f 1371/87/19 1373/89/19 1374/88/19 1372/86/19
f 1373/89/18 1375/91/18 1376/90/18 1374/88/18
f 1375/91/17 1377/93/17 1378/92/17 1376/90/17
f 1377/93/24 1379/95/24 1380/94/24 1378/92/24
f 1379/95/23 1381/97/23 1382/96/23 1380/94/23
f 1381/97/22 1383/99/22 1384/98/22 1382/96/22
f 1383/99/21 1369/101/21 1370/100/21 1384/98/21
f 1413/102/105 1389/105/105 1391/104/105 1418/103/105
f 1418/103/106 1391/104/106 1438/106/106
f 1442/107/107 1393/110/107 1411/109/107 1439/108/107
f 1437/111/8 1444/114/8 1440/113/8 1416/112/8
f 1439/108/108 1411/109/108 1441/115/108
f 1414/116/109 1413/102/109 1416/112/109
f 1437/111/110 1418/103/110 1438/106/110
f 1397/117/111 1409/120/111 1406/119/111 1388/118/111
f 1386/121/2 1404/124/2 1403/123/2 1385/122/2
f 1390/125/112 1407/126/112 1409/120/112 1397/117/112
f 1385/127/113 1403/128/113 1407/126/113 1390/125/113
f 1399/129/114 1410/132/114 1408/131/114 1394/130/114
f 1387/133/115 1405/134/115 1410/132/115 1399/129/115
f 1388/135/3 1406/138/3 1405/137/3 1387/136/3
f 1394/130/116 1408/131/116 1404/140/116 1386/139/116
f 1252/141/117 1387/75/117 1402/76/117 1256/142/117
f 1421/143/118 1385/144/118 1390/70/118 1423/69/118
f 1402/74/1 1399/146/1 1394/145/1 1428/73/1
f 1427/147/119 1394/145/119 1386/60/119 1419/57/119
f 1255/148/120 1401/61/120 1388/62/120 1251/149/120
f 1250/150/91 1420/153/91 1422/152/91 1249/151/91
f 1251/149/90 1388/62/90 1387/75/90 1252/141/90
f 1408/154/121 1412/157/121 1398/156/121 1404/155/121
f 1409/158/122 1415/161/122 1395/160/122 1406/159/122
f 1404/162/2 1398/165/2 1400/164/2 1403/163/2
f 1407/166/123 1392/167/123 1415/161/123 1409/158/123
f 1403/168/124 1400/169/124 1392/167/124 1407/166/124
f 1410/170/125 1417/171/125 1412/157/125 1408/154/125
f 1405/172/126 1396/173/126 1417/171/126 1410/170/126
f 1406/174/3 1395/177/3 1396/176/3 1405/175/3
f 1398/178/2 1432/181/2 1433/180/2 1400/179/2
f 1392/182/127 1429/185/127 1435/184/127 1415/183/127
f 1400/186/128 1433/187/128 1429/185/128 1392/182/128
f 1417/188/129 1436/191/129 1434/190/129 1412/189/129
f 1396/192/130 1431/193/130 1436/191/130 1417/188/130
f 1412/189/131 1434/190/131 1432/195/131 1398/194/131
f 1415/183/132 1435/184/132 1430/197/132 1395/196/132
f 1395/198/3 1430/201/3 1431/200/3 1396/199/3
f 1423/69/6 1425/68/6 1424/66/6
f 1426/202/1 1428/73/1 1427/147/1
f 1423/69/133 1424/66/133 1422/67/133 1421/143/133
f 1421/58/134 1422/152/134 1420/153/134 1419/57/134
f 1419/57/135 1420/153/135 1426/202/135 1427/147/135
f 1254/72/136 1426/202/136 1420/153/136 1250/150/136
f 1428/73/1 1426/202/1 1254/72/1
f 1394/145/1 1427/147/1 1428/73/1
f 1425/68/6 1401/204/6 1255/203/6 1253/65/6
f 1390/70/6 1397/205/6 1401/204/6 1425/68/6
f 1430/206/3 1411/209/3 1393/208/3 1431/207/3
f 1434/210/59 1438/213/59 1391/212/59 1432/211/59
f 1435/214/60 1441/217/60 1411/216/60 1430/215/60
f 1432/211/2 1391/212/2 1389/219/2 1433/218/2
f 1429/220/6 1414/221/6 1441/217/6 1435/214/6
f 1433/222/61 1389/223/61 1414/221/61 1429/220/61
f 1436/224/1 1443/226/1 1438/225/1 1434/222/1
f 1431/227/62 1393/228/62 1443/226/62 1436/224/62
f 1440/113/137 1439/108/137 1441/115/137
f 1443/229/138 1442/107/138 1444/114/138
f 1440/113/70 1441/115/70 1414/116/70 1416/112/70
f 1437/111/12 1438/106/12 1443/229/12 1444/114/12
f 1418/103/139 1437/111/139 1416/112/139 1413/102/139
f 1439/108/140 1440/113/140 1444/114/140 1442/107/140
f 1389/105/141 1413/102/141 1414/116/141
f 1393/110/142 1442/107/142 1443/229/142
f 1445/84/20 1447/87/20 1448/86/20 1446/85/20
f 1447/87/19 1449/89/19 1450/88/19 1448/86/19
f 1449/89/18 1451/91/18 1452/90/18 1450/88/18
f 1451/91/17 1453/93/17 1454/92/17 1452/90/17
f 1453/93/24 1455/95/24 1456/94/24 1454/92/24
f 1455/95/23 1457/97/23 1458/96/23 1456/94/23
f 1457/97/22 1459/99/22 1460/98/22 1458/96/22
f 1459/99/21 1445/101/21 1446/100/21 1460/98/21
f 1462/99/21 1476/101/21 1475/100/21 1461/98/21
f 1464/97/22 1462/99/22 1461/98/22 1463/96/22
f 1466/95/23 1464/97/23 1463/96/23 1465/94/23
f 1468/93/24 1466/95/24 1465/94/24 1467/92/24
f 1470/91/17 1468/93/17 1467/92/17 1469/90/17
f 1472/89/18 1470/91/18 1469/90/18 1471/88/18
f 1474/87/19 1472/89/19 1471/88/19 1473/86/19
f 1476/84/20 1474/87/20 1473/86/20 1475/85/20
f 1478/99/21 1492/101/21 1491/100/21 1477/98/21
f 1480/97/22 1478/99/22 1477/98/22 1479/96/22
f 1482/95/23 1480/97/23 1479/96/23 1481/94/23
f 1484/93/24 1482/95/24 1481/94/24 1483/92/24
f 1486/91/17 1484/93/17 1483/92/17 1485/90/17
f 1488/89/18 1486/91/18 1485/90/18 1487/88/18
f 1490/87/19 1488/89/19 1487/88/19 1489/86/19
f 1492/84/20 1490/87/20 1489/86/20 1491/85/20
f 1494/99/21 1508/101/21 1507/100/21 1493/98/21
f 1496/97/22 1494/99/22 1493/98/22 1495/96/22
f 1498/95/23 1496/97/23 1495/96/23 1497/94/23
f 1500/93/24 1498/95/24 1497/94/24 1499/92/24
f 1502/91/17 1500/93/17 1499/92/17 1501/90/17
f 1504/89/18 1502/91/18 1501/90/18 1503/88/18
f 1506/87/19 1504/89/19 1503/88/19 1505/86/19
f 1508/84/20 1506/87/20 1505/86/20 1507/85/20
f 1510/99/21 1524/101/21 1523/100/21 1509/98/21
f 1512/97/22 1510/99/22 1509/98/22 1511/96/22
f 1514/95/23 1512/97/23 1511/96/23 1513/94/23
f 1516/93/24 1514/95/24 1513/94/24 1515/92/24
f 1518/91/17 1516/93/17 1515/92/17 1517/90/17
f 1520/89/18 1518/91/18 1517/90/18 1519/88/18
f 1522/87/19 1520/89/19 1519/88/19 1521/86/19
f 1524/84/20 1522/87/20 1521/86/20 1523/85/20
f 1525/84/20 1527/87/20 1528/86/20 1526/85/20
f 1527/87/19 1529/89/19 1530/88/19 1528/86/19
f 1529/89/18 1531/91/18 1532/90/18 1530/88/18
f 1531/91/17 1533/93/17 1534/92/17 1532/90/17
f 1533/93/24 1535/95/24 1536/94/24 1534/92/24
f 1535/95/23 1537/97/23 1538/96/23 1536/94/23
f 1537/97/22 1539/99/22 1540/98/22 1538/96/22
f 1539/99/21 1525/101/21 1526/100/21 1540/98/21
f 1541/84/20 1543/87/20 1544/86/20 1542/85/20
f 1543/87/19 1545/89/19 1546/88/19 1544/86/19
f 1545/89/18 1547/91/18 1548/90/18 1546/88/18
f 1547/91/17 1549/93/17 1550/92/17 1548/90/17
f 1549/93/24 1551/95/24 1552/94/24 1550/92/24
f 1551/95/23 1553/97/23 1554/96/23 1552/94/23
f 1553/97/22 1555/99/22 1556/98/22 1554/96/22
f 1555/99/21 1541/101/21 1542/100/21 1556/98/21
f 1557/84/20 1559/87/20 1560/86/20 1558/85/20
f 1559/87/19 1561/89/19 1562/88/19 1560/86/19
f 1561/89/18 1563/91/18 1564/90/18 1562/88/18
f 1563/91/17 1565/93/17 1566/92/17 1564/90/17
f 1565/93/24 1567/95/24 1568/94/24 1566/92/24
f 1567/95/23 1569/97/23 1570/96/23 1568/94/23
f 1569/97/22 1571/99/22 1572/98/22 1570/96/22
f 1571/99/21 1557/101/21 1558/100/21 1572/98/21
f 1253/230/6 1255/51/6 1580/52/6 1579/231/6
f 1249/79/11 1253/233/11 1579/232/11 1574/78/11
f 1252/234/12 1256/237/12 1576/236/12 1573/235/12
f 1251/238/8 1252/234/8 1573/235/8 1577/239/8
f 1607/102/105 1585/105/105 1587/104/105 1612/103/105
f 1612/103/143 1587/104/143 1622/106/143
f 1626/107/107 1589/110/107 1605/109/107 1623/108/107
f 1621/111/8 1628/114/8 1624/113/8 1610/112/8
f 1623/108/144 1605/109/144 1625/115/144
f 1608/116/145 1607/102/145 1610/112/145
f 1621/111/110 1612/103/110 1622/106/110
f 1593/117/146 1603/120/146 1600/119/146 1584/118/146
f 1582/121/2 1598/124/2 1597/123/2 1581/122/2
f 1586/125/112 1601/126/112 1603/120/112 1593/117/112
f 1581/127/113 1597/128/113 1601/126/113 1586/125/113
f 1595/129/114 1604/132/114 1602/131/114 1590/130/114
f 1583/133/115 1599/134/115 1604/132/115 1595/129/115
f 1584/135/3 1600/138/3 1599/137/3 1583/136/3
f 1590/130/147 1602/131/147 1598/140/147 1582/139/147
f 1602/154/121 1606/157/121 1594/156/121 1598/155/121
f 1603/158/122 1609/161/122 1591/160/122 1600/159/122
f 1598/162/2 1594/165/2 1596/164/2 1597/163/2
f 1601/166/123 1588/167/123 1609/161/123 1603/158/123
f 1597/168/124 1596/169/124 1588/167/124 1601/166/124
f 1604/170/125 1611/171/125 1606/157/125 1602/154/125
f 1599/172/126 1592/173/126 1611/171/126 1604/170/126
f 1600/174/3 1591/177/3 1592/176/3 1599/175/3
f 1594/178/2 1616/181/2 1617/180/2 1596/179/2
f 1588/182/127 1613/185/127 1619/184/127 1609/183/127
f 1596/186/128 1617/187/128 1613/185/128 1588/182/128
f 1611/188/129 1620/191/129 1618/190/129 1606/189/129
f 1592/192/130 1615/193/130 1620/191/130 1611/188/130
f 1606/189/131 1618/190/131 1616/195/131 1594/194/131
f 1609/183/132 1619/184/132 1614/197/132 1591/196/132
f 1591/198/3 1614/201/3 1615/200/3 1592/199/3
f 1614/206/3 1605/209/3 1589/208/3 1615/207/3
f 1618/210/59 1622/213/59 1587/212/59 1616/211/59
f 1619/214/60 1625/217/60 1605/216/60 1614/215/60
f 1616/211/2 1587/212/2 1585/219/2 1617/218/2
f 1613/220/6 1608/221/6 1625/217/6 1619/214/6
f 1617/222/61 1585/223/61 1608/221/61 1613/220/61
f 1620/224/1 1627/226/1 1622/225/1 1618/222/1
f 1615/227/62 1589/228/62 1627/226/62 1620/224/62
f 1624/113/137 1623/108/137 1625/115/137
f 1627/229/138 1626/107/138 1628/114/138
f 1624/113/70 1625/115/70 1608/116/70 1610/112/70
f 1621/111/12 1622/106/12 1627/229/12 1628/114/12
f 1612/103/148 1621/111/148 1610/112/148 1607/102/148
f 1623/108/140 1624/113/140 1628/114/140 1626/107/140
f 1585/105/141 1607/102/141 1608/116/141
f 1589/110/142 1626/107/142 1627/229/142
f 1629/84/20 1631/87/20 1632/86/20 1630/85/20
f 1631/87/19 1633/89/19 1634/88/19 1632/86/19
f 1633/89/18 1635/91/18 1636/90/18 1634/88/18
f 1635/91/17 1637/93/17 1638/92/17 1636/90/17
f 1637/93/24 1639/95/24 1640/94/24 1638/92/24
f 1639/95/23 1641/97/23 1642/96/23 1640/94/23
f 1641/97/22 1643/99/22 1644/98/22 1642/96/22
f 1643/99/21 1629/101/21 1630/100/21 1644/98/21
f 1646/99/21 1660/101/21 1659/100/21 1645/98/21
f 1648/97/22 1646/99/22 1645/98/22 1647/96/22
f 1650/95/23 1648/97/23 1647/96/23 1649/94/23
f 1652/93/24 1650/95/24 1649/94/24 1651/92/24
f 1654/91/17 1652/93/17 1651/92/17 1653/90/17
f 1656/89/18 1654/91/18 1653/90/18 1655/88/18
f 1658/87/19 1656/89/19 1655/88/19 1657/86/19
f 1660/84/20 1658/87/20 1657/86/20 1659/85/20
f 1662/99/21 1676/101/21 1675/100/21 1661/98/21
f 1664/97/22 1662/99/22 1661/98/22 1663/96/22
f 1666/95/23 1664/97/23 1663/96/23 1665/94/23
f 1668/93/24 1666/95/24 1665/94/24 1667/92/24
f 1670/91/17 1668/93/17 1667/92/17 1669/90/17
f 1672/89/18 1670/91/18 1669/90/18 1671/88/18
f 1674/87/19 1672/89/19 1671/88/19 1673/86/19
f 1676/84/20 1674/87/20 1673/86/20 1675/85/20
f 1678/99/21 1692/101/21 1691/100/21 1677/98/21
f 1680/97/22 1678/99/22 1677/98/22 1679/96/22
f 1682/95/23 1680/97/23 1679/96/23 1681/94/23
f 1684/93/24 1682/95/24 1681/94/24 1683/92/24
f 1686/91/17 1684/93/17 1683/92/17 1685/90/17
f 1688/89/18 1686/91/18 1685/90/18 1687/88/18
f 1690/87/19 1688/89/19 1687/88/19 1689/86/19
f 1692/84/20 1690/87/20 1689/86/20 1691/85/20
f 1694/99/21 1708/101/21 1707/100/21 1693/98/21
f 1696/97/22 1694/99/22 1693/98/22 1695/96/22
f 1698/95/23 1696/97/23 1695/96/23 1697/94/23
f 1700/93/24 1698/95/24 1697/94/24 1699/92/24
f 1702/91/17 1700/93/17 1699/92/17 1701/90/17
f 1704/89/18 1702/91/18 1701/90/18 1703/88/18
f 1706/87/19 1704/89/19 1703/88/19 1705/86/19
f 1708/84/20 1706/87/20 1705/86/20 1707/85/20
f 1709/84/20 1711/87/20 1712/86/20 1710/85/20
f 1711/87/19 1713/89/19 1714/88/19 1712/86/19
f 1713/89/18 1715/91/18 1716/90/18 1714/88/18
f 1715/91/17 1717/93/17 1718/92/17 1716/90/17
f 1717/93/24 1719/95/24 1720/94/24 1718/92/24
f 1719/95/23 1721/97/23 1722/96/23 1720/94/23
f 1721/97/22 1723/99/22 1724/98/22 1722/96/22
f 1723/99/21 1709/101/21 1710/100/21 1724/98/21
f 1725/84/20 1727/87/20 1728/86/20 1726/85/20
f 1727/87/19 1729/89/19 1730/88/19 1728/86/19
f 1729/89/18 1731/91/18 1732/90/18 1730/88/18
f 1731/91/17 1733/93/17 1734/92/17 1732/90/17
f 1733/93/24 1735/95/24 1736/94/24 1734/92/24
f 1735/95/23 1737/97/23 1738/96/23 1736/94/23
f 1737/97/22 1739/99/22 1740/98/22 1738/96/22
f 1739/99/21 1725/101/21 1726/100/21 1740/98/21
f 1583/136/3 685/136/3 686/135/3 1584/135/3
f 1741/84/20 1743/87/20 1744/86/20 1742/85/20
f 1743/87/19 1745/89/19 1746/88/19 1744/86/19
f 1745/89/18 1747/91/18 1748/90/18 1746/88/18
f 1747/91/17 1749/93/17 1750/92/17 1748/90/17
f 1749/93/24 1751/95/24 1752/94/24 1750/92/24
f 1751/95/23 1753/97/23 1754/96/23 1752/94/23
f 1753/97/22 1755/99/22 1756/98/22 1754/96/22
f 1755/99/21 1741/101/21 1742/100/21 1756/98/21
f 1757/84/20 1759/87/20 1760/86/20 1758/85/20
f 1759/87/19 1761/89/19 1762/88/19 1760/86/19
f 1761/89/18 1763/91/18 1764/90/18 1762/88/18
f 1763/91/17 1765/93/17 1766/92/17 1764/90/17
f 1765/93/24 1767/95/24 1768/94/24 1766/92/24
f 1767/95/23 1769/97/23 1770/96/23 1768/94/23
f 1769/97/22 1771/99/22 1772/98/22 1770/96/22
f 1771/99/21 1757/101/21 1758/100/21 1772/98/21
f 1577/49/70 1775/50/70 1779/51/70 1580/52/70
f 1578/53/65 1774/54/65 1778/55/65 1575/56/65
f 1943/57/149 1945/58/149 1909/59/149 1910/60/149
f 1925/61/150 1912/62/150 1921/63/150
f 1773/64/151 1777/65/151 1948/66/151 1946/67/151
f 1777/65/6 1949/68/6 1948/66/6
f 1947/69/6 1949/68/6 1914/70/6
f 1780/71/1 1778/72/1 1952/73/1 1926/74/1
f 1911/75/152 1926/76/152 1923/77/152
f 1574/78/4 1773/79/4 1774/80/4 1578/81/4
f 1576/82/1 1575/56/1 1778/55/1 1780/83/1
f 1781/84/21 1782/85/21 1784/86/21 1783/87/21
f 1783/87/22 1784/86/22 1786/88/22 1785/89/22
f 1785/89/23 1786/88/23 1788/90/23 1787/91/23
f 1787/91/24 1788/90/24 1790/92/24 1789/93/24
f 1789/93/17 1790/92/17 1792/94/17 1791/95/17
f 1791/95/18 1792/94/18 1794/96/18 1793/97/18
f 1793/97/19 1794/96/19 1796/98/19 1795/99/19
f 1795/99/20 1796/98/20 1782/100/20 1781/101/20
f 1797/84/21 1798/85/21 1800/86/21 1799/87/21
f 1799/87/22 1800/86/22 1802/88/22 1801/89/22
f 1801/89/23 1802/88/23 1804/90/23 1803/91/23
f 1803/91/24 1804/90/24 1806/92/24 1805/93/24
f 1805/93/17 1806/92/17 1808/94/17 1807/95/17
f 1807/95/18 1808/94/18 1810/96/18 1809/97/18
f 1809/97/19 1810/96/19 1812/98/19 1811/99/19
f 1811/99/20 1812/98/20 1798/100/20 1797/101/20
f 1813/84/21 1814/85/21 1816/86/21 1815/87/21
f 1815/87/22 1816/86/22 1818/88/22 1817/89/22
f 1817/89/23 1818/88/23 1820/90/23 1819/91/23
f 1819/91/24 1820/90/24 1822/92/24 1821/93/24
f 1821/93/17 1822/92/17 1824/94/17 1823/95/17
f 1823/95/18 1824/94/18 1826/96/18 1825/97/18
f 1825/97/19 1826/96/19 1828/98/19 1827/99/19
f 1827/99/20 1828/98/20 1814/100/20 1813/101/20
f 1829/84/21 1830/85/21 1832/86/21 1831/87/21
f 1831/87/22 1832/86/22 1834/88/22 1833/89/22
f 1833/89/23 1834/88/23 1836/90/23 1835/91/23
f 1835/91/24 1836/90/24 1838/92/24 1837/93/24
f 1837/93/17 1838/92/17 1840/94/17 1839/95/17
f 1839/95/18 1840/94/18 1842/96/18 1841/97/18
f 1841/97/19 1842/96/19 1844/98/19 1843/99/19
f 1843/99/20 1844/98/20 1830/100/20 1829/101/20
f 1845/84/21 1846/85/21 1848/86/21 1847/87/21
f 1847/87/22 1848/86/22 1850/88/22 1849/89/22
f 1849/89/23 1850/88/23 1852/90/23 1851/91/23
f 1851/91/24 1852/90/24 1854/92/24 1853/93/24
f 1853/93/17 1854/92/17 1856/94/17 1855/95/17
f 1855/95/18 1856/94/18 1858/96/18 1857/97/18
f 1857/97/19 1858/96/19 1860/98/19 1859/99/19
f 1859/99/20 1860/98/20 1846/100/20 1845/101/20
f 1861/84/21 1862/85/21 1864/86/21 1863/87/21
f 1863/87/22 1864/86/22 1866/88/22 1865/89/22
f 1865/89/23 1866/88/23 1868/90/23 1867/91/23
f 1867/91/24 1868/90/24 1870/92/24 1869/93/24
f 1869/93/17 1870/92/17 1872/94/17 1871/95/17
f 1871/95/18 1872/94/18 1874/96/18 1873/97/18
f 1873/97/19 1874/96/19 1876/98/19 1875/99/19
f 1875/99/20 1876/98/20 1862/100/20 1861/101/20
f 1877/84/21 1878/85/21 1880/86/21 1879/87/21
f 1879/87/22 1880/86/22 1882/88/22 1881/89/22
f 1881/89/23 1882/88/23 1884/90/23 1883/91/23
f 1883/91/24 1884/90/24 1886/92/24 1885/93/24
f 1885/93/17 1886/92/17 1888/94/17 1887/95/17
f 1887/95/18 1888/94/18 1890/96/18 1889/97/18
f 1889/97/19 1890/96/19 1892/98/19 1891/99/19
f 1891/99/20 1892/98/20 1878/100/20 1877/101/20
f 1893/84/21 1894/85/21 1896/86/21 1895/87/21
f 1895/87/22 1896/86/22 1898/88/22 1897/89/22
f 1897/89/23 1898/88/23 1900/90/23 1899/91/23
f 1899/91/24 1900/90/24 1902/92/24 1901/93/24
f 1901/93/17 1902/92/17 1904/94/17 1903/95/17
f 1903/95/18 1904/94/18 1906/96/18 1905/97/18
f 1905/97/19 1906/96/19 1908/98/19 1907/99/19
f 1907/99/20 1908/98/20 1894/100/20 1893/101/20
f 1937/102/107 1942/103/107 1915/104/107 1913/105/107
f 1942/103/142 1962/106/142 1915/104/142
f 1966/107/105 1963/108/105 1935/109/105 1917/110/105
f 1961/111/8 1940/112/8 1964/113/8 1968/114/8
f 1963/108/141 1965/115/141 1935/109/141
f 1938/116/153 1940/112/153 1937/102/153
f 1961/111/138 1962/106/138 1942/103/138
f 1921/117/154 1912/118/154 1930/119/154 1933/120/154
f 1910/121/3 1909/122/3 1927/123/3 1928/124/3
f 1914/125/112 1921/117/112 1933/120/112 1931/126/112
f 1909/127/155 1914/125/155 1931/126/155 1927/128/155
f 1923/129/114 1918/130/114 1932/131/114 1934/132/114
f 1911/133/156 1923/129/156 1934/132/156 1929/134/156
f 1912/135/2 1911/136/2 1929/137/2 1930/138/2
f 1918/130/157 1910/139/157 1928/140/157 1932/131/157
f 1776/141/158 1780/142/158 1926/76/158 1911/75/158
f 1945/143/159 1947/69/159 1914/70/159 1909/144/159
f 1926/74/1 1952/73/1 1918/145/1 1923/146/1
f 1951/147/160 1943/57/160 1910/60/160 1918/145/160
f 1779/148/161 1775/149/161 1912/62/161 1925/61/161
f 1774/150/42 1773/151/42 1946/152/42 1944/153/42
f 1775/149/41 1776/141/41 1911/75/41 1912/62/41
f 1932/154/126 1928/155/126 1922/156/126 1936/157/126
f 1933/158/124 1930/159/124 1919/160/124 1939/161/124
f 1928/162/3 1927/163/3 1924/164/3 1922/165/3
f 1931/166/123 1933/158/123 1939/161/123 1916/167/123
f 1927/168/122 1931/166/122 1916/167/122 1924/169/122
f 1934/170/125 1932/154/125 1936/157/125 1941/171/125
f 1929/172/121 1934/170/121 1941/171/121 1920/173/121
f 1930/174/2 1929/175/2 1920/176/2 1919/177/2
f 1922/178/3 1924/179/3 1957/180/3 1956/181/3
f 1916/182/127 1939/183/127 1959/184/127 1953/185/127
f 1924/186/132 1916/182/132 1953/185/132 1957/187/132
f 1941/188/129 1936/189/129 1958/190/129 1960/191/129
f 1920/192/131 1941/188/131 1960/191/131 1955/193/131
f 1936/189/130 1922/194/130 1956/195/130 1958/190/130
f 1939/183/128 1919/196/128 1954/197/128 1959/184/128
f 1919/198/2 1920/199/2 1955/200/2 1954/201/2
f 1947/69/6 1948/66/6 1949/68/6
f 1950/202/1 1951/147/1 1952/73/1
f 1947/69/162 1945/143/162 1946/67/162 1948/66/162
f 1945/58/163 1943/57/163 1944/153/163 1946/152/163
f 1943/57/164 1951/147/164 1950/202/164 1944/153/164
f 1778/72/165 1774/150/165 1944/153/165 1950/202/165
f 1952/73/1 1778/72/1 1950/202/1
f 1918/145/1 1952/73/1 1951/147/1
f 1949/68/6 1777/65/6 1779/203/6 1925/204/6
f 1914/70/6 1949/68/6 1925/204/6 1921/205/6
f 1954/206/2 1955/207/2 1917/208/2 1935/209/2
f 1958/210/62 1956/211/62 1915/212/62 1962/213/62
f 1959/214/61 1954/215/61 1935/216/61 1965/217/61
f 1956/211/3 1957/218/3 1913/219/3 1915/212/3
f 1953/220/6 1959/214/6 1965/217/6 1938/221/6
f 1957/222/60 1953/220/60 1938/221/60 1913/223/60
f 1960/224/1 1958/222/1 1962/225/1 1967/226/1
f 1955/227/59 1960/224/59 1967/226/59 1917/228/59
f 1964/113/145 1965/115/145 1963/108/145
f 1967/229/110 1968/114/110 1966/107/110
f 1964/113/70 1940/112/70 1938/116/70 1965/115/70
f 1961/111/12 1968/114/12 1967/229/12 1962/106/12
f 1942/103/140 1937/102/140 1940/112/140 1961/111/140
f 1963/108/139 1966/107/139 1968/114/139 1964/113/139
f 1913/105/108 1938/116/108 1937/102/108
f 1917/110/106 1967/229/106 1966/107/106
f 1969/84/21 1970/85/21 1972/86/21 1971/87/21
f 1971/87/22 1972/86/22 1974/88/22 1973/89/22
f 1973/89/23 1974/88/23 1976/90/23 1975/91/23
f 1975/91/24 1976/90/24 1978/92/24 1977/93/24
f 1977/93/17 1978/92/17 1980/94/17 1979/95/17
f 1979/95/18 1980/94/18 1982/96/18 1981/97/18
f 1981/97/19 1982/96/19 1984/98/19 1983/99/19
f 1983/99/20 1984/98/20 1970/100/20 1969/101/20
f 1986/99/20 1985/98/20 1999/100/20 2000/101/20
f 1988/97/19 1987/96/19 1985/98/19 1986/99/19
f 1990/95/18 1989/94/18 1987/96/18 1988/97/18
f 1992/93/17 1991/92/17 1989/94/17 1990/95/17
f 1994/91/24 1993/90/24 1991/92/24 1992/93/24
f 1996/89/23 1995/88/23 1993/90/23 1994/91/23
f 1998/87/22 1997/86/22 1995/88/22 1996/89/22
f 2000/84/21 1999/85/21 1997/86/21 1998/87/21
f 2002/99/20 2001/98/20 2015/100/20 2016/101/20
f 2004/97/19 2003/96/19 2001/98/19 2002/99/19
f 2006/95/18 2005/94/18 2003/96/18 2004/97/18
f 2008/93/17 2007/92/17 2005/94/17 2006/95/17
f 2010/91/24 2009/90/24 2007/92/24 2008/93/24
f 2012/89/23 2011/88/23 2009/90/23 2010/91/23
f 2014/87/22 2013/86/22 2011/88/22 2012/89/22
f 2016/84/21 2015/85/21 2013/86/21 2014/87/21
f 2018/99/20 2017/98/20 2031/100/20 2032/101/20
f 2020/97/19 2019/96/19 2017/98/19 2018/99/19
f 2022/95/18 2021/94/18 2019/96/18 2020/97/18
f 2024/93/17 2023/92/17 2021/94/17 2022/95/17
f 2026/91/24 2025/90/24 2023/92/24 2024/93/24
f 2028/89/23 2027/88/23 2025/90/23 2026/91/23
f 2030/87/22 2029/86/22 2027/88/22 2028/89/22
f 2032/84/21 2031/85/21 2029/86/21 2030/87/21
f 2034/99/20 2033/98/20 2047/100/20 2048/101/20
f 2036/97/19 2035/96/19 2033/98/19 2034/99/19
f 2038/95/18 2037/94/18 2035/96/18 2036/97/18
f 2040/93/17 2039/92/17 2037/94/17 2038/95/17
f 2042/91/24 2041/90/24 2039/92/24 2040/93/24
f 2044/89/23 2043/88/23 2041/90/23 2042/91/23
f 2046/87/22 2045/86/22 2043/88/22 2044/89/22
f 2048/84/21 2047/85/21 2045/86/21 2046/87/21
f 2049/84/21 2050/85/21 2052/86/21 2051/87/21
f 2051/87/22 2052/86/22 2054/88/22 2053/89/22
f 2053/89/23 2054/88/23 2056/90/23 2055/91/23
f 2055/91/24 2056/90/24 2058/92/24 2057/93/24
f 2057/93/17 2058/92/17 2060/94/17 2059/95/17
f 2059/95/18 2060/94/18 2062/96/18 2061/97/18
f 2061/97/19 2062/96/19 2064/98/19 2063/99/19
f 2063/99/20 2064/98/20 2050/100/20 2049/101/20
f 2065/84/21 2066/85/21 2068/86/21 2067/87/21
f 2067/87/22 2068/86/22 2070/88/22 2069/89/22
f 2069/89/23 2070/88/23 2072/90/23 2071/91/23
f 2071/91/24 2072/90/24 2074/92/24 2073/93/24
f 2073/93/17 2074/92/17 2076/94/17 2075/95/17
f 2075/95/18 2076/94/18 2078/96/18 2077/97/18
f 2077/97/19 2078/96/19 2080/98/19 2079/99/19
f 2079/99/20 2080/98/20 2066/100/20 2065/101/20
f 2081/84/21 2082/85/21 2084/86/21 2083/87/21
f 2083/87/22 2084/86/22 2086/88/22 2085/89/22
f 2085/89/23 2086/88/23 2088/90/23 2087/91/23
f 2087/91/24 2088/90/24 2090/92/24 2089/93/24
f 2089/93/17 2090/92/17 2092/94/17 2091/95/17
f 2091/95/18 2092/94/18 2094/96/18 2093/97/18
f 2093/97/19 2094/96/19 2096/98/19 2095/99/19
f 2095/99/20 2096/98/20 2082/100/20 2081/101/20
f 1777/230/6 1579/231/6 1580/52/6 1779/51/6
f 1773/79/11 1574/78/11 1579/232/11 1777/233/11
f 1776/234/12 1573/235/12 1576/236/12 1780/237/12
f 1775/238/8 1577/239/8 1573/235/8 1776/234/8
f 2123/102/107 2128/103/107 2103/104/107 2101/105/107
f 2128/103/166 2138/106/166 2103/104/166
f 2142/107/105 2139/108/105 2121/109/105 2105/110/105
f 2137/111/8 2126/112/8 2140/113/8 2144/114/8
f 2139/108/167 2141/115/167 2121/109/167
f 2124/116/137 2126/112/137 2123/102/137
f 2137/111/138 2138/106/138 2128/103/138
f 2109/117/168 2100/118/168 2116/119/168 2119/120/168
f 2098/121/3 2097/122/3 2113/123/3 2114/124/3
f 2102/125/112 2109/117/112 2119/120/112 2117/126/112
f 2097/127/155 2102/125/155 2117/126/155 2113/128/155
f 2111/129/114 2106/130/114 2118/131/114 2120/132/114
f 2099/133/156 2111/129/156 2120/132/156 2115/134/156
f 2100/135/2 2099/136/2 2115/137/2 2116/138/2
f 2106/130/169 2098/139/169 2114/140/169 2118/131/169
f 2118/154/126 2114/155/126 2110/156/126 2122/157/126
f 2119/158/124 2116/159/124 2107/160/124 2125/161/124
f 2114/162/3 2113/163/3 2112/164/3 2110/165/3
f 2117/166/123 2119/158/123 2125/161/123 2104/167/123
f 2113/168/122 2117/166/122 2104/167/122 2112/169/122
f 2120/170/125 2118/154/125 2122/157/125 2127/171/125
f 2115/172/121 2120/170/121 2127/171/121 2108/173/121
f 2116/174/2 2115/175/2 2108/176/2 2107/177/2
f 2110/178/3 2112/179/3 2133/180/3 2132/181/3
f 2104/182/127 2125/183/127 2135/184/127 2129/185/127
f 2112/186/132 2104/182/132 2129/185/132 2133/187/132
f 2127/188/129 2122/189/129 2134/190/129 2136/191/129
f 2108/192/131 2127/188/131 2136/191/131 2131/193/131
f 2122/189/130 2110/194/130 2132/195/130 2134/190/130
f 2125/183/128 2107/196/128 2130/197/128 2135/184/128
f 2107/198/2 2108/199/2 2131/200/2 2130/201/2
f 2130/206/2 2131/207/2 2105/208/2 2121/209/2
f 2134/210/62 2132/211/62 2103/212/62 2138/213/62
f 2135/214/61 2130/215/61 2121/216/61 2141/217/61
f 2132/211/3 2133/218/3 2101/219/3 2103/212/3
f 2129/220/6 2135/214/6 2141/217/6 2124/221/6
f 2133/222/60 2129/220/60 2124/221/60 2101/223/60
f 2136/224/1 2134/222/1 2138/225/1 2143/226/1
f 2131/227/59 2136/224/59 2143/226/59 2105/228/59
f 2140/113/145 2141/115/145 2139/108/145
f 2143/229/110 2144/114/110 2142/107/110
f 2140/113/70 2126/112/70 2124/116/70 2141/115/70
f 2137/111/12 2144/114/12 2143/229/12 2138/106/12
f 2128/103/170 2123/102/170 2126/112/170 2137/111/170
f 2139/108/139 2142/107/139 2144/114/139 2140/113/139
f 2101/105/108 2124/116/108 2123/102/108
f 2105/110/106 2143/229/106 2142/107/106
f 2145/84/21 2146/85/21 2148/86/21 2147/87/21
f 2147/87/22 2148/86/22 2150/88/22 2149/89/22
f 2149/89/23 2150/88/23 2152/90/23 2151/91/23
f 2151/91/24 2152/90/24 2154/92/24 2153/93/24
f 2153/93/17 2154/92/17 2156/94/17 2155/95/17
f 2155/95/18 2156/94/18 2158/96/18 2157/97/18
f 2157/97/19 2158/96/19 2160/98/19 2159/99/19
f 2159/99/20 2160/98/20 2146/100/20 2145/101/20
f 2162/99/20 2161/98/20 2175/100/20 2176/101/20
f 2164/97/19 2163/96/19 2161/98/19 2162/99/19
f 2166/95/18 2165/94/18 2163/96/18 2164/97/18
f 2168/93/17 2167/92/17 2165/94/17 2166/95/17
f 2170/91/24 2169/90/24 2167/92/24 2168/93/24
f 2172/89/23 2171/88/23 2169/90/23 2170/91/23
f 2174/87/22 2173/86/22 2171/88/22 2172/89/22
f 2176/84/21 2175/85/21 2173/86/21 2174/87/21
f 2178/99/20 2177/98/20 2191/100/20 2192/101/20
f 2180/97/19 2179/96/19 2177/98/19 2178/99/19
f 2182/95/18 2181/94/18 2179/96/18 2180/97/18
f 2184/93/17 2183/92/17 2181/94/17 2182/95/17
f 2186/91/24 2185/90/24 2183/92/24 2184/93/24
f 2188/89/23 2187/88/23 2185/90/23 2186/91/23
f 2190/87/22 2189/86/22 2187/88/22 2188/89/22
f 2192/84/21 2191/85/21 2189/86/21 2190/87/21
f 2194/99/20 2193/98/20 2207/100/20 2208/101/20
f 2196/97/19 2195/96/19 2193/98/19 2194/99/19
f 2198/95/18 2197/94/18 2195/96/18 2196/97/18
f 2200/93/17 2199/92/17 2197/94/17 2198/95/17
f 2202/91/24 2201/90/24 2199/92/24 2200/93/24
f 2204/89/23 2203/88/23 2201/90/23 2202/91/23
f 2206/87/22 2205/86/22 2203/88/22 2204/89/22
f 2208/84/21 2207/85/21 2205/86/21 2206/87/21
f 2210/99/20 2209/98/20 2223/100/20 2224/101/20
f 2212/97/19 2211/96/19 2209/98/19 2210/99/19
f 2214/95/18 2213/94/18 2211/96/18 2212/97/18
f 2216/93/17 2215/92/17 2213/94/17 2214/95/17
f 2218/91/24 2217/90/24 2215/92/24 2216/93/24
f 2220/89/23 2219/88/23 2217/90/23 2218/91/23
f 2222/87/22 2221/86/22 2219/88/22 2220/89/22
f 2224/84/21 2223/85/21 2221/86/21 2222/87/21
f 2225/84/21 2226/85/21 2228/86/21 2227/87/21
f 2227/87/22 2228/86/22 2230/88/22 2229/89/22
f 2229/89/23 2230/88/23 2232/90/23 2231/91/23
f 2231/91/24 2232/90/24 2234/92/24 2233/93/24
f 2233/93/17 2234/92/17 2236/94/17 2235/95/17
f 2235/95/18 2236/94/18 2238/96/18 2237/97/18
f 2237/97/19 2238/96/19 2240/98/19 2239/99/19
f 2239/99/20 2240/98/20 2226/100/20 2225/101/20
f 2241/84/21 2242/85/21 2244/86/21 2243/87/21
f 2243/87/22 2244/86/22 2246/88/22 2245/89/22
f 2245/89/23 2246/88/23 2248/90/23 2247/91/23
f 2247/91/24 2248/90/24 2250/92/24 2249/93/24
f 2249/93/17 2250/92/17 2252/94/17 2251/95/17
f 2251/95/18 2252/94/18 2254/96/18 2253/97/18
f 2253/97/19 2254/96/19 2256/98/19 2255/99/19
f 2255/99/20 2256/98/20 2242/100/20 2241/101/20
f 2099/136/2 2100/135/2 1204/135/2 1203/136/2
f 2257/84/21 2258/85/21 2260/86/21 2259/87/21
f 2259/87/22 2260/86/22 2262/88/22 2261/89/22
f 2261/89/23 2262/88/23 2264/90/23 2263/91/23
f 2263/91/24 2264/90/24 2266/92/24 2265/93/24
f 2265/93/17 2266/92/17 2268/94/17 2267/95/17
f 2267/95/18 2268/94/18 2270/96/18 2269/97/18
f 2269/97/19 2270/96/19 2272/98/19 2271/99/19
f 2271/99/20 2272/98/20 2258/100/20 2257/101/20
f 2273/84/21 2274/85/21 2276/86/21 2275/87/21
f 2275/87/22 2276/86/22 2278/88/22 2277/89/22
f 2277/89/23 2278/88/23 2280/90/23 2279/91/23
f 2279/91/24 2280/90/24 2282/92/24 2281/93/24
f 2281/93/17 2282/92/17 2284/94/17 2283/95/17
f 2283/95/18 2284/94/18 2286/96/18 2285/97/18
f 2285/97/19 2286/96/19 2288/98/19 2287/99/19
f 2287/99/20 2288/98/20 2274/100/20 2273/101/20
f 2097/122/3 2098/121/3 1248/121/3 1246/122/3
f 2102/125/60 2097/127/60 1246/127/60 1245/125/60
f 2109/117/6 2102/125/6 1245/125/6 1247/117/6
f 2098/139/62 2106/130/62 1244/130/62 1248/139/62
f 2106/130/1 2111/129/1 1243/240/1 1244/130/1
f 2100/118/61 2109/117/61 1247/117/61 1204/118/61
f 2111/129/59 2099/133/59 1203/133/59 1243/240/59
f 1581/122/2 1240/122/2 1242/121/2 1582/121/2
f 1586/125/61 1239/125/61 1240/127/61 1581/127/61
f 1593/117/6 1241/117/6 1239/125/6 1586/125/6
f 1582/139/59 1242/139/59 1238/130/59 1590/130/59
f 1590/130/1 1238/130/1 1237/240/1 1595/129/1
f 1584/118/60 686/118/60 1241/117/60 1593/117/60
f 1595/129/62 1237/240/62 685/133/62 1583/133/62
